;;;;;;;;;;;;;;;;;;x;;;;;;;;;;;;;;;;;;;;;;x;
concede_finland_title;Integrate Finland;;;;;;;;;;;;;x;;;;;;;;;;;;;;;;;;;;;;;;;;;
concede_finland_desc;Finland has been autonomous since the conclusion of the eastern conquests, but now with increased ease of administration we can finally reintegrate the duchy into Sweden proper.;;;;;;;;;;;;;x;;;;;;;;;;;;;;;;;;;;;;;;;;;
GC_NAME;The Northern Struggle;;;;;;;;;;;;;x;;;;;;;;;;;;;;;;;;;;;;;;;;;
GC_DESC;A concert of nations and empires, crumbling and rising, old and new, the sound of cries of joy and pain can be heard across from europe to andronica, from himilconis to asia, the once proud lion of the north is dying, a cancer has taken root, a leg may need to be cut to prevent further infection, grudges and oaths are reinforced every day evermore, what a glorious time this is, a brand new world aproaches, one which will be ruled by either the Now or the Old, such is the struggle of man.;;;;;;;;;;;;;x;;;;;;;;;;;;;;;;;;;;;;;;;;;
zoroastrian_country;Zoroastrian Religion;;;;;;;;;;;;;;;;;;;;;;;;;;;;;;;;;;;;;;;;"	"
zoroastrian;Mazdayasna;;;;;;;;;;;;;;;;;;;;;;;;;;;;;;;;;;;;;;;;
manichaeism_country;Manichaeism Religion;;;;;;;;;;;;;;;;;;;;;;;;;;;;;;;;;;;;;;;;"	"
manichaeism;Manichaeism;;;;;;;;;;;;;;;;;;;;;;;;;;;;;;;;;;;;;;;;
nestorian_country;Syro-Oriental Religion;;;;;;;;;;;;;;;;;;;;;;;;;;;;;;;;;;;;;;;;
punic_church_country;Indictian Religion;;;;;;;;;;;;;;;;;;;;;;;;;;;;;;;;;;;;;;;;
punic_church;Indictian Church;;;;;;;;;;;;;;;;;;;;;;;;;;;;;;;;;;;;;;;;
colonial_company;Autonomous Dependency;;;;;;;;;;;;x
colonial_company_ruler;Governor;;;;;;;;;;;;x
autonomous_dependency;Autonomous Dependency;;;;;;;;;;;;;;;;;;;;;;;;;;;;;;;;;;;;;;;;
autonomous_dependency_ruler;Governor;;;;;;;;;;;;;;;;;;;;;;;;;;;;;;;;;;;;;;;;
lotharingian_duchy;Grand Duchy;;;;;;;;;;;;;;;;;;;;;;;;;;;;;;;;;;;;;;;;
lotharingian_duchy_ruler;Duke;;;;;;;;;;;;;;;;;;;;;;;;;;;;;;;;;;;;;;;;
orthodox;Eastern Catholic;;;;;;;;;;;;;;;;;;;;;;;;x;;;;;;;;;;;;;;;;
coptic;Oriental Orthodox;;;;;;;;;;;;;;;;;;;;;;;;x;;;;;;;;;;;;;;;;
syriac;Oriental Catholic;;;;;;;;;;;;;;;;;;;;;;;;x;;;;;;;;;;;;;;;;
nestorian;Syro-Oriental;;;;;;;;;;;;;;;;;;;;;;;;x;;;;;;;;;;;;;;;;
syriac_country;Oriental Catholic Country;;;;;;;;;;;;;;;;;;;;;;;;;;;;;;;;;;;;;;;;
french_bourbon;Absolute Monarchy;;;;;;;;;;;;;x;;;;;;;;;;;;;;;;;;;;;;;;;;;
;;;;;;x;;;;;;;;;;;;;;;;;;;;;;;;;;;;;;;;;;;
pontic_caucasian;Pontic Caucasian;;;;;;;;;;;;;;;;;;;;;;;;x;;;;;;;;;;;;;;;;
new_roman;Selbapunic;;;;;;;;;;;;;;;;;;;;;;;;x;;;;;;;;;;;;;;;;
british;Aenglisc;;;;;;;;;;;;x;;;;;;;;;;;;;;;;;;;;;;;;;;;;
laz;Laz;;;;;;;;;;;;x;;;;;;;;;;;;;;;;;;;;;;;;;;;;
megrelian;Megrelian;;;;;;;;;;;;x;;;;;;;;;;;;;;;;;;;;;;;;;;;;
svan;Svan;;;;;;;;;;;;x;;;;;;;;;;;;;;;;;;;;;;;;;;;;
abkhaz;Abkhaz;;;;;;;;;;;;x;;;;;;;;;;;;;;;;;;;;;;;;;;;;
abaza;Abaza;;;;;;;;;;;x;;;;;;;;;;;;;;;;;;;;;;;;;;;;;
ubykh;Ubykh;;;;;;;;;;;;x;;;;;;;;;;;;;;;;;;;;;;;;;;;;
circassian;Adyghe;;;;;;;;;;;;x;;;;;;;;;;;;;;;;;;;;;;;;;;;;
kabardian;Kabardian;;;;;;;;;;;;x;;;;;;;;;;;;;;;;;;;;;;;;;;;;
ingush;Ingush;;;;;;;;;;;;x;;;;;;;;;;;;;;;;;;;;;;;;;;;;
avar;Avar;;;;;;;;;;;;x;;;;;;;;;;;;;;;;;;;;;;;;;;;;
dargin;Dargin;;;;;;;;;;;;x;;;;;;;;;;;;;;;;;;;;;;;;;;;;
andi_didoic;Andi-Didoic;;;;;;;;;;;;x;;;;;;;;;;;;;;;;;;;;;;;;;;;;
lezgic;Lez;;;;;;;;;;;;x;;;;;;;;;;;;;;;;;;;;;;;;;;;;
chaharmahali;Chaharmahali;;;;;;;;;;;;;;;;;;;;;;;;x;;;;;;;;;;;;;;;;
tsezic;Tsezic;;;;;;;;;;;;;;;;;;;;;;;;x;;;;;;;;;;;;;;;;
andi;Andi;;;;;;;;;;;;;;;;;;;;;;;;x;;;;;;;;;;;;;;;;
khinalug;Khinalug;;;;;;;;;;;;;;;;;;;;;;;;x;;;;;;;;;;;;;;;;
budukh_kryts;Budukh-Kryts;;;;;;;;;;;;;;;;;;;;;;;;x;;;;;;;;;;;;;;;;
tat;Tat;;;;;;;;;;;;x;;;;;;;;;;;;;;;;;;;;;;;;;;;;
alvuanian;Alvuanian;;;;;;;;;;;;x;;;;;;;;;;;;;;;;;;;;;;;;;;;;
kivruli;Kivruli;;;;;;;;;;;;x;;;;;;;;;;;;;;;;;;;;;;;;;;;;
rutul;Rutul;;;;;;;;;;;;;;;;;;;;;;;;x;;;;;;;;;;;;;;;;
tsakhur;Tsakhur;;;;;;;;;;;;;;;;;;;;;;;;x;;;;;;;;;;;;;;;;
aghul;Aghul;;;;;;;;;;;;;;;;;;;;;;;;x;;;;;;;;;;;;;;;;
tabasaran;Tabasaran;;;;;;;;;;;;;;;;;;;;;;;;x;;;;;;;;;;;;;;;;
lak_cauc;Lak;;;;;;;;;;;;;;;;;;;;;;;;x;;;;;;;;;;;;;;;;
qara_kirgiz;Qara Kirghiz;;;;;;;;;;;;;;;;;;;;;;;;x;;;;;;;;;;;;;;;;
kirgiz;Kirghiz;;;;;;;;;;;;;;;;;;;;;;;;x;;;;;;;;;;;;;;;;
kumyk;Kumyk;;;;;;;;;;;;x;;;;;;;;;;;;;;;;;;;;;;;;;;;;
albanian;Gheg;;;;;;;;;;;;x;;;;;;;;;;;;;;;;;;;;;;;;;;;;
tosk;Tosk;;;;;;;;;;;;x;;;;;;;;;;;;;;;;;;;;;;;;;;;;
vandalic;Wandalsshe;;;;;;;;;;;;x;;;;;;;;;;;;;;;;;;;;;;;;;;;;
frisian;Frysk;;;;;;;;;;;;x;;;;;;;;;;;;;;;;;;;;;;;;;;;;
afro_frankish;Afro-Frankish;Afro-Frankish;Afro-Frankish;;;;;;;;;;;;;;;;;;;;;;;;;;;;;;;;;;;;;;
dutch;Lower Frankish;;;;;;;;;;;;x;;;;;;;;;;;;;;;;;;;;;;;;;;;;
frankish;Frankish;;;;;;;;;;;;x;;;;;;;;;;;;;;;;;;;;;;;;;;;;
czech;Romanian;;;;;;;;;;;;x;;;;;;;;;;;;;;;;;;;;;;;;;;;;
batavian_frankish;Batavian Frankish;;;;;;;;;;;;x;;;;;;;;;;;;;;;;;;;;;;;;;;;;
vinlander;Vinlander;;;;;;;;;;;;x;;;;;;;;;;;;;;;;;;;;;;;;;;;;
sjaellander;Ny SjÊllander;;;;;;;;;;;;x;;;;;;;;;;;;;;;;;;;;;;;;;;;;
karolean;Caroliner;;;;;;;;;;;;x;;;;;;;;;;;;;;;;;;;;;;;;;;;;
platinier;Platinisshe;;;;;;;;;;;;x;;;;;;;;;;;;;;;;;;;;;;;;;;;;
scythian;Alani;;;;;;;;;;;;x;;;;;;;;;;;;;;;;;;;;;;;;;;;;
iberian_scythian;Alanos;;;;;;;;;;;;x;;;;;;;;;;;;;;;;;;;;;;;;;;;;
iassic;Iasi;;;;;;;;;;;;x;;;;;;;;;;;;;;;;;;;;;;;;;;;;
japanese;Japanese;;;;;;;;;;;;;x;;;;;;;;;;;;;;;;;;;;;;;;;;;
japanese_creole;KongÙ;;;;;;;;;;;;;x;;;;;;;;;;;;;;;;;;;;;;;;;;;
taiwanese;Taiwanese Austronesian;;;;;;;;;;;;;x;;;;;;;;;;;;;;;;;;;;;;;;;;;
punic;Qarthageni;;;;;;;;;;;;x;;;;;;;;;;;;;;;;;;;;;;;;;;;;
lusitanian;Lusitano;;;;;;;;;;;;x;;;;;;;;;;;;;;;;;;;;;;;;;;;;
leonese;LeonÍs;;;;;;;;;;;;x;;;;;;;;;;;;;;;;;;;;;;;;;;;;
phoenecoberber;Tingait;;;;;;;;;;;;x;;;;;;;;;;;;;;;;;;;;;;;;;;;;
chaldean;Syriac-Aramean;;;;;;;;;;;;;;;;;;;;;;;;x;;;;;;;;;;;;;;;;
copt;Khemi;;;;;;;;;;;;;;;;;;;;;;;;x;;;;;;;;;;;;;;;;
mandaic;Mandaean;;;;;;;;;;;;;;;;;;;;;;;;x;;;;;;;;;;;;;;;;
pannonian;Slavonic;;;;;;;;;;;;x;;;;;;;;;;;;;;;;;;;;;;;;;;;;
eastern_germanic;Eastern Germanic;;;;;;;;;;;;;;;;;;;;;;;;x;;;;;;;;;;;;;;;;
scythian_group;Scythic;;;;;;;;;;;;;;;;;;;;;;;;x;;;;;;;;;;;;;;;;
beneluxian;Frankish Group;;;;;;;;;;;;;;;;;;;;;;;;x;;;;;;;;;;;;;;;;
semitic_group;Western Semitic;;;;;;;;;;;;;;;;;;;;;;;;x;;;;;;;;;;;;;;;;
arab_khorasani;Zangu'i Arabic;;;;;;;;;;;;x;;;;;;;;;;;;;;;;;;;;;;;;;;;;
romanian;Romanian;;;;;;;;;;;;;;;;;;;;;;;;x;;;;;;;;;;;;;;;;
aromanian;Aromanian;;;;;;;;;;;;;;;;;;;;;;;;x;;;;;;;;;;;;;;;;
hungarian;EsÎk-MogyÎr;;;;;;;;;;;;;;;;;;;;;;;;x ;;;;;;;;;;;;;;;;
south_hungarian;Del-MogyÎr;;;;;;;;;;;;;;;;;;;;;;;;x ;;;;;;;;;;;;;;;;
bulgarian;Bolgarian;;;;;;;;;;;;;;;;;;;;;;;;x ;;;;;;;;;;;;;;;;
russian;Rusyn;;;;;;;;;;;;;;;;;;;;;;;;x ;;;;;;;;;;;;;;;;
sorbian;Sorbian;;;;;;;;;;;;;;;;;;;;;;;;x ;;;;;;;;;;;;;;;;
silesian;Sileziani;;;;;;;;;;;;;;;;;;;;;;;;x ;;;;;;;;;;;;;;;;
pruski;Prusai;;;;;;;;;;;;;;;;;;;;;;;;x ;;;;;;;;;;;;;;;;
novgorodian;Novgorodian;;;;;;;;;;;;;;;;;;;;;;;;x ;;;;;;;;;;;;;;;;
judeo_iranian;Judeo-Iranian;;;;;;;;;;;;;;;;;;;;;;;;x ;;;;;;;;;;;;;;;;
boer;Midgardian;;;;;;;;;;;;;;;;;;;;;;;;x ;;;;;;;;;;;;;;;;
african_romance;Afri-Romanni;;;;;;;;;;;;;;;;;;;;;;;;x ;;;;;;;;;;;;;;;;
persian;Farsi;;;;;;;;;;;;;;;;;;;;;;;;x ;;;;;;;;;;;;;;;;
khorasani_persian;Pamiri;;;;;;;;;;;;;;;;;;;;;;;;x;;;;;;;;;;;;;;;;
new_frankish;Batavian;;;;;;;;;;;;;;;;;;;;;;;;x ;;;;;;;;;;;;;;;;
norn;Norn;;;;;;;;;;;;;x;;;;;;;;;;;;;;;;;;;;;;;;;;;
dalmatian;Dalmato;;;;;;;;;;;;;x;;;;;;;;;;;;;;;;;;;;;;;;;;;
venetian;VËneto;;;;;;;;;;;;;x;;;;;;;;;;;;;;;;;;;;;;;;;;;
hindi;Hindustani;;;;;;;;;;;;;x;;;;;;;;;;;;;;;;;;;;;;;;;;;
jin;Jin;;;;;;;;;;;;x;;;;;;;;;;;;;;;;;;;;;;;;;;;;
xiang;Xiang;;;;;;;;;;;;x;;;;;;;;;;;;;;;;;;;;;;;;;;;;
gondi;Gondi;;;;;;;;;;;;x;;;;;;;;;;;;;;;;;;;;;;;;;;;;
munda;Munda;;;;;;;;;;;;x;;;;;;;;;;;;;;;;;;;;;;;;;;;;
khasi;Khasi;;;;;;;;;;;;x;;;;;;;;;;;;;;;;;;;;;;;;;;;;
mon;Mon;;;;;;;;;;;;x;;;;;;;;;;;;;;;;;;;;;;;;;;;;
lavonic;Lavo;;;;;;;;;;;;x;;;;;;;;;;;;;;;;;;;;;;;;;;;;
pear;Pearic;;;;;;;;;;;;x;;;;;;;;;;;;;;;;;;;;;;;;;;;;
bahnar;Bahnaric;;;;;;;;;;;;x;;;;;;;;;;;;;;;;;;;;;;;;;;;;
katu;Katuic;;;;;;;;;;;;x;;;;;;;;;;;;;;;;;;;;;;;;;;;;
khmu;Khmuic;;;;;;;;;;;;x;;;;;;;;;;;;;;;;;;;;;;;;;;;;
lawa;Lawa;;;;;;;;;;;;x;;;;;;;;;;;;;;;;;;;;;;;;;;;;
hmong;Hmong;;;;;;;;;;;;x;;;;;;;;;;;;;;;;;;;;;;;;;;;;
mien;Mien;;;;;;;;;;;;x;;;;;;;;;;;;;;;;;;;;;;;;;;;;
tai;Tai;;;;;;;;;;;;x;;;;;;;;;;;;;;;;;;;;;;;;;;;;
lue;Lue;;;;;;;;;;;;x;;;;;;;;;;;;;;;;;;;;;;;;;;;;
gan;Gann;;;;;;;;;;;;x;;;;;;;;;;;;;;;;;;;;;;;;;;;;
beifaren;Mandarin;;;;;;;;;;;;x;;;;;;;;;;;;;;;;;;;;;;;;;;;;
wu;Wu;;;;;;;;;;;;x;;;;;;;;;;;;;;;;;;;;;;;;;;;;
daur;Dagur;;;;;;;;;;;;x;;;;;;;;;;;;;;;;;;;;;;;;;;;;
even;Lamut;;;;;;;;;;;;x;;;;;;;;;;;;;;;;;;;;;;;;;;;;
yukaghir;Yukaghir;;;;;;;;;;;;x;;;;;;;;;;;;;;;;;;;;;;;;;;;;
chukotkan;Chukotkan;;;;;;;;;;;;x;;;;;;;;;;;;;;;;;;;;;;;;;;;;
kamchatkan;Kamchatkan;;;;;;;;;;;;x;;;;;;;;;;;;;;;;;;;;;;;;;;;;
nganasan;Nganasan;;;;;;;;;;;;x;;;;;;;;;;;;;;;;;;;;;;;;;;;;
dolgan;Dolgan;;;;;;;;;;;;x;;;;;;;;;;;;;;;;;;;;;;;;;;;;
yeniseic;Yeniseic;;;;;;;;;;;;x;;;;;;;;;;;;;;;;;;;;;;;;;;;;
u_tsang;‹-Tsang;;;;;;;;;;;;x;;;;;;;;;;;;;;;;;;;;;;;;;;;;
amdo;Amdo;;;;;;;;;;;;x;;;;;;;;;;;;;;;;;;;;;;;;;;;;
kham;Kham;;;;;;;;;;;;x;;;;;;;;;;;;;;;;;;;;;;;;;;;;
kuki_chin;Kuki-Chin;;;;;;;;;;;;x;;;;;;;;;;;;;;;;;;;;;;;;;;;;
champa;Champa;;;;;;;;;;;;x;;;;;;;;;;;;;;;;;;;;;;;;;;;;
rungic;Rungic;;;;;;;;;;;;x;;;;;;;;;;;;;;;;;;;;;;;;;;;;
boro_garo;Boro-Garo;;;;;;;;;;;;x;;;;;;;;;;;;;;;;;;;;;;;;;;;;
dayak;Dayak;;;;;;;;;;;;x;;;;;;;;;;;;;;;;;;;;;;;;;;;;
aslian;Aslian;;;;;;;;;;;;x;;;;;;;;;;;;;;;;;;;;;;;;;;;;
kurukh;Kurukh;;;;;;;;;;;;;;;;;;;;;;;;x;;;;;;;;;;;;;;;;
dravidian;Dravidian;;;;;;;;;;;;;;;;;;;;;;;;x;;;;;;;;;;;;;;;;
tani;Tani;;;;;;;;;;;;;;;;;;;;;;;;x;;;;;;;;;;;;;;;;
quiangic;Quiangic;;;;;;;;;;;;;;;;;;;;;;;;x;;;;;;;;;;;;;;;;
eastern_tibeto_burman;Eastern Tibeto Burman;;;;;;;;;;;;;;;;;;;;;;;;x;;;;;;;;;;;;;;;;
naga;Naga;;;;;;;;;;;;;;;;;;;;;;;;x;;;;;;;;;;;;;;;;
kamarupan;Kamarupan;;;;;;;;;;;;;;;;;;;;;;;;x;;;;;;;;;;;;;;;;
dzongkha;Dzonghka;;;;;;;;;;;;;;;;;;;;;;;;x;;;;;;;;;;;;;;;;
tibetic;Tibetic;;;;;;;;;;;;;;;;;;;;;;;;x;;;;;;;;;;;;;;;;
burushaskic;Burushaskic;;;;;;;;;;;;;;;;;;;;;;;;x;;;;;;;;;;;;;;;;
tungusic;Tungusic;;;;;;;;;;;;;;;;;;;;;;;;x;;;;;;;;;;;;;;;;
rohingya;Rohingya;;;;;;;;;;;;;;;;;;;;;;;;x;;;;;;;;;;;;;;;;
indo_aryan;Indo Aryan;;;;;;;;;;;;;;;;;;;;;;;;x;;;;;;;;;;;;;;;;
kafiri;Kafiri;;;;;;;;;;;;;;;;;;;;;;;;x;;;;;;;;;;;;;;;;
ethiosemitic;Ethiosemitic;;;;;;;;;;;;;;;;;;;;;;;;x;;;;;;;;;;;;;;;;
ukrainian;Severian;;;;;;;;;;;;;;;;;;;;;;;;x;;;;;;;;;;;;;;;;
byelorussian;Bolkanian;;;;;;;;;;;;;;;;;;;;;;;;x;;;;;;;;;;;;;;;;
turkish;T¸rgesh;;;;;;;;;;;;;;;;;;;;;;;;x;;;;;;;;;;;;;;;;
median;Medes;;;;;;;;;;;;;;;;;;;;;;;;x;;;;;;;;;;;;;;;;
lurish;Lurish;;;;;;;;;;;;;;;;;;;;;;;;x;;;;;;;;;;;;;;;;
hormuzi;Hormuzi;;;;;;;;;;;;;;;;;;;;;;;;x;;;;;;;;;;;;;;;;
khitan;Qid˙n;;;;;;;;;;;;;;;;;;;;;;;;x;;;;;;;;;;;;;;;;
caspian;Caspian;;;;;;;;;;;;;;;;;;;;;;;;x;;;;;;;;;;;;;;;;
;;;;;;x;;;;;;;;;;;;;;;;;;;;;;;;;;;;;;;;;;;
D01;$REGION$;;Das Kˆnigreich von $REGION$;;;;;;;;x;;;;;,
D01_ADJ;$REGION$;;kˆnigstreu;;;;;;;;x;;;;;,
D02;The Confederation of $REGION$;;Die Konfˆderation von $REGION$;;;;;;;;x;;;;;,
D02_ADJ;$REGION$;;konfˆderiert;;;;;;;;x;;;;;,
D03;Commonwealth of $REGION$;;Commonwealth von $REGION$;;;;;;;;x;;;;;,
D03_ADJ;Commonwealth;;Commonwealth-;;;;;;;;x;;;;;,
D04;$REGION$;;Die Republik von $REGION$;;;;;;;;x;;;;;,
D04_ADJ;$REGION$;;republikanisch;;;;;;;;x;;;;;,
D05;$REGION$ Free State;;Der $REGION$-Staat;;;;;;;;x;;;;;,
D05_ADJ;$REGION$;;staatlich;;;;;;;;x;;;;;,
D06;$REGION$;;Die Volksrepublik von $REGION$;;;;;;;;x;;;;;,
D06_ADJ;$REGION$;;republikanisch;;;;;;;;x;;;;;,
D07;The Free State of $REGION$;;Der Freistaat von $REGION$;;;;;;;;x;;;;;,
D07_ADJ;$REGION$;;freistaatlich;;;;;;;;x;;;;;,
D08;$REGION$;;Der Groﬂstaat von $REGION$;;;;;;;;x;;;;;,
D08_ADJ;$REGION$;;groﬂstaatlich;;;;;;;;x;;;;;,
D09;$REGION$;;Der Staat von $REGION$;;;;;;;;x;;;;;,
D09_ADJ;$REGION$;;staatlich;;;;;;;;x;;;;;,
D10;$REGION$;;Das F¸rstentum von $REGION$;;;;;;;;x;;;;;,
D10_ADJ;$REGION$;;f¸rstlich;;;;;;;;x;;;;;,
D11;$REGION$;;Die Demokratische Republik von $REGION$;;;;;;;;x;;;;;,
D11_ADJ;$REGION$;;depublikanisch;;;;;;;;x;;;;;,
D12;The $REGION$ Union;;Die $REGION$-Union;;;;;;;;x;;;;;,
D12_ADJ;$REGION$;;Unions-;;;;;;;;x;;;;;,
D13;$REGION$;;Das $REGION$-Kˆnigreich;;;;;;;;x;;;;;,
D13_ADJ;$REGION$;;kˆnigstreu;;;;;;;;x;;;;;,
D14;The Dominion of $REGION$;;Das Dominion von $REGION$;;;;;;;;x;;;;;,
D14_ADJ;Dominion;;Dominions-;;;;;;;;x;;;;;,
D15;$REGION$;;Das Groﬂherzogtum von $REGION$;;;;;;;;x;;;;;,
D15_ADJ;$REGION$;;groﬂherzogstreu;;;;;;;;x;;;;;,
D16;The $REGION$ Commonwealth;;Die $REGION$-Nation;;;;;;;;x;;;;;,
D16_ADJ;$REGION$;;national;;;;;;;;x;;;;;,
D17;The $REGION$ Federation;;Die $REGION$-Fˆderation;;;;;;;;x;;;;;,
D17_ADJ;$REGION$;;Fˆderations-;;;;;;;;x;;;;;,
D18;The United States of $REGION$;;Die Vereinigten Staaten von $REGION$;;;;;;;;x;;;;;,
D18_ADJ;$REGION$;;Unions-;;;;;;;;x;;;;;,
D19;The Union of $REGION$;;Die Demokratische Union von $REGION$;;;;;;;;x;;;;;,
D19_ADJ;$REGION$;;Unions-;;;;;;;;x;;;;;,
D20;$REGION$;;Das F¸rstentum von $REGION$;;;;;;;;x;;;;;,
D20_ADJ;$REGION$;;f¸rstlich;;;;;;;;x;;;;;,
D21;$REGION$;;Die Union von $REGION$;;;;;;;;x;;;;;,
D21_ADJ;$REGION$;;Unions-;;;;;;;;x;;;;;,
D22;$REGION$;;Die Demokratische Volksrepublik von $REGION$;;;;;;;;x;;;;;,
D22_ADJ;$REGION$;;demokratisch-republikanisch;;;;;;;;x;;;;;,
D23;$REGION$;;Das $REGION$-Gebiet;;;;;;;;x;;;;;,
D23_ADJ;$REGION$;;ortsans‰ssig;;;;;;;;x;;;;;,
D24;$REGION$;;Die Glorreiche Union von $REGION$;;;;;;;;x;;;;;,
D24_ADJ;$REGION$;;glorreich;;;;;;;;x;;;;;,
D25;$REGION$;;Das m‰chtige Gebiet von $REGION$;;;;;;;;x;;;;;,
D25_ADJ;$REGION$;;m‰chtig;;;;;;;;x;;;;;,
D26;The $REGION$ Free State;;Der $REGION$-Freistaat;;;;;;;;x;;;;;,
D26_ADJ;$REGION$;;freistaatlich;;;;;;;;x;;;;;,
D27;The $REGION$ Commonwealth;;$REGION$-Commonwealth;;;;;;;;x;;;;;,
D27_ADJ;Commonwealth;;Commonwealth-;;;;;;;;x;;;;;,
D28;The $REGION$ Confederacy;;Die $REGION$-Konfˆderation;;;;;;;;x;;;;;,
D28_ADJ;Confederate;;konfˆderiert;;;;;;;;x;;;;;,
D29;$REGION$;;Das Freie Volk von $REGION$;;;;;;;;x;;;;;,
D29_ADJ;$REGION$;;frei;;;;;;;;x;;;;;,
D30;$REGION$;;Die $REGION$-Republik;;;;;;;;x;;;;;,
D30_ADJ;$REGION$;;republikanisch;;;;;;;;x;;;;;,
D31;$REGION$;;Die Heilige Union von $REGION$;;;;;;;;x;;;;;,
D31_ADJ;$REGION$;;zelotisch;;;;;;;;x;;;;;,
D32;Union of $REGION$;;Die Volks-Union von $REGION$;;;;;;;;x;;;;;,
D32_ADJ;$REGION$;;Unions-;;;;;;;;x;;;;;,
D33;$REGION$ Federation;;Die Fˆderationsstaaten von $REGION$;;;;;;;;x;;;;;,
D33_ADJ;Federation;;Fˆderations-;;;;;;;;x;;;;;,
D34;$REGION$;;Der $REGION$-Fˆderationsstaat;;;;;;;;x;;;;;,
D34_ADJ;$REGION$;;Fˆderations-;;;;;;;;x;;;;;,
D35;The $REGION$ Confederation;;Die $REGION$-Konfˆderation;;;;;;;;x;;;;;,
D35_ADJ;$REGION$;;konfˆderiert;;;;;;;;x;;;;;,
D36;The $REGION$ Federation;;Die $REGION$-Fˆderation;;;;;;;;x;;;;;,
D36_ADJ;$REGION$;;Fˆderations-;;;;;;;;x;;;;;,
D37;The $REGION$ Union;;Die Fromme Union von $REGION$;;;;;;;;x;;;;;,
D37_ADJ;$REGION$;;fromm;;;;;;;;x;;;;;,
D38;$REGION$;;$REGION$-Land;;;;;;;;x;;;;;,
D38_ADJ;$REGION$;;Landes-;;;;;;;;x;;;;;,
D39;$REGION$;;Die Republik der Ruhe von $REGION$;;;;;;;;x;;;;;,
D39_ADJ;$REGION$;;ruhig;;;;;;;;x;;;;;,
D40;$REGION$;;Das Geheime Kˆnigreich von $REGION$;;;;;;;;x;;;;;,
D40_ADJ;$REGION$;;geheim;;;;;;;;x;;;;;,
D41;$REGION$;;Die Kommune von $REGION$;;;;;;;;x;;;;;,
D41_ADJ;$REGION$;;kommunistisch;;;;;;;;x;;;;;,
D42;Dominion of $REGION$;;Die $REGION$-Kommune;;;;;;;;x;;;;;,
D42_ADJ;$REGION$;;kommunistisch;;;;;;;;x;;;;;,
D43;$REGION$;;Die Arbeiter-Union von $REGION$;;;;;;;;x;;;;;,
D43_ADJ;$REGION$;;Arbeiter-;;;;;;;;x;;;;;,
D44;$REGION$;;Die Landgrafschaft von $REGION$;;;;;;;;x;;;;;,
D44_ADJ;$REGION$;;landgrafschaftlich;;;;;;;;x;;;;;,
D45;$REGION$;;Die Nation von $REGION$;;;;;;;;x;;;;;,
D45_ADJ;$REGION$;;national;;;;;;;;x;;;;;,
D46;$REGION$;;Die Heilige Region von $REGION$;;;;;;;;x;;;;;,
D46_ADJ;$REGION$;;zelotisch;;;;;;;;x;;;;;,
D47;The $REGION$ Dominion;;Das $REGION$-Dominion;;;;;;;;x;;;;;,
D47_ADJ;$REGION$;;beherrschend;;;;;;;;x;;;;;,
D48;$REGION$;;Der Volksstaat von $REGION$;;;;;;;;x;;;;;,
D48_ADJ;$REGION$;;vˆlkisch;;;;;;;;x;;;;;,
D49;$REGION$;;Das Hohe Kˆnigreich von $REGION$;;;;;;;;x;;;;;,
D49_ADJ;$REGION$;;hochkˆniglich;;;;;;;;x;;;;;,
D50;$REGION$;;Das Kleinere F¸rstentum von $REGION$;;;;;;;;x;;;;;,
D50_ADJ;$REGION$;;f¸rstlich;;;;;;;;x;;;;;,
ABU;Trucial States;;;;;;;;;;;;x;;;,
ABU_ADJ;Trucial;;;;;;;;;;;;x;;;,
ACR;Acre;;;;;;;;;;;;;x;;,
ACR_ADJ;Acrean;;;;;;;;;;;;;x;;,
ACR_liberal;Partido Liberal;Partido Liberal;Partido Liberal;;;;;;;;;;;;x;,
ACR_conservative;Partido Conservador;Partido Conservador;Partido Conservador;;;;;;;;;;;;x;,
ACR_reactionary;Partido Caramuru;Partido Caramuru;Partido Caramuru;;;;;;;;;;;;x;,
ACR_anarcho_liberal;Partido Radical;Partido Radical;Partido Radical;;;;;;;;;;;;x;,
ACR_socialist;Partido Socialist;Partido socialiste;Partido Socialist;;;;;;;;;;;;x;,
ACR_communist;Partido Communist;Partido communiste;Partido Communist;;;;;;;;;;;;x;,
ACR_fascist;Partido Fascist;Partido fasciste;Partido Fascist;;;;;;;;;;;;x;,
AIN;Ainu;;;;;;;;;;;;;x;;,
AIN_ADJ;Ainu;;;;;;;;;;;;;x;;,
AIN_absolute_monarchy;Ainu Mosir;;;;;;;;;;;;;x;;,
AIN_conservative;Conservatist Faction;;;;;;;;;;;;;x;;,
AIN_liberal;Reformist Faction;;;;;;;;;;;;;x;;,
AIN_socialist;Progressive Faction;;;;;;;;;;;;;x;;,
AIN_communist;Communist Faction;;;;;;;;;;;;;x;;,
AIN_reactionary;Nationalist Faction;;;;;;;;;;;;;x;;,
AIN_anarcho_liberal;Radical Faction;;;;;;;;;;;;;x;;,
AIN_fascist;Fascist faction;;;;;;;;;;;;;x;;,
AKH;Astrakhan;;;;;;;;;;;;x;;;,
AKH_ADJ;Astrakhan;;;;;;;;;;;;x;;;,
AKH_conservative;The Conservatives;Faction royale;Kˆnigsfraktion;;;;;;;;;;;x;;,
AKH_liberal;The Liberals;Faction libÈrale;Die liberale Fraktion;;;;;;;;;;;x;;,
AKH_reactionary;The Khanate Faction;Faction nationaliste;Die nationalistische Fraktion;;;;;;;;;;;x;;,
AKH_anarcho_liberal;The Libertains;Faction radicale;Die radikale Fraktion;;;;;;;;;;;x;;,
AKH_socialist;The Socialists;Faction socialiste;Die sozialistische Fraktion;;;;;;;;;;;x;;,
AKH_communist;The Communists;Faction communiste;Die kommunistische Fraktion;;;;;;;;;;;x;;,
AKH_fascist;The Mongolian Faction;Faction fasciste;Die faschistische Fraktion;;;;;;;;;;;x;;,
ALS;Elsass;;;;;;;;;;;;;x;;,
ALS_ADJ;Alsatian ;;;;;;;;;;;;;x;;,
ALS_liberal;Liberaldem. Partei;Liberaldem. Partei;Liberaldem. Partei;;;;;;;;;;;;x;,
ALS_conservative;Zentrumspartei;Zentrumspartei;Zentrumspartei;;;;;;;;;;;;x;,
ALS_liberal_2;Nationalliberale ;Nationalliberale ;Nationalliberale ;;;;;;;;;;;;x;,
ALS_socialist;Deutscher Arbeiterverein;Deutscher Arbeiterverein;Deutscher Arbeiterverein;;;;;;;;;;;;x;,
ALS_reactionary;Nationale Partei;Nationale Partei;Nationale Partei;;;;;;;;;;;;x;,
ALS_anarcho_liberal;Radical Arbeiterpartei;Arbeiterpartei radical;Radikale Arbeiterpartei;;;;;;;;;;;;x;,
ALS_communist;Communist Arbeiterpartei;Arbeiterpartei communiste;Kommunistische Arbeiterpartei;;;;;;;;;;;;x;,
ALS_fascist;NSDP;NSDP;NSDP;;;;;;;;;;;;x;,
ALT;Altai Republic;;;;;;;;;;;;x;;;,
ALT_absolute_monarchy;Altai Union;;;;;;;;;;;;x;;;,
ALT_hms_government;Altai Union;;;;;;;;;;;;x;;;,
ALT_prussian_constitutionalism;Altai Union;;;;;;;;;;;;x;;;,
ALT_ADJ;Altaic;;;;;;;;;;;;x;;;,
ALT_conservative;The Conservatives;Faction royale;Kˆnigsfraktion;;;;;;;;;;;x;;,
ALT_liberal;The Liberals;Faction libÈrale;Die liberale Fraktion;;;;;;;;;;;x;;,
ALT_reactionary;The Khanate Faction;Faction nationaliste;Die nationalistische Fraktion;;;;;;;;;;;x;;,
ALT_anarcho_liberal;The Libertains;Faction radicale;Die radikale Fraktion;;;;;;;;;;;x;;,
ALT_socialist;The Socialists;Faction socialiste;Die sozialistische Fraktion;;;;;;;;;;;x;;,
ALT_communist;The Communists;Faction communiste;Die kommunistische Fraktion;;;;;;;;;;;x;;,
ALT_fascist;The Mongolian Faction;Faction fasciste;Die faschistische Fraktion;;;;;;;;;;;x;;,
ANG;Angola;;;;;;;;;;;;x;;;,
ANG_ADJ;Angolan;;;;;;;;;;;;x;;;,
ANI_absolute_monarchy;Antillean Empire;Empire of Antillia;Empire of Antillia;;Empire of Antillia;;;;;;;;;x ;;,
ANI_proletarian_dictatorship;Antillean Republic;the Red Indies;the Red Indies;;the Red Indies;;;;;;;;;x ;;,
ANI_presidential_dictatorship;Antillean Republic;Republic of Antillia;Republic of Antillia;;Republic of Antillia;;;;;;;;;x ;;,
ANI_fascist_dictatorship;Antillean Republic;the Black Isles;the Black Isles;;the Black Isles;;;;;;;;;x ;;,
ANI_bourgeois_dictatorship;Antillean Republic;Pirates of the Caribbean;Pirates of the Caribbean;Pirates of the Caribbean;;;;;;;;;x ;;;,
ANI;Antilles Confederation;Republic of Antillia;Republic of Antillia;;Republic of Antillia;;;;;;;;;x;;,
ANI_ADJ;Antillean;Antillean;Antillean;;Antillean;;;;;;;;;x;;,
AOT;Aotearoa;Aotearoa;Aotearoa;;;;;;;;;;;x;;,
AOT_ADJ;Maori;Maori;Maori;;;;;;;;;;;x;;,
AOT_conservative;Kingitanga;Kingitanga;Kingitanga;;;;;;;;;;;x;;,
AOT_liberal;Ropu o te Rangatahi;Ropu o te Rangatahi;Ropu o te Rangatahi;;;;;;;;;;;x;;,
AOT_socialist;Ratana;Ratana;Ratana;;;;;;;;;;;x;;,
AOT_communist;Toputanga-a-iwi;Toputanga-a-iwi;Toputanga-a-iwi;;;;;;;;;;;x;;,
AOT_reactionary;Kauhanganui;Kauhanganui;Kauhanganui;;;;;;;;;;;x;;,
AOT_anarcho_liberal;Mana Maori Motuhake;Mana Maori Motuhake;Mana Maori Motuhake;;;;;;;;;;;x;;,
AOT_fascist;Kawanatanga Whakahawini;Kawanatanga Whakahawini;Kawanatanga Whakahawini;;;;;;;;;;;x;;,
ARA;Arabia;;;;;;;;;;;;x;;;,
ARA_ADJ;Arabian;;;;;;;;;;;;x;;;,
ARA_reactionary;Al Sa'ud;;;;;;;;;;;;;x;;,
ARA_reactionary2;Al Rashid;;;;;;;;;;;;;x;;,
ARA_conservative;Al Muhafidh;;;;;;;;;;;;;x;;,
ARA_liberal;Al Mutaharir;;;;;;;;;;;;;x;;,
ARA_anarcho_liberal;Al Anarkiliberali;;;;;;;;;;;;;x;;,
ARA_socialist;Al Ishtiraki;;;;;;;;;;;;;x;;,
ARA_communist;Al Shiu'i;;;;;;;;;;;;;x;;,
ARA_fascist;Al Fashi;;;;;;;;;;;;;x;;,
ARU;Arab Union;;;;;;;;;;;;;x;;,
ARU_ADJ;Arabic;;;;;;;;;;;;;x;;,
ARU_proletarian_dictatorship;Arab People's Republic;;;;;;;;;;;;;x;;,
ARU_fascist_dictatorship;Arab Republic;;;;;;;;;;;;;x;;,
ARU_presidential_dictatorship;Arab Republic;;;;;;;;;;;;;x;;,
ARU_bourgeois_dictatorship;Arab Republic;;;;;;;;;;;;;x;;,
ARU_democracy;United Arab Republic;;;;;;;;;;;;;x;;,
ASR;Asir;;;;;;;;;;;;x;;;,
ASR_ADJ;Asiri;;;;;;;;;;;;x;;;,
ASR_absolute_monarchy_ADJ;Idrisi;;;;;;;;;;;;x;;;,
ASR_prussian_constitutionalism_ADJ;Idrisi;;;;;;;;;;;;x;;;,
ASR_hms_government_ADJ;Idrisi;;;;;;;;;;;;x;;;,
ASR_reactionary;Hizb al-Hashemiyya al-Urduni;;;;;;;;;;;;;x;;,
ASR_conservative;Hizb al-Wasat al-Islami;;;;;;;;;;;;;x;;,
ASR_liberal;Yasari-d-al-Dimaqrati al-Urduni;;;;;;;;;;;;;x;;,
ASR_anarcho_liberal;Al Anarkiliberali;;;;;;;;;;;;;x;;,
ASR_socialist;Hizb al-Baath al-Ishtiraki al-Urduni;;;;;;;;;;;;;x;;,
ASR_communist;Al-Hizb al-Shuyui al-Urduni;;;;;;;;;;;;;x;;,
ASR_fascist;Hizb al-Mustaqbal;;;;;;;;;;;;;x;;,
ASM;Assam;;;;;;;;;;;;x;;;,
ASM_ADJ;Assamese;;;;;;;;;;;;x;;;,
ASM_fascist_dictatorship;Assamese Republic;;;;;;;;;;;;x;;;,
ASM_presidential_dictatorship;Assamese Republic;;;;;;;;;;;;x;;;,
ASM_bourgeois_dictatorship;Assamese Republic;;;;;;;;;;;;x;;;,
ASM_conservative;Royal Faction;;;;;;;;;;;;x;;;,
ASM_liberal;The Liberal Faction;;;;;;;;;;;;x;;;,
ASM_reactionary;The Nationalist Faction;;;;;;;;;;;;x;;;,
ASM_anarcho_liberal;The Radical Faction;;;;;;;;;;;;x;;;,
ASM_socialist;The Socialist Faction;;;;;;;;;;;;x;;;,
ASM_communist;The Communist Faction;;;;;;;;;;;;x;;;,
ASM_fascist;The Fascist Faction;;;;;;;;;;;;x;;;,
ASY;Assyria;;;;;;;;;;;;x;;;,
ASY_ADJ;Assyrian;;;;;;;;;;;;x;;;,
ASY_fascist_dictatorship;Aramaea;;;;;;;;;;;;x;;;,
ASY_fascist_dictatorship_ADJ;Aramaic;;;;;;;;;;;;x;;;,
ATR;Asturias;Asturias;Asturias;;Asturias;;;;;;;;;x;;,
ATR_ADJ;Asturian;Asturien;Asturisch;;Asturiano;;;;;;;;;x;;,
ATR_conservative;Partido Moderado;Partido Moderado;Partido Moderado;;;;;;;;;;;x;;,
ATR_liberal;Partido Progresista;Partido Progresista;Partido Progresista;;;;;;;;;;;x;;,
ATR_reactionary;ComuniÛn Carlista;ComuniÛn Carlista;ComuniÛn Carlista;;;;;;;;;;;x;;,
ATR_socialist;Partido Socialista;Partido Socialista;Partido Socialista;;;;;;;;;;;x;;,
ATR_communist;FederaciÛn Regional;FederaciÛn Regional;FederaciÛn Regional;;;;;;;;;;;x;;,
ATR_anarcho_liberal;Partido Radical;Partido Radical;Partido Radical;;;;;;;;;;;x;;,
ATR_fascist;Falange;Falange;Falange;;;;;;;;;;;x;;,
BAH;Bahia;;;;;;;;;;;;;x;;,
BAH_ADJ;Bahian;;;;;;;;;;;;;x;;,
BAH_liberal;Partido Liberal;Partido Liberal;Partido Liberal;;;;;;;;;;;;x;,
BAH_conservative;Partido Conservador;Partido Conservador;Partido Conservador;;;;;;;;;;;;x;,
BAH_reactionary;Partido Caramuru;Partido Caramuru;Partido Caramuru;;;;;;;;;;;;x;,
BAH_conservative_2;Partido Paulista;Partido Paulista;Partido Paulista;;;;;;;;;;;;x;,
BAH_liberal_2;Partido Carioca;Partido Carioca;Partido Carioca;;;;;;;;;;;;x;,
BAH_anarcho_liberal;Partido Radical;Partido Radical;Partido Radical;;;;;;;;;;;;x;,
BAH_socialist;Partido Socialist;Partido socialiste;Partido Socialist;;;;;;;;;;;;x;,
BAH_communist;Partido Communist;Partido communiste;Partido Communist;;;;;;;;;;;;x;,
BAH_fascist;Partido Fascist;Partido fasciste;Partido Fascist;;;;;;;;;;;;x;,
BAN;Banat;;;;;;;;;;;;x;;;,
BAN_democracy;Banat Republic;;;;;;;;;;;;x;;;,
BAN_ADJ;Banati;;;;;;;;;;;;x;;;,
BAN_conservative;The Conservatives;Faction royale;Kˆnigsfraktion;;;;;;;;;;;x;;,
BAN_liberal;The Liberals;Faction libÈrale;Die liberale Fraktion;;;;;;;;;;;x;;,
BAN_reactionary;The Royalist Faction;Faction nationaliste;Die nationalistische Fraktion;;;;;;;;;;;x;;,
BAN_anarcho_liberal;The Libertains;Faction radicale;Die radikale Fraktion;;;;;;;;;;;x;;,
BAN_socialist;The Socialists;Faction socialiste;Die sozialistische Fraktion;;;;;;;;;;;x;;,
BAN_communist;The Communists;Faction communiste;Die kommunistische Fraktion;;;;;;;;;;;x;;,
BAN_fascist;The Nationalist Faction;Faction fasciste;Die faschistische Fraktion;;;;;;;;;;;x;;,
BAR;Barbados;;;;;;;;;;;;x;;;,
BAR_ADJ;Barbadian;;;;;;;;;;;;x;;;,
BHM;Bahamas;;;;;;;;;;;;x;;;,
BHM_ADJ;Bahamian;;;;;;;;;;;;x;;;,
BHR;Bahrain;;;;;;;;;;;;x;;;,
BHR_ADJ;Bahraini;;;;;;;;;;;;x;;;,
BHR_reactionary;Hizb al-Hashemiyya al-Urduni;;;;;;;;;;;;;x;;,
BHR_conservative;Hizb al-Wasat al-Islami;;;;;;;;;;;;;x;;,
BHR_liberal;Yasari-d-al-Dimaqrati al-Urduni;;;;;;;;;;;;;x;;,
BHR_anarcho_liberal;Al Anarkiliberali;;;;;;;;;;;;;x;;,
BHR_socialist;Hizb al-Baath al-Ishtiraki al-Urduni;;;;;;;;;;;;;x;;,
BHR_communist;Al-Hizb al-Shuyui al-Urduni;;;;;;;;;;;;;x;;,
BHR_fascist;Hizb al-Mustaqbal;;;;;;;;;;;;;x;;,
BIH;Bihar;;;;;;;;;;;;x;;;,
BIH_ADJ;Bihari;;;;;;;;;;;;x;;;,
BIH_proletarian_dictatorship;Bihari People's Republic;;;;;;;;;;;;x;;;,
BIH_conservative;Lok Janshakti Party;;;;;;;;;;;;x;;;,
BIH_liberal;Samata Party;;;;;;;;;;;;x;;;,
BIH_reactionary;Bihar Vikas;;;;;;;;;;;;x;;;,
BIH_anarcho_liberal;Bihari Radical Party;;;;;;;;;;;;x;;;,
BIH_socialist;Janata Dal;;;;;;;;;;;;x;;;,
BIH_communist;Bihari Communist Party;;;;;;;;;;;;x;;;,
BIH_fascist;Bihari Fascist Party;;;;;;;;;;;;x;;;,
BIM;Bima;;;;;;;;;;;;x;;;,
BIM_ADJ;Bima;;;;;;;;;;;;x;;;,
BKV;Dregoviche;;;;;;;;;;;;x;;;,
BKV_ADJ;Dregovichian;;;;;;;;;;;;x;;;,
BLC;Baluchistan;;;;;;;;;;;;x;;;,
BLC_ADJ;Baluchi;;;;;;;;;;;;x;;;,
BLZ;Belize;;;;;;;;;;;;x;;;,
BLZ_ADJ;Belizean;;;;;;;;;;;;x;;;,
BMK;Mali;;;;;;;;;;;;x;;;,
BMK_ADJ;Malian;;;;;;;;;;;;x;;;,
breton;Breton;Breton;Bretonisch;;;;;;;;;;;x;;,
BRA;Brunswick;;;;;;;;;;;;x;;;,
BRA_ADJ;Brunswicker;;;;;;;;;;;;x;;;,
BRT;Brittany;;;;;;;;;;;;;x;;,
BRT_ADJ;Breton;;;;;;;;;;;;;x;;,
BRT_fascist;PNB;;;;;;;;;;;;;x;;,
BRT_reactionary;Strollad Broadelour;;;;;;;;;;;;;x;;,
BRT_communist;Strollad Komunist;;;;;;;;;;;;;x;;,
BRT_socialist;Unvaniezh Demokratel;;;;;;;;;;;;;x;;,
BRT_liberal;Strollad Liberal;;;;;;;;;;;;;x;;,
BRT_anarcho_liberal;Strollad Radical;;;;;;;;;;;;;x;;,
BRT_conservative;Strollad Mirour;;;;;;;;;;;;;x;;,
BRU_ADJ;Bruneian;;;;;;;;;;;;;x;;,
BSQ;Vasconia;;;;;;;;;;;;;x;;,
BSQ_ADJ;Basque;;;;;;;;;;;;;x;;,
BSQ_socialist;Abertzale Ekintza;;;;;;;;;;;;;x;;,
BSQ_conservative;Alderdi Jeltzalea;;;;;;;;;;;;;x;;,
BSQ_liberal;Alderdi Abertzale Errepublikanoa;;;;;;;;;;;;;x;;,
BSQ_reactionary;Alderdi Monarkiko;;;;;;;;;;;;;x;;,
BSQ_communist;Mugimendu Komunista;;;;;;;;;;;;;x;;,
BSQ_fascist;Euskadi Ta Askatasuna;;;;;;;;;;;;;x;;,
BSQ_anarcho_liberal;Alderdi Anarkiazale;;;;;;;;;;;;;x;;,
BSQ_fascist_dictatorship;Euskadi;;;;;;;;;;;;;x;;,
CAR;Central African Republic;;;;;;;;;;;;x;;;,
CAR_ADJ;Central African;;;;;;;;;;;;x;;;,
CAR_fascist_dictatorship;Central African Empire;;;;;;;;;;;;x;;;,
CAR_absolute_monarchy;Central African Empire;;;;;;;;;;;;x;;;,
CAR_prussian_constitutionalism;Ubangi-Chari;;;;;;;;;;;;x;;;,
CAR_prussian_constitutionalism_ADJ;Ubangi;;;;;;;;;;;;x;;;,
CAR_hms_government;Ubangi-Chari;;;;;;;;;;;;x;;;,
CAR_hms_government_ADJ;Ubangi;;;;;;;;;;;;x;;;,
CGO;Congo;;;;;;;;;;;;x;;;,
CGO_ADJ;Congolese;;;;;;;;;;;;x;;;,
CEQ;Equador Confederation;;;;;;;;;;;;;x;;,
CEQ_proletarian_dictatorship;Quilombola;;;;;;;;;;;;;x;;,
CEQ_ADJ;Nordestino;;;;;;;;;;;;;x;;,
CEQ_liberal;Partido Liberal;Partido Liberal;Partido Liberal;;;;;;;;;;;;x;,
CEQ_conservative;Partido Conservador;Partido Conservador;Partido Conservador;;;;;;;;;;;;x;,
CEQ_reactionary;Partido Caramuru;Partido Caramuru;Partido Caramuru;;;;;;;;;;;;x;,
CEQ_conservative_2;Partido Paulista;Partido Paulista;Partido Paulista;;;;;;;;;;;;x;,
CEQ_liberal_2;Partido Carioca;Partido Carioca;Partido Carioca;;;;;;;;;;;;x;,
CEQ_anarcho_liberal;Partido Radical;Partido Radical;Partido Radical;;;;;;;;;;;;x;,
CEQ_socialist;Partido Socialist;Partido socialiste;Partido Socialist;;;;;;;;;;;;x;,
CEQ_communist;Partido Communist;Partido communiste;Partido Communist;;;;;;;;;;;;x;,
CEQ_fascist;Partido Fascist;Partido fasciste;Partido Fascist;;;;;;;;;;;;x;,
CHD;Chad;;;;;;;;;;;;x;;;,
CHD_ADJ;Chadian;;;;;;;;;;;;x;;;,
CHO;Chugoku;;;;;;;;;;;;;x;;,
CHO_ADJ;Chugokuan;;;;;;;;;;;;;x;;,
CHO_absolute_monarchy;Choshu;;;;;;;;;;;;;x;;,
CHO_prussian_constitutionalism;Choshu;;;;;;;;;;;;;x;;,
CHO_hms_government;Choshu;;;;;;;;;;;;;x;;,
CHO_absolute_monarchy_ADJ;Mori;;;;;;;;;;;;;x;;,
CHO_prussian_constitutionalism_ADJ;Mori;;;;;;;;;;;;;x;;,
CHO_hms_government_ADJ;Mori;;;;;;;;;;;;;x;;,
CHP;Chiapas;;;;;;;;;;;;;x;;,
CHP_ADJ;Chiapan;;;;;;;;;;;;;x;;,
CHP_liberal;Partido Liberal;Partido Liberal;Partido Liberal;;;;;;;;;;;x;;,
CHP_socialist;Partido Socialista;Partido Socialista;Partido Socialista;;;;;;;;;;;x;;,
CHP_conservative;Partido Estadista Republicano;Partido Estadista Republicano;Partido Estadista Republicano;;;;;;;;;;;x;;,
CHP_anarcho_liberal;Partido Anarchista;Partido Anarchista;Partido Anarchista;;;;;;;;;;;x;;,
CHP_communist;Partido Comunista;Partido Comunista;Partido Comunista;;;;;;;;;;;x;;,
CHP_fascist;Partido Nacionalista;Partido Nacionalista;Partido Nacionalista;;;;;;;;;;;x;;,
CHP_reactionary;UniÛn Republicana;UniÛn Republicana;UniÛn Republicana;;;;;;;;;;;x;;,
CIR;Circassia;;;;;;;;;;;;;x;;,
CIR_ADJ;Circassian;;;;;;;;;;;;;x;;,
CIR_liberal;Liberal Party;;;;;;;;;;;;;x;;,
CIR_conservative;Conservative Party;;;;;;;;;;;;;x;;,
CIR_socialist;Socialist Party;;;;;;;;;;;;;x;;,
CIR_reactionary;Nationalist Party;;;;;;;;;;;;;x;;,
CIR_anarcho_liberal;Radical Party;;;;;;;;;;;;;x;;,
CIR_communist;Communist Party;;;;;;;;;;;;;x;;,
CIR_fascist;Fascist Party;;;;;;;;;;;;;x;;,
CLC;Cilicia;;;;;;;;;;;;;x;;,
CLC_ADJ;Cilician;;;;;;;;;;;;;x;;,
CLM_fascist_dictatorship;Gran Colombia;;;;;;;;;;;;;x;;,
CLM_absolute_monarchy;New Granada;;;;;;;;;;;;;x;;,
CLM_prussian_constitutionalism;New Granada;;;;;;;;;;;;;x;;,
CLM_hms_government;New Granada;;;;;;;;;;;;;x;;,
CMR;Cameroon;;;;;;;;;;;;x;;;,
CMR_ADJ;Cameroonian;;;;;;;;;;;;x;;;,
CPL;Congress Poland;Royaume du Congres;Kongresspolen;;Zarato de Polonia;;;;;;;;;;x;,
CPL_absolute_monarchy;Poland;;;;;;;;;;;;x;;;,
CPL_prussian_constitutionalism;Poland;;;;;;;;;;;;x;;;,
CPL_hms_government;Poland;;;;;;;;;;;;x;;;,
CPL_colonial_government;Congress Poland;;;;;;;;;;;;x;;;,
CPL_dominion;Congress Poland;;;;;;;;;;;;x;;;,
CPL_ADJ;Polish;Polonais;Polnisch;;Polaca;;;;;;;;;;x;,
CRS;Corsica;;;;;;;;;;;;;x;;,
CRS_ADJ;Corsican;;;;;;;;;;;;;x;;,
CRS_conservative;Fazzione Cunservatore;;;;;;;;;;;;;x;;,
CRS_liberal;Fazzione Liberale;;;;;;;;;;;;;x;;,
CRS_reactionary;Fazzione Bonapartistu;;;;;;;;;;;;;x;;,
CRS_socialist;Fazzione Sucialistu;;;;;;;;;;;;;x;;,
CRS_communist;Fazzione Cumunistu;;;;;;;;;;;;;x;;,
CRS_anarcho_liberal;Fazzione Anarchistu;;;;;;;;;;;;;x;;,
CRS_fascist;Fazzione Fascistu;;;;;;;;;;;;;x;;,
CSA;The Confederate States of America;;;;;;;;;;;;x;;;,
CSA_democracy;The Confederate States of America;;;;;;;;;;;;x;;;,
CSA_presidential_dictatorship;The Confederate States of America;;;;;;;;;;;;x;;;,
CSA_bourgeois_dictatorship;The Confederate States of America;;;;;;;;;;;;x;;;,
CSA_fascist_dictatorship;The Confederate States of America;;;;;;;;;;;;x;;;,
CSA_absolute_monarchy;The Imperial Confederacy;;;;;;;;;;;;x;;;,
CSA_prussian_constitutionalism;The Imperial Confederacy;;;;;;;;;;;;x;;;,
CSA_proletarian_dictatorship;The People's Confederacy;;;;;;;;;;;;x;;;,
CYR;Cyrenaica;;;;;;;;;;;;x;;;,
CYR_ADJ;Cyrenaican;;;;;;;;;;;;x;;;,
CYR_conservative;Royal Faction;;;;;;;;;;;;x;;;,
CYR_liberal;The Liberal Faction;;;;;;;;;;;;x;;;,
CYR_reactionary;The Nationalist Faction;;;;;;;;;;;;x;;;,
CYR_anarcho_liberal;The Radical Faction;;;;;;;;;;;;x;;;,
CYR_socialist;The Socialist Faction;;;;;;;;;;;;x;;;,
CYR_communist;The Communist Faction;;;;;;;;;;;;x;;;,
CYR_fascist;The Fascist Faction;;;;;;;;;;;;x;;;,
DAG;Caucasian Imamate;;;;;;;;;;;;;x;;,
DAG_ADJ;Dagestani;;;;;;;;;;;;;x;;,
DAG_presidential_dictatorship;Dagestan;;;;;;;;;;;;;x;;,
DAG_proletarian_dictatorship;Dagestan;;;;;;;;;;;;;x;;,
DAG_bourgeois_dictatorship;Dagestan;;;;;;;;;;;;;x;;,
DAG_democracy;Dagestan;;;;;;;;;;;;;x;;,
DAG_fascist_dictatorship;Dagestan;;;;;;;;;;;;;x;;,
DAG_liberal;Liberal Party;;;;;;;;;;;;;x;;,
DAG_conservative;Conservative Party;;;;;;;;;;;;;x;;,
DAG_socialist;Socialist Party;;;;;;;;;;;;;x;;,
DAG_reactionary;Nationalist Party;;;;;;;;;;;;;x;;,
DAG_anarcho_liberal;Radical Party;;;;;;;;;;;;;x;;,
DAG_communist;Communist Party;;;;;;;;;;;;;x;;,
DAG_fascist;Fascist Party;;;;;;;;;;;;;x;;,
DAG_conservative;Royal Faction;;;;;;;;;;;;;x;;,
DAK;Dakota Republic;;;;;;;;;;;;x;;;,
DAK_ADJ;Dakotan;;;;;;;;;;;;x;;;,
DAK_absolute_monarchy;Dakota Commonwealth;;;;;;;;;;;;x;;;,
DAK_prussian_constitutionalism;Dakota Commonwealth;;;;;;;;;;;;x;;;,
DAK_hms_government;Dakota Commonwealth;;;;;;;;;;;;;x;;,
DAK_reactionary;White Eagle Faction;;;;;;;;;;;;;x;;,
DAK_conservative;Traditionalists;;;;;;;;;;;;;x;;,
DAK_liberal;Republican Faction;;;;;;;;;;;;;x;;,
DAK_anarcho_liberal;Libertarian Faction;;;;;;;;;;;;;x;;,
DAK_socialist;Socialist Faction;;;;;;;;;;;;;x;;,
DAK_communist;Communist Faction;;;;;;;;;;;;;x;;,
DAK_fascist;Eastward Restorationists;;;;;;;;;;;;;x;;,
DJA;Jambi;;;;;;;;;;;;;x;;,
DJA_ADJ;Jambi;;;;;;;;;;;;;x;;,
DLM;Dalmatia;;;;;;;;;;;;;x;;,
DLM_ADJ;Dalmatian;;;;;;;;;;;;;x;;,
DNB;Danubian Federation;;;;;;;;;;;;;x;;,
DNB_ADJ;Danubian;;;;;;;;;;;;;x;;,
DNB_proletarian_dictatorship;Danubian Republic;;;;;;;;;;;;;x;;,
DNB_fascist_dictatorship;Danubian Republic;;;;;;;;;;;;;x;;,
DNB_presidential_dictatorship;Danubian Republic;;;;;;;;;;;;;x;;,
DNB_bourgeois_dictatorship;Danubian Republic;;;;;;;;;;;;;x;;,
DOI;Dominica;;;;;;;;;;;;x;;;,
DOI_ADJ;Dominican;;;;;;;;;;;;x;;;,
DON;Cossack Republic;;;;;;;;;;;;x;;;,
DON_absolute_monarchy;Cossack Hetmanate;;;;;;;;;;;;x;;;,
DON_hms_government;Cossack Union;;;;;;;;;;;;x;;;,
DON_prussian_constitutionalism;Cossack Hetmanate;;;;;;;;;;;;x;;;,
DON_fascist_dictatorship;Cossackia;;;;;;;;;;;;x;;;,
DON_ADJ;Cossack;;;;;;;;;;;;x;;;,
DON_conservative;The Conservatives;Faction royale;Kˆnigsfraktion;;;;;;;;;;;x;;,
DON_liberal;The Liberals;Faction libÈrale;Die liberale Fraktion;;;;;;;;;;;x;;,
DON_reactionary;The Hetmanate Faction;Faction nationaliste;Die nationalistische Fraktion;;;;;;;;;;;x;;,
DON_anarcho_liberal;The Libertains;Faction radicale;Die radikale Fraktion;;;;;;;;;;;x;;,
DON_socialist;The Socialists;Faction socialiste;Die sozialistische Fraktion;;;;;;;;;;;x;;,
DON_communist;The Communists;Faction communiste;Die kommunistische Fraktion;;;;;;;;;;;x;;,
DON_fascist;The Nationalist Faction;Faction fasciste;Die faschistische Fraktion;;;;;;;;;;;x;;,
DRA;Dravidistan;;;;;;;;;;;;x;;;,
DRA_absolute_monarchy;Dravidian Empire;;;;;;;;;;;;x;;;,
DRA_fascist_dictatorship;Dravid Nadu;;;;;;;;;;;;x;;;,
DRA_ADJ;Dravidian;;;;;;;;;;;;x;;;,
DUR;Pashtunistan;;;;;;;;;;;;x;;;,
DUR_ADJ;Pashtun;;;;;;;;;;;;x;;;,
DUR_absolute_monarchy;Durrani Empire;;;;;;;;;;;;x;;;,
DUR_prussian_constitutionalism;Durrani Empire;;;;;;;;;;;;x;;;,
DUR_hms_government;Durrani Empire;;;;;;;;;;;;x;;;,
DUR_absolute_monarchy_ADJ;Durrani;;;;;;;;;;;;x;;;,
DUR_prussian_constitutionalism_ADJ;Durrani;;;;;;;;;;;;x;;;,
DUR_hms_government_ADJ;Durrani;;;;;;;;;;;;x;;;,
DUR_fascist_dictatorship;Durrani Republic;;;;;;;;;;;;x;;;,
DUR_fascist_dictatorship_ADJ;Durrani;;;;;;;;;;;;x;;;,
ENL;England;;;;;;;;;;;;;x;;,
ENL_ADJ;English;;;;;;;;;;;;;x;;,
ENT;Entre Rios;;;;;;;;;;;;;x;;,
ENT_ADJ;Entrerrian;;;;;;;;;;;;;x;;,
ENT_conservative;Blancos;;;;;;;;;;;;;x;;,
ENT_conservative_2;Partido Nacional;;;;;;;;;;;;;x;;,
ENT_liberal;Partido Libertado;;;;;;;;;;;;;x;;,
ENT_liberal_2;Partido Democracia;;;;;;;;;;;;;x;;,
ENT_socialist;Partido Azul;;;;;;;;;;;;;x;;,
ENT_conservative_3;UniÛn CÌvica de Entre Rios;;;;;;;;;;;;;x;;,
ENT_communist;Partido Communist;;;;;;;;;;;;;x;;,
ENT_liberal_3;Liberales;;;;;;;;;;;;;x;;,
ENT_reactionary;Partido Nationalist;;;;;;;;;;;;;x;;,
ENT_anarcho_liberal;Partido Radical;;;;;;;;;;;;;x;;,
ENT_socialist_2;Partido Socialist;;;;;;;;;;;;;x;;,
ENT_fascist;Partido Fascist;;;;;;;;;;;;;x;;,
ERT;Eritrea;;;;;;;;;;;;x;;;,
ERT_ADJ;Eritrean;;;;;;;;;;;;x;;;,
ERT_conservative;Royal Faction;;;;;;;;;;;;x;;;,
ERT_liberal;The Liberal Faction;;;;;;;;;;;;x;;;,
ERT_reactionary;The Nationalist Faction;;;;;;;;;;;;x;;;,
ERT_anarcho_liberal;The Radical Faction;;;;;;;;;;;;x;;;,
ERT_socialist;The Socialist Faction;;;;;;;;;;;;x;;;,
ERT_communist;The Communist Faction;;;;;;;;;;;;x;;;,
ERT_fascist;The Fascist Faction;;;;;;;;;;;;x;;;,
FIJ;Fiji;Fiji;Fiji;;;;;;;;;;;;x;,
FIJ_ADJ;Fijian;Fijian;Fijian;;;;;;;;;;;;x;,
FIU;Fiume;Fiume;Fiume;;;;;;;;;;;x;;,
FIU_ADJ;Fiumani;Fiumani;Fiumani;;;;;;;;;;;x;;,
FIU_fascist_dictatorship;Italian Regency of Carnaro;RÇgence italienne du Carnaro;Italienische Regentschaft am Quarnero;;;;;;;;;;;x;;,
FIU_bourgeois_dictatorship;Italian Regency of Carnaro;RÇgence italienne du Carnaro;Italienische Regentschaft am Quarnero;;;;;;;;;;;x;;,
FIU_presidential_dictatorship;Italian Regency of Carnaro;RÇgence italienne du Carnaro;Italienische Regentschaft am Quarnero;;;;;;;;;;;x;;,
FIU_democracy;Free State of Fiume;êtat libre de Fiume;Freistaat Fiume;;;;;;;;;;;x;;,
FIU_liberal;Partito Liberale;Partito Liberale;Partito Liberale;;;;;;;;;;;x;;,
FIU_conservative;Partito Autonomo;Partito Autonomo;Partito Autonomo;;;;;;;;;;;x;;,
FIU_reactionary;Nazionalisti;Nazionalisti;Nazionalisti;;;;;;;;;;;x;;,
FIU_socialist;Partito Socialista di Fiume;Partito Socialista di Fiume;Partito Socialista di Fiume;;;;;;;;;;;x;;,
FIU_communist;Partito Comunista di Fiume;Partito Comunista di Fiume;Partito Comunista di Fiume;;;;;;;;;;;x;;,
FIU_anarcho_liberal;Radicali;Radical;Radikal;;;;;;;;;;;x;;,
FIU_fascist;Fascisti;Fasciste;Faschistisch;;;;;;;;;;;x;;,
FJN;Fujian;;;;;;;;;;;;x;;;,
FJN_ADJ;Fujian;;;;;;;;;;;;x;;;,
FJN_presidential_dictatorship;Fujian Clique;;;;;;;;;;;;x;;;,
FJN_fascist_dictatorship;Min Republic;;;;;;;;;;;;x;;;,
FJN_fascist_dictatorship_ADJ;Min;;;;;;;;;;;;x;;;,
FJN_reactionary;Beiyang Faction;Faction Rongting;Rongting-Fraktion;;;;;;;;;;;x;;,
FJN_socialist;Socialist Party;Parti socialiste;Sozialistische Partei;;;;;;;;;;;x;;,
FJN_communist;Chinese Communist Party;Parti communiste chinois;Kommunistische Partei China;;;;;;;;;;;x;;,
FJN_liberal;Liberal Party;Parti libÈral;Liberale Partei;;;;;;;;;;;x;;,
FJN_conservative;Kuomintang Faction;Faction Kuomintang;Guomintang-Fraktion;;;;;;;;;;;x;;,
FJN_fascist;Min Party;Parti fasciste;Faschistische Partei;;;;;;;;;;;x;;,
FJN_anarcho_liberal;Freedom Party;Parti de la libertÈ;Freiheitspartei;;;;;;;;;;;x;;,
FSA;The Free States of America;;;;;;;;;;;;x;;;,
FSA_ADJ;Free American;;;;;;;;;;;;x;;;,
FSA_absolute_monarchy;The Free American Empire;;;;;;;;;;;;x;;;,
FSA_prussian_constitutionalism;The Free American Empire;;;;;;;;;;;;x;;;,
FSA_proletarian_dictatorship;The Free American Republic;;;;;;;;;;;;x;;;,
FSM;Micronesia;Micronesia;Micronesia;;;;;;;;;;;;x;,
FSM_ADJ;Micronesian;Micronesian;Micronesian;;;;;;;;;;;;x;,
FSM_liberal;Liberal Party;Liberal Party;Liberal Party;;;;;;;;;;;;x;,
FSM_conservative;Conservative Party;Conservative Party;Conservative Party;;;;;;;;;;;;x;,
FSM_reactionary;Nationalist Party;Nationalist Party;Nationalist Party;;;;;;;;;;;;x;,
FSM_socialist;Labour Party;Labour Party;Labour Party;;;;;;;;;;;;x;,
FSM_anarcho_liberal;Radical Party;Radical Party;Radical Party;;;;;;;;;;;;x;,
FSM_communist;Communist Party;Communist Party;Communist Party;;;;;;;;;;;;x;,
FSM_fascist;Fascist Party;Fascist Party;Fascist Party;;;;;;;;;;;;x;,
galicio_asturian;Galicio-Asturian;Galicio-Asturien;Galicisch-Asturisch;;;;;;;;;;;x;;,
GAB;Gabon;;;;;;;;;;;;x;;;,
GAB_ADJ;Gabonese;;;;;;;;;;;;x;;;,
GCO;Gran Colombia;;;;;;;;;;;;x;;;,
GCO_ADJ;Colombian;;;;;;;;;;;;x;;;,
GCO_absolute_monarchy;New Granada;;;;;;;;;;;;x;;;,
GCO_prussian_constitutionalism;New Granada;;;;;;;;;;;;x;;;,
GCO_hms_government;New Granada;;;;;;;;;;;;x;;;,
GCO_absolute_monarchy_ADJ;New Granadan;;;;;;;;;;;;x;;;,
GCO_prussian_constitutionalism_ADJ;New Granadan;;;;;;;;;;;;x;;;,
GCO_hms_government_ADJ;New Granadan;;;;;;;;;;;;x;;;,
GLC;Galicia;;;;;;;;;;;;;x;;,
GLC_ADJ;Galician;;;;;;;;;;;;;x;;,
GLC_conservative;Partido Moderado;Partido Moderado;Partido Moderado;;;;;;;;;;;;x;,
GLC_liberal;Partido Progresista;Partido Progresista;Partido Progresista;;;;;;;;;;;;x;,
GLC_reactionary;Partido Nationalist;ComuniÛn Carlista;ComuniÛn Carlista;;;;;;;;;;;;x;,
GLC_socialist;Partido Socialista;Partido Socialista;Partido Socialista;;;;;;;;;;;;x;,
GLC_communist;FederaciÛn Regional;FederaciÛn Regional;FederaciÛn Regional;;;;;;;;;;;;x;,
GLC_anarcho_liberal;Partido Radical;Partido Radical;Partido Radical;;;;;;;;;;;;x;,
GLC_fascist;Partido Fascist;Falange;Falange;;;;;;;;;;;;x;,
GLM;KrÛlestwo Galicji;Galicie-Lodomerie;Galizien-Lodomerien;;Galitzia-Lodomeria;;;;;;;;;;x;,
GLM_ADJ;Galician;Galicien;Galiziener;;Galiciano;;;;;;;;;;x;,
GMB;Gambia;;;;;;;;;;;;x;;;,
GMB_ADJ;Gambian;;;;;;;;;;;;x;;;,
GMJ;Guominjun;;;;;;;;;;;;;x;;,
GMJ_ADJ;Guominjun;;;;;;;;;;;;;;x;,
GMJ_reactionary;Beiyang Faction;Faction Rongting;Rongting-Fraktion;;;;;;;;;;;x;;,
GMJ_socialist;Socialist Party;Parti socialiste;Sozialistische Partei;;;;;;;;;;;x;;,
GMJ_communist;Chinese Communist Party;Parti communiste chinois;Kommunistische Partei China;;;;;;;;;;;x;;,
GMJ_liberal;Liberal Party;Parti libÈral;Liberale Partei;;;;;;;;;;;x;;,
GMJ_conservative;Kuomintang Faction;Faction Kuomintang;Guomintang-Fraktion;;;;;;;;;;;x;;,
GMJ_fascist;Fascist Party;Parti fasciste;Faschistische Partei;;;;;;;;;;;x;;,
GMJ_anarcho_liberal;Freedom Party;Parti de la libertÈ;Freiheitspartei;;;;;;;;;;;x;;,
GNE;Guinea;;;;;;;;;;;;x;;;,
GNE_ADJ;Guinean;;;;;;;;;;;;x;;;,
GNG;Guangdong;;;;;;;;;;;;x;;;,
GNG_ADJ;Guangdong;;;;;;;;;;;;x;;;,
GNG_presidential_dictatorship;Guangdong Clique;;;;;;;;;;;;x;;;,
GNG_reactionary;Beiyang Faction;Faction Rongting;Rongting-Fraktion;;;;;;;;;;;x;;,
GNG_socialist;Socialist Party;Parti socialiste;Sozialistische Partei;;;;;;;;;;;x;;,
GNG_communist;Chinese Communist Party;Parti communiste chinois;Kommunistische Partei China;;;;;;;;;;;x;;,
GNG_liberal;Liberal Party;Parti libÈral;Liberale Partei;;;;;;;;;;;x;;,
GNG_conservative;Kuomintang Faction;Faction Kuomintang;Guomintang-Fraktion;;;;;;;;;;;x;;,
GNG_fascist;Fascist Party;Parti fasciste;Faschistische Partei;;;;;;;;;;;x;;,
GNG_anarcho_liberal;Freedom Party;Parti de la libertÈ;Freiheitspartei;;;;;;;;;;;x;;,
GRA;Grenada;;;;;;;;;;;;x;;;,
GRA_ADJ;Grenadian;;;;;;;;;;;;x;;;,
GRN;Greenland;;;;;;;;;;;;;x;;,
GRN_ADJ;Greenlandic;;;;;;;;;;;;;x;;,
GUY;Guyana;;;;;;;;;;;;;x;;,
GUY_ADJ;Guyanese;;;;;;;;;;;;;x;;,
GUY_conservative;Dutch Faction;;;;;;;;;;;;;x;;,
GUY_liberal;French Faction;;;;;;;;;;;;;x;;,
GUY_socialist;Ruimveldt Party;;;;;;;;;;;;;x;;,
GUY_communist;British Guiana Labour Union;;;;;;;;;;;;;x;;,
GUY_reactionary;British Faction;;;;;;;;;;;;;x;;,
GUY_anarcho_liberal;American Faction;;;;;;;;;;;;;x;;,
GUY_fascist;Unity Party;;;;;;;;;;;;;x;;,
GXI_presidential_dictatorship;Guangxi Clique;Clique de Guangxi;Guangxi-Clique;;;;;;;;;;;x;;,
HAL;Hail;;;;;;;;;;;;x;;;,
HAL_ADJ;Haili;;;;;;;;;;;;x;;;,
HAL_absolute_monarchy_ADJ;Rashidi;;;;;;;;;;;;x;;;,
HAL_prussian_constitutionalism_ADJ;Rashidi;;;;;;;;;;;;x;;;,
HAL_hms_government_ADJ;Rashidi;;;;;;;;;;;;x;;;,
HAL_reactionary;Hizb al-Hashemiyya al-Urduni;;;;;;;;;;;;;x;;,
HAL_conservative;Hizb al-Wasat al-Islami;;;;;;;;;;;;;x;;,
HAL_liberal;Yasari-d-al-Dimaqrati al-Urduni;;;;;;;;;;;;;x;;,
HAL_anarcho_liberal;Al Anarkiliberali;;;;;;;;;;;;;x;;,
HAL_socialist;Hizb al-Baath al-Ishtiraki al-Urduni;;;;;;;;;;;;;x;;,
HAL_communist;Al-Hizb al-Shuyui al-Urduni;;;;;;;;;;;;;x;;,
HAL_fascist;Hizb al-Mustaqbal;;;;;;;;;;;;;x;;,
HDU;Hindustan;;;;;;;;;;;;x;;;,
HDU_ADJ;Hindustani;;;;;;;;;;;;x;;;,
HNN;Hunan;;;;;;;;;;;;x;;;,
HNN_ADJ;Hunan;;;;;;;;;;;;x;;;,
HNN_presidential_dictatorship;Hunan Clique;;;;;;;;;;;;x;;;,
HNN_reactionary;Beiyang Faction;Faction Rongting;Rongting-Fraktion;;;;;;;;;;;x;;,
HNN_socialist;Socialist Party;Parti socialiste;Sozialistische Partei;;;;;;;;;;;x;;,
HNN_communist;Chinese Communist Party;Parti communiste chinois;Kommunistische Partei China;;;;;;;;;;;x;;,
HNN_liberal;Liberal Party;Parti libÈral;Liberale Partei;;;;;;;;;;;x;;,
HNN_conservative;Kuomintang Faction;Faction Kuomintang;Guomintang-Fraktion;;;;;;;;;;;x;;,
HNN_fascist;Fascist Party;Parti fasciste;Faschistische Partei;;;;;;;;;;;x;;,
HNN_anarcho_liberal;Freedom Party;Parti de la libertÈ;Freiheitspartei;;;;;;;;;;;x;;,
HOL_anarcho_liberal;Radicale Partij;;;;;;;;;;;;x;;;,
HUI;Anhui;;;;;;;;;;;;x;;;,
HUI_ADJ;Anhui;;;;;;;;;;;;x;;;,
HUI_presidential_dictatorship;Anhui Clique;;;;;;;;;;;;x;;;,
HUI_reactionary;Beiyang Faction;Faction Rongting;Rongting-Fraktion;;;;;;;;;;;x;;,
HUI_socialist;Socialist Party;Parti socialiste;Sozialistische Partei;;;;;;;;;;;x;;,
HUI_communist;Chinese Communist Party;Parti communiste chinois;Kommunistische Partei China;;;;;;;;;;;x;;,
HUI_liberal;Liberal Party;Parti libÈral;Liberale Partei;;;;;;;;;;;x;;,
HUI_conservative;Kuomintang Faction;Faction Kuomintang;Guomintang-Fraktion;;;;;;;;;;;x;;,
HUI_fascist;Fascist Party;Parti fasciste;Faschistische Partei;;;;;;;;;;;x;;,
HUI_anarcho_liberal;Freedom Party;Parti de la libertÈ;Freiheitspartei;;;;;;;;;;;x;;,
IBR_proletarian_dictatorship;The Iberian Worker's Union;;;;;;;;;;;;;x,;;
IBR_presidential_dictatorship;The Iberian Union;;;;;;;;;;;;;x,;;
IBR_bourgeois_dictatorship;The Iberian Union;;;;;;;;;;;;;x,;;
IBR_fascist_dictatorship;The Iberian Empire;;;;;;;;;;;;x,;;;
IBR_democracy;The Iberian Federation;;;;;;;;;;;;;x,;;
IBR_absolute_monarchy;The Iberian Empire;;;;;;;;;;;;;x,;;
IBR_prussian_constitutionalism;The Iberian Empire;;;;;;;;;;;;;x,;;
IBR_hms_government;The Iberian Empire;;;;;;;;;;;;;x,;;
IBR;Iberia;;;;;;;;;;;;;x;;,
IBR_ADJ;Iberian;;;;;;;;;;;;;x;;,
INO;Indonesia;IndonÈsie;Indonesien;;Indonesia;;;;;;;;;x;;,
INO_ADJ;Indonesian;IndonÈsienne;Indonesisch;;Indonesio;;;;;;;;;x;;,
INO_conservative;Royal Faction;;;;;;;;;;;;x;;;,
INO_liberal;The Liberal Faction;;;;;;;;;;;;x;;;,
INO_reactionary;The Nationalist Faction;;;;;;;;;;;;x;;;,
INO_anarcho_liberal;The Radical Faction;;;;;;;;;;;;x;;;,
INO_socialist;The Socialist Faction;;;;;;;;;;;;x;;;,
INO_communist;The Communist Faction;;;;;;;;;;;;x;;;,
INO_fascist;The Fascist Faction;;;;;;;;;;;;x;;;,
IOM;Isle of Man;Œle de Man;Isle of Man;;Isle of Man;;;;;;;;;x;;,
IOM_ADJ;Manx;Mannois;Mannisch;ManÈs;;;;;;;;;x;;;,
IOM_liberal;Liberal Party;Liberal Party;Liberal Party;;Liberal Party;;;;;;;;;;;x,
IOM_conservative;People's Political Association;People's Political Association;People's Political Association;;People's Political Association;;;;;;;;;;;x,
IOM_reactionary;National Party;National Party;National Party;;National Party;;;;;;;;;;;x,
IOM_socialist;Labour Party;Labour Party;Labour Party;;Labour Party;;;;;;;;;;;x,
IOM_anarcho_liberal;Positive Action Group;Positive Action Group;Positive Action Group;;Positive Action Group;;;;;;;;;;;x,
IOM_communist;Communist Party;Communist Party;Communist Party;;Communist Party;;;;;;;;;;;x,
IOM_fascist;Mec Vannin;Mec Vannin;Mec Vannin;;Mec Vannin;;;;;;;;;;;x,
ISL;Islamic Caliphate;;;;;;;;;;;;x;;;,
ISL_ADJ;Islamic;;;;;;;;;;;;x;;;,
ISL_proletarian_dictatorship;Islamic People's Republic;;;;;;;;;;;;x;;;,
ISL_presidential_dictatorship;Islamic Republic;;;;;;;;;;;;x;;;,
ISL_bourgeois_dictatorship;Islamic Republic;;;;;;;;;;;;x;;;,
ISL_democracy;Islamic Republic;;;;;;;;;;;;x;;;,
ISL_liberal;Islamic Liberal faction;Liberal Faction;Liberal Faction;;Liberal Faction;;;;;;;;;;;x,
ISL_conservative;Islamic Conservative Faction;Conservative Faction;;Conservative Faction;;;;;;;;;;;x;,
ISL_reactionary;Islamic Fundamentalist Faction;Monarchist Faction;Monarchist Faction;;Monarchist Faction;;;;;;;;;;;x,
ISL_socialist;Socialist Faction;Labour Faction;Labour Faction;;Labour Faction;;;;;;;;;;;x,
ISL_anarcho_liberals;Anarchist Faction;Anarchist Faction;Anarchist Faction;;Anarchist Faction;;;;;;;;;;;x,
ISL_communist;Communist Faction;Communist Faction;Communist Faction;;Communist Faction;;;;;;;;;;;x,
ISL_fascist;Mujahideen Faction;Norman Faction;Norman Faction;;Norman Faction;;;;;;;;;;;x,
ITA_reactionary;Fazione Monarchica;Fazione Monarchica;Fazione Monarchica;;Fazione Monarchica;;;;;;;;;x;;,
ITA_conservative;Destra Liberale;Destra Liberale;Destra Liberale;;Destra Liberale;;;;;;;;;x;;,
ITA_liberal;Sinistra Liberale;Sinistra Liberale;Sinistra Liberale;;Sinistra Liberale;;;;;;;;;x;;,
ITA_liberal_2;Partito Repubblicano Italiano;Partito Repubblicano Italiano;Partito Repubblicano Italiano;;Partito Repubblicano Italiano;;;;;;;;;x;;,
ITA_conservative_2;Partito Liberale Italiano;Partito Liberale Italiano;Partito Liberale Italiano;;Partito Liberale Italiano;;;;;;;;;x;;,
ITA_conservative_3;Partito Popolare Italiano;Partito Popolare Italiano;Partito Popolare Italiano;;Partito Popolare Italiano;;;;;;;;;x;;,
ITA_socialist;Partito Socialista Italiano;Partito Socialista Italiano;Partito Socialista Italiano;;Partito Socialista Italiano;;;;;;;;;x;;,
ITA_anarcho_liberal;Estrema Sinistra Liberale;Estrema Sinistra Liberale;Estrema Sinistra Liberale;;Estrema Sinistra Liberale;;;;;;;;;x;;,
ITA_communist;Partito Comunista d'Italia;Partito Comunista d'Italia;Partito Comunista d'Italia;;Partito Comunista d'Italia;;;;;;;;;x;;,
ITA_fascist;Partito Nazionale Fascista;Partito Nazionale Fascista;Partito Nazionale Fascista;;Partito Nazionale Fascista;;;;;;;;;x;;,
IVC;Ivory Coast;;;;;;;;;;;;x;;;,
IVC_ADJ;Ivorian;;;;;;;;;;;;x;;;,
IZH;Ingria;;;;;;;;;;;;x;;;,
IZH_ADJ;Ingrian;;;;;;;;;;;;x;;;,
JAM;Jamaica;JamaÔque;Jamaica;;Jamaica;;;;;;;;;x;;,
JAM_ADJ;Jamaican;JamaÔcain;Jamaican;;Jamaican;;;;;;;;;x;;,
JAM_conservative;Conservative Party;Conservative Party;Conservative Party;;;;;;;;;;;x;;,
JAM_liberal;Liberal Party;Liberal Party;Liberal Party;;;;;;;;;;;x;;,
JAM_reactionary;Alliance for National Unity;Alliance for National Unity;Alliance for National Unity;;;;;;;;;;;x;;,
JAM_socialist;People's Political Party;People's Political Party;People's Political Party;;;;;;;;;;;x;;,
JAM_communist;Worker's Party;Worker's Party;Worker's Party;;;;;;;;;;;x;;,
JAM_anarcho_liberal;Radical Party;Radical Party;Radical Party;;;;;;;;;;;x;;,
JAM_fascist;Fascist Party;Fascist Party;Fascist Party;;;;;;;;;;;x;;,
JAP_absolute_monarchy;Imperial Japan;;;;;;;;;;;x;;;;,
JAP_reactionary;Handoutou;Faction Shogunate;Shogunate Faction;;;;;;;;;;;;x;,
JAP_conservative;Rikken Teiseitou;Faction de la cour;Court Faction;;;;;;;;;;;;x;,
JAP_conservative_2;Rikken Kaishintou;Faction impÈrialiste;Imperialist Faction;;;;;;;;;;;;x;,
JAP_reactionary_2;Handoutou;Faction nationaliste;Nationalistische Fraktion;;;;;;;;;;;;x;,
JAP_conservative_3;Tachiagare Nippon;Faction conservatrice;Conservative Faction;;;;;;;;;;;;x;,
JAP_liberal;Aikokusha;Faction libÈrale;Liberal Faction;;;;;;;;;;;;x;,
JAP_socialist;Shakaitou;Faction marxiste;Marxist Faction;;;;;;;;;;;;x;,
JAP_communist;Kyousantou;Faction communiste;Kommunistische Fraktion;;;;;;;;;;;;x;,
JNG;Jersey & Guernsey;Jersey & Guernsey;Jersey und Guernsey;;Jersey & Guernsey;;;;;;;;;x;;,
JNG_ADJ;Channel Islander;JËrriais;Jerseyisch;;JerseyÈs;;;;;;;;;x;;,
JNG_liberal;Liberal faction;Liberal Faction;Liberal Faction;;Liberal Faction;;;;;;;;;;;x,
JNG_conservative;Conservative Faction;Conservative Faction;;Conservative Faction;;;;;;;;;;;x;,
JNG_reactionary;Monarchist Faction;Monarchist Faction;Monarchist Faction;;Monarchist Faction;;;;;;;;;;;x,
JNG_socialist;Labour Faction;Labour Faction;Labour Faction;;Labour Faction;;;;;;;;;;;x,
JNG_anarcho_liberal;Anarchist Faction;Anarchist Faction;Anarchist Faction;;Anarchist Faction;;;;;;;;;;;x,
JNG_communist;Communist Faction;Communist Faction;Communist Faction;;Communist Faction;;;;;;;;;;;x,
JNG_fascist;Norman Faction;Norman Faction;Norman Faction;;Norman Faction;;;;;;;;;;;x,
JOR;Jordan;;;;;;;;;;;;;x;;,
JOR_ADJ;Jordanian;;;;;;;;;;;;;x;;,
JOR_reactionary;Hizb al-Hashemiyya al-Urduni;;;;;;;;;;;;;x;;,
JOR_conservative;Hizb al-Wasat al-Islami;;;;;;;;;;;;;x;;,
JOR_liberal;Yasari-d-al-Dimaqrati al-Urduni;;;;;;;;;;;;;x;;,
JOR_anarcho_liberal;Al Anarkiliberali;;;;;;;;;;;;;x;;,
JOR_socialist;Hizb al-Baath al-Ishtiraki al-Urduni;;;;;;;;;;;;;x;;,
JOR_communist;Al-Hizb al-Shuyui al-Urduni;;;;;;;;;;;;;x;;,
JOR_fascist;Hizb al-Mustaqbal;;;;;;;;;;;;;x;;,
KAG;Ishikawa;;;;;;;;;;;;;x;;,
KAG_ADJ;Ishikawan;;;;;;;;;;;;;x;;,
KAG_absolute_monarchy;Kaga;;;;;;;;;;;;;x;;,
KAG_prussian_constitutionalism;Kaga;;;;;;;;;;;;;x;;,
KAG_hms_government;Kaga;;;;;;;;;;;;;x;;,
KAG_absolute_monarchy_ADJ;Maeda;;;;;;;;;;;;;x;;,
KAG_prussian_constitutionalism_ADJ;Maeda;;;;;;;;;;;;;x;;,
KAG_hms_government_ADJ;Maeda;;;;;;;;;;;;;x;;,
KAM;Kamchatka;;;;;;;;;;;;;x;;,
KAM_ADJ;Kamchatkan;;;;;;;;;;;;;x;;,
KAM_presidential_dictatorship;Far Eastern Republic;;;;;;;;;;;;;x;;,
KAM_bourgeois_dictatorship;Far Eastern Republic;;;;;;;;;;;;;x;;,
KAM_proletarian_dictatorship;Far Eastern Republic;;;;;;;;;;;;;x;;,
KAM_conservative;The Conservatives;Faction royale;Kˆnigsfraktion;;;;;;;;;;;x;;,
KAM_liberal;The Liberals;Faction libÈrale;Die liberale Fraktion;;;;;;;;;;;x;;,
KAM_reactionary;The Khanate Faction;Faction nationaliste;Die nationalistische Fraktion;;;;;;;;;;;x;;,
KAM_anarcho_liberal;The Libertains;Faction radicale;Die radikale Fraktion;;;;;;;;;;;x;;,
KAM_socialist;The Socialists;Faction socialiste;Die sozialistische Fraktion;;;;;;;;;;;x;;,
KAM_communist;The Communists;Faction communiste;Die kommunistische Fraktion;;;;;;;;;;;x;;,
KAM_fascist;The Nationalists;Faction fasciste;Die faschistische Fraktion;;;;;;;;;;;x;;,
KAZ;Kazakhstan;;;;;;;;;;;;;x;;,
KAZ_ADJ;Kazakh;;;;;;;;;;;;;x;;,
KAZ_conservative;The Conservatives;Faction royale;Kˆnigsfraktion;;;;;;;;;;;x;;,
KAZ_liberal;The Liberals;Faction libÈrale;Die liberale Fraktion;;;;;;;;;;;x;;,
KAZ_reactionary;The Khanate Faction;Faction nationaliste;Die nationalistische Fraktion;;;;;;;;;;;x;;,
KAZ_anarcho_liberal;The Libertains;Faction radicale;Die radikale Fraktion;;;;;;;;;;;x;;,
KAZ_socialist;The Socialists;Faction socialiste;Die sozialistische Fraktion;;;;;;;;;;;x;;,
KAZ_communist;The Communists;Faction communiste;Die kommunistische Fraktion;;;;;;;;;;;x;;,
KAZ_fascist;The Nationalists;Faction fasciste;Die faschistische Fraktion;;;;;;;;;;;x;;,
KCH;Kachin;;;;;;;;;;;;;x;;,
KCH_ADJ;Kachin;;;;;;;;;;;;;x;;,
KDS;Kurdistan;;;;;;;;;;;;;x;;,
KDS_ADJ;Kurdish;;;;;;;;;;;;;x;;,
KDS_conservative;Meclis-i MÓran;;;;;;;;;;;;;x;;,
KDS_conservative_2;Partiya KurdistanÍ;;;;;;;;;;;;;x;;,
KDS_liberal;Azadi;;;;;;;;;;;;;x;;,
KDS_liberal_2;HÍvÓ;;;;;;;;;;;;;x;;,
KDS_liberal_3;YeketÓ NistÓman;;;;;;;;;;;;;x;;,
KDS_reactionary;Meclis-i Mesayih;;;;;;;;;;;;;x;;,
KDS_reactionary_2;Bizutnawai Islami;;;;;;;;;;;;;x;;,
KDS_anarcho_liberal;Terakkipeweran;;;;;;;;;;;;;x;;,
KDS_socialist;Partiya KarkerÍn;;;;;;;;;;;;;x;;,
KDS_socialist_2;Partiya Zahmatkesan;;;;;;;;;;;;;x;;,
KDS_fascist;Jiyanewe;;;;;;;;;;;;;x;;,
KDS_communist;Komala;;;;;;;;;;;;;x;;,
KER;Cornwall;Cornouailles;Cornwall;;Cornwall;;;;;;;;;x;;,
KER_ADJ;Cornish;Cornouaillais;Cornish;CornÈs;;;;;;;;;x;;;,
KER_conservative;Conservative Party;Conservative Party;Conservative Party;;;;;;;;;;;x;;,
KER_liberal;Liberal Party;Liberal Party;Liberal Party;;;;;;;;;;;x;;,
KER_reactionary;Party Kenethlegek;Party Kenethlegek;Party Kenethlegek;;;;;;;;;;;x;;,
KER_socialist;Labour Party;Labour Party;Labour Party;;;;;;;;;;;x;;,
KER_communist;Miners' and Fishers' Party;Miners' and Fishers' Party;Miners' and Fishers' Party;;;;;;;;;;;x;;,
KER_anarcho_liberal;Radical Party;Radical Party;Radical Party;;;;;;;;;;;x;;,
KER_fascist;Mebyon Kernow;Mebyon Kernow;Mebyon Kernow;;;;;;;;;;;x;;,
KIT;Saint Kitts;;;;;;;;;;;;x;;;,
KIT_ADJ;Kittitian;;;;;;;;;;;;x;;;,
KLM;Kalimantan;;;;;;;;;;;;;x;;,
KLM_ADJ;Kalimantan;;;;;;;;;;;;;x;;,
KMK;Kalmykia;;;;;;;;;;;;x;;;,
KMK_fascist_dictatorship;Kalmyk Khanate;;;;;;;;;;;;x;;;,
KMK_proletarian_dictatorship;Kalmyk Republic;;;;;;;;;;;;x;;;,
KMK_ADJ;Kalmyk;;;;;;;;;;;;x;;;,
KMK_conservative;The Conservatives;Faction royale;Kˆnigsfraktion;;;;;;;;;;;x;;,
KMK_liberal;The Liberals;Faction libÈrale;Die liberale Fraktion;;;;;;;;;;;x;;,
KMK_reactionary;The Khanate Faction;Faction nationaliste;Die nationalistische Fraktion;;;;;;;;;;;x;;,
KMK_anarcho_liberal;The Libertains;Faction radicale;Die radikale Fraktion;;;;;;;;;;;x;;,
KMK_socialist;The Socialists;Faction socialiste;Die sozialistische Fraktion;;;;;;;;;;;x;;,
KMK_communist;The Communists;Faction communiste;Die kommunistische Fraktion;;;;;;;;;;;x;;,
KMK_fascist;The Mongolian Faction;Faction fasciste;Die faschistische Fraktion;;;;;;;;;;;x;;,
KMT;Nationalist China;;;;;;;;;;;;x;;;,
KMT_ADJ;Nationalist Chinese;;;;;;;;;;;;x;;;,
KMT_conservative;Imperial Faction;Faction impÈriale;Kaiserliche Fraktion;;;;;;;;;;;;x;,
KMT_conservative_2;Zhiqiang;Zhiqiang;Zhiqiang;;;;;;;;;;;;x;,
KMT_liberal;Reformers;RÈformateurs;Reformer;;;;;;;;;;;;x;,
KMT_reactionary;Conservatives;Conservateurs;Konservative;;;;;;;;;;;;x;,
KMT_anarcho_liberal;Republicans;RÈpublicains;Republikaner;;;;;;;;;;;;x;,
KMT_liberal_2;Kuomintang Sun;Kuomintang Sun;Kuomintang Sun;;;;;;;;;;;;x;,
KMT_liberal_3;Feng Yuxiang;Feng Yuxiang;Feng Yuxiang;;;;;;;;;;;;x;,
KMT_socialist;Socialists;Socialistes;Sozialisten;;;;;;;;;;;;x;,
KMT_communist;Communist Party of China;Parti communiste chinois;Kommunistische Partei Chinas;;;;;;;;;;;;x;,
KMT_fascist;Fascists;Fascistes;Faschisten;;;;;;;;;;;;x;,
KMT_conservative_4;Kuomintang Chiang;Kuomintang Chiang;Kuomintang Chiang;;;;;;;;;;;;x;,
KNY;Kenya;;;;;;;;;;;;x;;;,
KNY_ADJ;Kenyan;;;;;;;;;;;;x;;;,
KRL;Karelia;;;;;;;;;;;;x;;;,
KRL_ADJ;Karelian;;;;;;;;;;;;x;;;,
KRL_conservative;Suomalainen puolue;Suomalainen puolue;Suomalainen puolue;;Suomalainen puolue;;;;;;;;;x;;,
KRL_conservative_2;Svenska partiet;Svenska partiet;Svenska partiet;;Svenska partiet;;;;;;;;;x;;,
KRL_liberal;Nuorsuomalaiset;Nuorsuomalaiset;Nuorsuomalaiset;;Nuorsuomalaiset;;;;;;;;;x;;,
KRL_liberal_2;Edistyspuolue;Edistyspuolue;Edistyspuolue;;Edistyspuolue;;;;;;;;;x;;,
KRL_reactionary;Kokoomus;Kokoomus;Kokoomus;;Kokoomus;;;;;;;;;x;;,
KRL_socialist;Sosiaalidemokraatit;Sosiaalidemokraatit;Sosiaalidemokraatit;;Sosiaalidemokraatit;;;;;;;;;x;;,
KRL_anarcho_liberal;Aktivistinen vastustuspuolue;Aktivistinen vastustuspuolue;Aktivistinen vastustuspuolue;;Aktivistinen vastustuspuolue;;;;;;;;;x;;,
KRL_communist;Punakaarti;Punakaarti;Punakaarti;;Punakaarti;;;;;;;;;x;;,
KRL_fascist;Fascists;Fascistes;Faschisten;;Fascistas;;;;;;;;;x;;,
KRN;Karnatak;;;;;;;;;;;;x;;;,
KRN_ADJ;Karnatak;;;;;;;;;;;;x;;;,
KRN_democracy;Tamil Nadu;;;;;;;;;;;;x;;;,
KRN_democracy_ADJ;Tamil;;;;;;;;;;;;x;;;,
KRN_fascist_dictatorship;Tamil Nadu;;;;;;;;;;;;x;;;,
KRN_fascist_dictatorship_ADJ;Tamil;;;;;;;;;;;;x;;;,
KRN_bourgeois_dictatorship;Tamil Nadu;;;;;;;;;;;;x;;;,
KRN_bourgeois_dictatorship_ADJ;Tamil;;;;;;;;;;;;x;;;,
KRN_proletarian_dictatorship;Republic of the Carnatic;;;;;;;;;;;;x;;;,
KRN_proletarian_dictatorship_ADJ;Carnatic;;;;;;;;;;;;x;;;,
KRN_conservative;Royal Faction;Faction royale;Kˆnigsfraktion;;;;;;;;;;;;x;,
KRN_liberal;The Liberal Faction;Faction libÈrale;Die liberale Fraktion;;;;;;;;;;;;x;,
KRN_reactionary;The Nationalist Faction;Faction nationaliste;Die nationalistische Fraktion;;;;;;;;;;;;x;,
KRN_anarcho_liberal;The Radical Faction;Faction radicale;Die radikale Fraktion;;;;;;;;;;;;x;,
KRN_socialist;The Socialist Faction;Faction socialiste;Die sozialistische Fraktion;;;;;;;;;;;;x;,
KRN_communist;The Communist Faction;Faction communiste;Die kommunistische Fraktion;;;;;;;;;;;;x;,
KRN_fascist;The Fascist Faction;Faction fasciste;Die faschistische Fraktion;;;;;;;;;;;;x;,
KRY;Krasnoyarsk;;;;;;;;;;;;;x;;,
KRY_ADJ;Ugrian;;;;;;;;;;;;;x;;,
KRY_conservative;The Conservatives;Faction royale;Kˆnigsfraktion;;;;;;;;;;;x;;,
KRY_liberal;The Liberals;Faction libÈrale;Die liberale Fraktion;;;;;;;;;;;x;;,
KRY_reactionary;The Khanate Faction;Faction nationaliste;Die nationalistische Fraktion;;;;;;;;;;;x;;,
KRY_anarcho_liberal;The Libertains;Faction radicale;Die radikale Fraktion;;;;;;;;;;;x;;,
KRY_socialist;The Socialists;Faction socialiste;Die sozialistische Fraktion;;;;;;;;;;;x;;,
KRY_communist;The Communists;Faction communiste;Die kommunistische Fraktion;;;;;;;;;;;x;;,
KRY_fascist;The Nationalists;Faction fasciste;Die faschistische Fraktion;;;;;;;;;;;x;;,
KTI;Kutai;;;;;;;;;;;;;x;;,
KTI_ADJ;Kutain;;;;;;;;;;;;;x;;,
KTI_conservative;Royal Faction;;;;;;;;;;;;x;;;,
KTI_liberal;The Liberal Faction;;;;;;;;;;;;x;;;,
KTI_reactionary;The Nationalist Faction;;;;;;;;;;;;x;;;,
KTI_anarcho_liberal;The Radical Faction;;;;;;;;;;;;x;;;,
KTI_socialist;The Socialist Faction;;;;;;;;;;;;x;;;,
KTI_communist;The Communist Faction;;;;;;;;;;;;x;;;,
KTI_fascist;The Fascist Faction;;;;;;;;;;;;x;;;,
KYR;Kyrgyzstan;;;;;;;;;;;;;x;;,
KYR_ADJ;Kyrgyz;;;;;;;;;;;;;x;;,
KYR_conservative;Royal Faction;Faction royale;Kˆnigsfraktion;;;;;;;;;;;;x;,
KYR_liberal;The Liberal Faction;Faction libÈrale;Die liberale Fraktion;;;;;;;;;;;;x;,
KYR_reactionary;The Nationalist Faction;Faction nationaliste;Die nationalistische Fraktion;;;;;;;;;;;;x;,
KYR_anarcho_liberal;The Radical Faction;Faction radicale;Die radikale Fraktion;;;;;;;;;;;;x;,
KYR_socialist;The Socialist Faction;Faction socialiste;Die sozialistische Fraktion;;;;;;;;;;;;x;,
KYR_communist;The Communist Faction;Faction communiste;Die kommunistische Fraktion;;;;;;;;;;;;x;,
KYR_fascist;The Fascist Faction;Faction fasciste;Die faschistische Fraktion;;;;;;;;;;;;x;,
LAN;Lanfang;;;;;;;;;;;;x;;;,
LAN_ADJ;Lanfang;;;;;;;;;;;;x;;;,
LAN_conservative;Conservative Kongsi;;;;;;;;;;;;x;;;,
LAN_liberal;Liberal Kongsi;;;;;;;;;;;;x;;;,
LAN_reactionary;Nationalist Kongsi;;;;;;;;;;;;x;;;,
LAN_anarcho_liberal;Radical Kongsi;;;;;;;;;;;;x;;;,
LAN_socialist;Socialist Kongsi;;;;;;;;;;;;x;;;,
LAN_communist;The Communist Kongsi;;;;;;;;;;;;x;;;,
LAN_fascist;Fascist Kongsi;;;;;;;;;;;;x;;;,
LBY;Libya;;;;;;;;;;;;x;;;,
LBY_ADJ;Libyan;;;;;;;;;;;;x;;;,
LBN;Lebanon;;;;;;;;;;;;;x;;,
LBN_ADJ;Lebanese;;;;;;;;;;;;;x;;,
LBN_liberal;Harakat al-Tajaddod al-Dimoqrati;;;;;;;;;;;;;x;;,
LBN_conservative;At-Tayyar al-Watani al-Horr;;;;;;;;;;;;;x;;,
LBN_socialist;Hizb al-Taqadummi al-Ishtiraki;;;;;;;;;;;;;x;;,
LBN_reactionary;Harakat al-Qawmiyyin al-Arab;;;;;;;;;;;;;x;;,
LBN_anarcho_liberal;Hizb al-Wataniyyin al-Ahrar;;;;;;;;;;;;;x;;,
LBN_communist;Al-Hizb al-Shooyoo'i al-Lubnani;;;;;;;;;;;;;x;;,
LBN_fascist;Phalanges Libanaises;;;;;;;;;;;;;x;;,
LEO;Leon;;;;;;;;;;;;;x;;,
LEO_ADJ;Leonese;;;;;;;;;;;;;x;;,
LEO_conservative;Partido Moderado;;;;;;;;;;;;;x;;,
LEO_liberal;Partido Progresista;;;;;;;;;;;;;x;;,
LEO_reactionary;Comuni¢n Carlista;;;;;;;;;;;;;x;;,
LEO_socialist;Partido Socialista;;;;;;;;;;;;;x;;,
LEO_communist;Federaci¢n Regional;;;;;;;;;;;;;x;;,
LEO_anarcho_liberal;Partido Radical;;;;;;;;;;;;;x;;,
LEO_fascist;Falange;;;;;;;;;;;;;x;;,
LNA;Lan Na;Lan Na;LanNa;Lan Na;Lanna;Lan Na;LanNa;Lan Na;;;;;;x;;,
LNA_ADJ;Lan Nan;lan nan;Lan Nan;Lan Nan;de Lanna;Lan Nan;Lan Nan;Lanansk˝;;;;;;x;;,
LNN_conservative;Royal Faction;;;;;;;;;;;;x;;;,
LNN_liberal;The Liberal Faction;;;;;;;;;;;;x;;;,
LNN_reactionary;The Nationalist Faction;;;;;;;;;;;;x;;;,
LNN_anarcho_liberal;The Radical Faction;;;;;;;;;;;;x;;;,
LNN_socialist;The Socialist Faction;;;;;;;;;;;;x;;;,
LNN_communist;The Communist Faction;;;;;;;;;;;;x;;;,
LNN_fascist;The Fascist Faction;;;;;;;;;;;;x;;;,
LOM_reactionary;Monarchici;Monarchici;Monarchici;;Monarchici;;;;;;;;;x;;,
LOM_liberal;Intransigenti;Intransigenti;Intransige nti;;Intransigenti;;;;;;;;;x;;,
LOM_conservative;Transigenti;Transigenti;Transigen ti;;Transigenti;;;;;;;;;x;;,
LOM_socialist;Socialisti;Socialisti;Socialisti;;So cialisti;;;;;;;;;x;;,
LOM_communist;Rivoluzionari;Rivoluzionari;Rivoluzionari;;Rivoluzio nari;;;;;;;;;x;;,
LOM_reactionary_2;Cattolici;Cattolici;Cattolici;;C attolici;;;;;;;;;x;;,
LOM_anarcho_liberal;Radicali;Radicali;Radicali;;Radicali;;;;;;;;;x;;,
LOM_fascist;Fascisti;Fascisti;Fascisti;;Fascisti;;;;;;;;;x;;,
LOR;Lorraine;;;;;;;;;;;;;x;;,
LOR_ADJ;Lorrainian;;;;;;;;;;;;;;x;,
LOR_fascist_dictatorship;Lotharingia;;;;;;;;;;;;;x;;,
LOR_fascist_dictatorship_ADJ;Lotharingian;;;;;;;;;;;;;x;;,
LOS;Los Altos;;;;;;;;;;;;;x;;,
LOS_ADJ;Losaltan;;;;;;;;;;;;;x;;,
LOS_conservative;Partido Conservador;Partido Conservador;Partido Conservador;;;;;;;;;;;;x;,
LOS_liberal;Partido Liberal;Partido Liberal;Partido Liberal;;;;;;;;;;;;x;,
LOS_reactionary;Partido Nationalist;Partido nationaliste;Partido Nationalist;;;;;;;;;;;;x;,
LOS_anarcho_liberal;Partido Radical;Partido Radical;Partido Radical;;;;;;;;;;;;x;,
LOS_socialist;Partido Socialist;Partido socialiste;Partido Socialist;;;;;;;;;;;;x;,
LOS_communist;Partido Communist;Partido communiste;Partido Communist;;;;;;;;;;;;x;,
LOS_fascist;Partido Fascist;Partido fasciste;Partido Fascist;;;;;;;;;;;;x;,
LPL;La Plata;;;;;;;;;;;;x;;;,
LPL_ADJ;Platine;;;;;;;;;;;;x;;;,
LSK;Alaska;;;;;;;;;;;;;x;;,
LSK_ADJ;Alaskan;;;;;;;;;;;;;x;;,
LSK_reactionary;Nationalist Party;;;;;;;;;;;;;x;;,
LSK_conservative;Democratic Party;;;;;;;;;;;;;x;;,
LSK_liberal;Republican Party;;;;;;;;;;;;;x;;,
LSK_anarcho_liberal;Liberal Economists;;;;;;;;;;;;;x;;,
LSK_socialist;Socialist Party;;;;;;;;;;;;;x;;,
LSK_communist;Bolsheviks;;;;;;;;;;;;;x;;,
LSK_fascist;Northern Futurists;;;;;;;;;;;;;x;;,
LUI;Saint Lucia;;;;;;;;;;;;x;;;,
LUI_ADJ;Lucian;;;;;;;;;;;;x;;;,
LUZ;Lusatia;;;;;;;;;;;;x;;;,
LUZ_ADJ;Lusatian;;;;;;;;;;;;x;;;,
LUZ_conservative;Conservative Party;;;;;;;;;;;;x;;;,
LUZ_liberal;Liberal Party;;;;;;;;;;;;x;;;,
LUZ_reactionary;Nationalist Party;;;;;;;;;;;;x;;;,
LUZ_anarcho_liberal;Radical Party;;;;;;;;;;;;x;;;,
LUZ_socialist;Socialist Party;;;;;;;;;;;;x;;;,
LUZ_communist;Communist Party;;;;;;;;;;;;x;;;,
LUZ_fascist;Fascist Party;;;;;;;;;;;;x;;;,
LXA_democracy;Laos;;;;;;;;;;;;;x;;,
LXA_democracy_ADJ;Lao;;;;;;;;;;;;;x;;,
LXA_proletarian_dictatorship;Lao People's Republic;;;;;;;;;;;;;x;;,
LXA_proletarian_dictatorship_ADJ;Lao;;;;;;;;;;;;;x;;,
LXA;Lan Xang;Lan Xang;LanXang;Lan Xang;Lane Xang;Lan Xang;LanXang;Lan Xang;;;;;;x;;,
LXA_ADJ;Lan Xangi;lan xang;Lan Xangi;Lan Xang;de Lane Xang;Lan Xang;Lan Xangi;Lanxangijsk˝;;;;;;x;;,
LXA_conservative;Royal Faction;;;;;;;;;;;;x;;;,
LXA_liberal;The Liberal Faction;;;;;;;;;;;;x;;;,
LXA_reactionary;The Nationalist Faction;;;;;;;;;;;;x;;;,
LXA_anarcho_liberal;The Radical Faction;;;;;;;;;;;;x;;;,
LXA_socialist;The Socialist Faction;;;;;;;;;;;;x;;;,
LXA_communist;The Communist Faction;;;;;;;;;;;;x;;;,
LXA_fascist;The Fascist Faction;;;;;;;;;;;;x;;;,
MAH;Maharashtra;;;;;;;;;;;;x;;;,
MAH_ADJ;Maharashtran;;;;;;;;;;;;x;;;,
MAH_conservative;Royal Faction;;;;;;;;;;;;x;;;,
MAH_liberal;The Liberal Faction;;;;;;;;;;;;x;;;,
MAH_reactionary;The Nationalist Faction;;;;;;;;;;;;x;;;,
MAH_anarcho_liberal;The Radical Faction;;;;;;;;;;;;x;;;,
MAH_socialist;The Socialist Faction;;;;;;;;;;;;x;;;,
MAH_communist;Communist Faction;;;;;;;;;;;;x;;;,
MAH_fascist;The Fascist Faction;;;;;;;;;;;;x;;;,
MAL;Maluku;;;;;;;;;;;;x;;;,
MAL_ADJ;Moluccan;;;;;;;;;;;;x;;;,
MAR;Marianas;Marianas;Marianas;;;;;;;;;;;;x;,
MAR_ADJ;Marianan;Marianan;Marianan;;;;;;;;;;;;x;,
MCD;Macedonia;;;;;;;;;;;;x;;;,
MCD_ADJ;Macedonian;;;;;;;;;;;;x;;;,
MDR;Madeiras;;;;;;;;;;;;;x;;,
MDR_ADJ;Madeiran;;;;;;;;;;;;;x;;,
MDR_conservative;Partido Conservador;;;;;;;;;;;;;x;;,
MDR_liberal;Partido Liberal;;;;;;;;;;;;;x;;,
MDR_reactionary;Partido Real;;;;;;;;;;;;;x;;,
MDR_socialist;Partido Socialist;;;;;;;;;;;;;x;;,
MDR_communist;Partido Communist;;;;;;;;;;;;;x;;,
MDR_anarcho_liberal;Partido Anarchist;;;;;;;;;;;;;x;;,
MDR_fascist;Fascistos;;;;;;;;;;;;;x;;,
MGH;Maghreb;;;;;;;;;;;;x;;;,
MGH_ADJ;Maghrebi;;;;;;;;;;;;x;;;,
MLI;Mali;;;;;;;;;;;;;x;;,
MLI_ADJ;Malian;;;;;;;;;;;;;x;;,
MLI_absolute_monarchy;Mali Empire;;;;;;;;;;;;;x;;,
MLI_prussian_constitutionalism;Mali Empire;;;;;;;;;;;;;x;;,
MLI_hms_government;Mali Empire;;;;;;;;;;;;;x;;,
MLI_proletarian_dictatorship;Mali Republic;;;;;;;;;;;;;x;;,
MLT;Malta;;;;;;;;;;;;x;;;,
MLT_ADJ;Maltese;;;;;;;;;;;;x;;;,
MLT_conservative;Partit Nazzjonalista;Partit Nazzjonalista;Partit Nazzjonalista;;;;;;;;;;;x;;,
MLT_liberal;Constitutional Party;Constitutional Party;Constitutional Party;;;;;;;;;;;x;;,
MLT_reactionary;Azzjoni Nazzjonali;Azzjoni Nazzjonali;Azzjoni Nazzjonali;;;;;;;;;;;x;;,
MLT_socialist;Partit Laburista;Partit Laburista;Partit Laburista;;;;;;;;;;;x;;,
MLT_communist;Communist Party;Communist Party;Communist Party;;;;;;;;;;;x;;,
MLT_anarcho_liberal;Alpha Partit Liberali;Alpha Partit Liberali;Alpha Partit Liberali;;;;;;;;;;;x;;,
MLT_fascist;Imperium Europa;Imperium Europa;Imperium Europa;;;;;;;;;;;x;;,
MLW;Malawi;;;;;;;;;;;;x;;;,
MLW_ADJ;Malawian;;;;;;;;;;;;x;;;,
MLW_absolute_monarchy;Nyasaland;;;;;;;;;;;;x;;;,
MLW_prussian_constitutionalism;Nyasaland;;;;;;;;;;;;x;;;,
MLW_hms_government;Nyasaland;;;;;;;;;;;;x;;;,
MLW_absolute_monarchy_ADJ;Nyasa;;;;;;;;;;;;x;;;,
MLW_prussian_constitutionalism_ADJ;Nyasa;;;;;;;;;;;;x;;;,
MLW_hms_government_ADJ;Nyasa;;;;;;;;;;;;x;;;,
MLY;Malaysia;;;;;;;;;;;;x;;;,
MLY_ADJ;Malaysian;;;;;;;;;;;;x;;;,
MLY_absolute_monarchy;Malaya;;;;;;;;;;;;x;;;,
MLY_prussian_constitutionalism;Malaya;;;;;;;;;;;;x;;;,
MLY_hms_government;Malay Federation;;;;;;;;;;;;x;;;,
MLY_absolute_monarchy_ADJ;Malay;;;;;;;;;;;;x;;;,
MLY_prussian_constitutionalism_ADJ;Malay;;;;;;;;;;;;x;;;,
MLY_hms_government_ADJ;Malay;;;;;;;;;;;;x;;;,
MOD_reactionary;Restaurazionisti;Restaurazionisti;Restaurazionisti;;Restaurazionis ti;;;;;;;;;x;;,
MOD_conservative;Moderati ;Moderati ;Moderati;;Moderati ;;;;;;;;;x;;,
MOD_liberal;Riformisti ;Riformisti ;Riformisti;;Riformisti ;;;;;;;;;x;;,
MOD_liberal_2;Liberali;Liberali;Liberali;;Liberali ;;;;;;;;;x;;,
MOD_socialist;Socialisti;Socialisti;Socialisti;;Socialisti;;;;;;;;; x;;,
MOD_conservative_2;Popolari;Popolari;Popolari;;Pop olari;;;;;;;;;x;;,
MOD_anarcho_liberal;Radicali;Radicali;Radicali;;Radicali;;;;;;;;;x;;,
MOD_communist;Comunisti;Comunisti;Comunisti;;Comunisti;;;;;;;;;x;;,
MOD_fascist;Fascisti;Fascisti;Fascisti;;Fascisti;;;;;;;;;x;;,
MOZ;Mozambique;;;;;;;;;;;;x;;;,
MOZ_ADJ;Mozambican;;;;;;;;;;;;x;;;,
MRS;Marshall Islands;Marshall Islands;Marshall Islands;;;;;;;;;;;;x;,
MRS_ADJ;Marshallese;Marshallese;Marshallese;;;;;;;;;;;;x;,
MRT;Marathas;;;;;;;;;;;;x;;;,
MRT_ADJ;Marathi;;;;;;;;;;;;x;;;,
MRT_absolute_monarchy;Maratha Empire;;;;;;;;;;;;x;;;,
MRT_prussian_constitutionalism;Maratha Empire;;;;;;;;;;;;x;;;,
MRT_democracy;Maratha Confederacy;;;;;;;;;;;;x;;;,
MRT_proletarian_dictatorship;Maratha Republic;;;;;;;;;;;;x;;;,
MRU;Maritime Republic;;;;;;;;;;;;x;;;,
MRU_absolute_monarchy;Maritime Union;;;;;;;;;;;;x;;;,
MRU_prussian_constitutionalism;Maritime Union;;;;;;;;;;;;x;;;,
MRU_hms_government;Maritime Union;;;;;;;;;;;;x;;;,
MRU_ADJ;Maritime;;;;;;;;;;;;x;;;,
NEJ_absolute_monarchy_ADJ;Saudi;;;;;;;;;;;;x;;;,
NEJ_prussian_constitutionalism_ADJ;Saudi;;;;;;;;;;;;x;;;,
NEJ_hms_government_ADJ;Saudi;;;;;;;;;;;;x;;;,
NGR;Nigeria;;;;;;;;;;;;x;;;,
NGR_ADJ;Nigerian;;;;;;;;;;;;x;;;,
NIG;Niger;;;;;;;;;;;;x;;;,
NIG_ADJ;Nigerien;;;;;;;;;;;;x;;;,
NOR_liberal;Liberals;;;;;;;;;;;;x;;;,
NOR_liberal_2;Venstre;;;;;;;;;;;;x;;;,
NOR_conservative;Conservatives;;;;;;;;;;;;x;;;,
NOR_conservative_2;H¯yre;;;;;;;;;;;;x;;;,
NOR_conservative_3;Moderate Venstre;;;;;;;;;;;;x;;;,
NOR_conservative_4;Samlingspartiet;;;;;;;;;;;;x;;;,
NOR_conservative_5;Frisinnede Venstre;;;;;;;;;;;;x;;;,
NOR_conservative_6;Kristelig Folkeparti;;;;;;;;;;;;x;;;,
NOR_anarcho_liberal_2;Arbeiderdemokratene;;;;;;;;;;;;x;;;,
NOR_socialist;Socialists;;;;;;;;;;;;x;;;,
NOR_socialist_2;Det Norske Arbeiderparti;;;;;;;;;;;;x;;;,
NOR_socialist_3;Norges Socialdemokratiske Arbeiderparti;;;;;;;;;;;;x;;;,
NOR_socialist_4;Bondepartiet;;;;;;;;;;;;x;;;,
NOR_communist_2;Det Norske Arbeiderparti;;;;;;;;;;;;x;;;,
NOR_communist_3;Norges Kommunistiske Parti;;;;;;;;;;;;x;;;,
NOR_fascist;Nationalists;;;;;;;;;;;;x;;;,
NOR_fascist_2;Nasjonal Samling;;;;;;;;;;;;x;;;,
NQL;North Queensland;North Queensland;North Queensland;;;;;;;;;;;x;;,
NQL_ADJ;North Queenslander;North Queenslander;North Queenslander;;;;;;;;;;;x;;,
NQL_fascist_dictatorship;Capricornia;Capricornia;Capricornia;;;;;;;;;;;x;;,
NQL_fascist_dictatorship_ADJ;Capricornian;Capricornian;Capricornian;;;;;;;;;;;x;;,
NQL_conservative;Conservative Faction;Conservative Faction;Conservative Faction;;;;;;;;;;;x;;,
NQL_conservative_1;Nationalist Party;Nationalist Party;Nationalist Party;;;;;;;;;;;x;;,
NQL_conservative_2;United Australia Party;United Australia Party;United Australia Party;;;;;;;;;;;x;;,
NQL_liberal;Liberal Faction;Liberal Faction;Liberal Faction;;;;;;;;;;;x;;,
NQL_liberal_1;Liberal Party;Liberal Party;Liberal Party;;;;;;;;;;;x;;,
NQL_socialist;Labour Faction;Labour Faction;Labour Faction;;;;;;;;;;;x;;,
NQL_socialist_1;Labor Party;Labor Party;Labor Party;;;;;;;;;;;x;;,
NQL_communist;Communist Party;Communist Party;Communist Party;;;;;;;;;;;x;;,
NQL_reactionary;Radical Nationalists;Radical Nationalists;Radical Nationalists;;;;;;;;;;;x;;,
NQL_reactionary_2;Country Party;Country Party;Country Party;;;;;;;;;;;x;;,
NQL_anarcho_liberal;Radical Liberals;Radical Liberals;Radical Liberals;;;;;;;;;;;x;;,
NQL_fascist;Fascist Party;Fascist Party;Fascist Party;;;;;;;;;;;x;;,
NSW;New South Wales;New South Wales;New South Wales;;;;;;;;;;;x;;,
NSW_ADJ;New South Welsh;New South Welsh;New South Welsh;;;;;;;;;;;x;;,
NSW_conservative;Conservative Faction;Conservative Faction;Conservative Faction;;;;;;;;;;;x;;,
NSW_conservative_1;Protectionist Party;Protectionist Party;Protectionist Party;;;;;;;;;;;x;;,
NSW_conservative_2;Progressive Party;Progressive Party;Progressive Party;;;;;;;;;;;x;;,
NSW_conservative_3;Nationalist Party;Nationalist Party;Nationalist Party;;;;;;;;;;;x;;,
NSW_conservative_4;United Australia Party;United Australia Party;United Australia Party;;;;;;;;;;;x;;,
NSW_liberal;Liberal Faction;Liberal Faction;Liberal Faction;;;;;;;;;;;x;;,
NSW_liberal_1;Free Trade Party;Free Trade Party;Free Trade Party;;;;;;;;;;;x;;,
NSW_liberal_2;Liberal Reform Party;Liberal Reform Party;Liberal Reform Party;;;;;;;;;;;x;;,
NSW_liberal_3;Liberal Party;Liberal Party;Liberal Party;;;;;;;;;;;x;;,
NSW_socialist;Labour Faction;Labour Faction;Labour Faction;;;;;;;;;;;x;;,
NSW_socialist_1;Labor Party;Labor Party;Labor Party;;;;;;;;;;;x;;,
NSW_communist;Communist Party;Communist Party;Communist Party;;;;;;;;;;;x;;,
NSW_reactionary;Radical Nationalists;Radical Nationalists;Radical Nationalists;;;;;;;;;;;x;;,
NSW_reactionary_1;Farmers and Settlers Party;Farmers and Settlers Party;Farmers and Settlers Party;;;;;;;;;;;x;;,
NSW_reactionary_2;Progressive Party;Progressive Party;Progressive Party;;;;;;;;;;;x;;,
NSW_reactionary_3;Country Party;Country Party;Country Party;;;;;;;;;;;x;;,
NSW_anarcho_liberal;Radical Liberals;Radical Liberals;Radical Liberals;;;;;;;;;;;x;;,
NSW_fascist;New Guard;New Guard;New Guard;;;;;;;;;;;x;;,
NTA;North Australia;North Australia;North Australia;;;;;;;;;;;x;;,
NTA_ADJ;North Australian;North Australian;North Australian;;;;;;;;;;;x;;,
NTA_conservative;Conservative Faction;Conservative Faction;Conservative Faction;;;;;;;;;;;x;;,
NTA_conservative_1;Nationalist Party;Nationalist Party;Nationalist Party;;;;;;;;;;;x;;,
NTA_conservative_2;United Australia Party;United Australia Party;United Australia Party;;;;;;;;;;;x;;,
NTA_liberal;Liberal Faction;Liberal Faction;Liberal Faction;;;;;;;;;;;x;;,
NTA_liberal_1;Liberal Party;Liberal Party;Liberal Party;;;;;;;;;;;x;;,
NTA_socialist;Labour Faction;Labour Faction;Labour Faction;;;;;;;;;;;x;;,
NTA_socialist_1;Labor Party;Labor Party;Labor Party;;;;;;;;;;;x;;,
NTA_communist;Communist Party;Communist Party;Communist Party;;;;;;;;;;;x;;,
NTA_reactionary;Radical Nationalists;Radical Nationalists;Radical Nationalists;;;;;;;;;;;x;;,
NTA_reactionary_2;Country Party;Country Party;Country Party;;;;;;;;;;;x;;,
NTA_anarcho_liberal;Radical Liberals;Radical Liberals;Radical Liberals;;;;;;;;;;;x;;,
NTA_fascist;Fascist Party;Fascist Party;Fascist Party;;;;;;;;;;;x;;,
NYE;North Yemen;;;;;;;;;;;x;;;;,
NYE_ADJ;North Yemeni;;;;;;;;;;;x;;;;,
NYE_absolute_monarchy;Zaydi;;;;;;;;;;;x;;;;,
NYE_prussian_constitutionalism;Kingdom of Yemen;;;;;;;;;;;x;;;;,
NYE_hms_government;Kingdom of Yemen;;;;;;;;;;;x;;;;,
NYE_absolute_monarchy_ADJ;Zaidiyyah;;;;;;;;;;;x;;;;,
OAX;Oaxaca;;;;;;;;;;;;x;;;,
OAX_ADJ;Oaxacan;;;;;;;;;;;;x;;;,
OAX_conservative;Conservative Party;;;;;;;;;;;;x;;;,
OAX_liberal;Liberal Party;;;;;;;;;;;;x;;;,
OAX_reactionary;Nationalist Party;;;;;;;;;;;;x;;;,
OAX_anarcho_liberal;Radical Party;;;;;;;;;;;;x;;;,
OAX_socialist;Socialist Party;;;;;;;;;;;;x;;;,
OAX_communist;Communist Party;;;;;;;;;;;;x;;;,
OAX_fascist;Fascist Party;;;;;;;;;;;;x;;;,
OCC;Occitania;Occitanie;Occitania;;Occitania;;;;;;;;;x;;,
OCC_ADJ;Occitan;Occitain;Occitanisch;;Occitano;;;;;;;;;x;;,
OCC_reactionary;Partit Reiau-Alo;Partit Reiau-Alo;Partit Reiau-Alo;;Partit Reiau-Alo;;;;;;;;;;;x,
OCC_liberal;Partit de lo Nacioun ”ucitano;Partit de lo Nacioun ”ucitano;Partit de lo Nacioun ”ucitano;;;;;;;;;;;x;;,
OCC_conservative;Partit Counservadouro;Partit Counservadouro;Partit Counservadouro;;Partit Counservadouro;;;;;;;;;;;x,
OCC_socialist;Partit Soucialisto;Partit Soucialisto;Partit Soucialisto;;Partit Soucialisto;;;;;;;;;;;x,
OCC_anarcho_liberal;Partit Anarquisto;Partit Anarquisto;Partit Anarquisto;;Partit Anarquisto;;;;;;;;;;;x,
OCC_communist;Partit Comunisto;Partit Comunisto;Partit Comunisto;;Partit Comunisto;;;;;;;;;;;x,
OCC_fascist;Partit Faissisto;Partit Faissisto;Partit Faissisto;;Partit Faissisto;;;;;;;;;;;x,
PAP_democracy;Roman Republic;;;;;;;;;;;;;x;;,
PAP_presidential_dictatorship;Roman Republic;;;;;;;;;;;;;x;;,
PAP_bourgeois_dictatorship;Roman Republic;;;;;;;;;;;;;x;;,
PAP_fascist_dictatorship;Roman Republic;;;;;;;;;;;;;x;;,
PAP_ADJ_democracy;Roman;;;;;;;;;;;;;x;;,
PAP_ADJ_presidential_dictatorship;Roman;;;;;;;;;;;;;x;;,
PAP_ADJ__bourgeois_dictatorship;Roman;;;;;;;;;;;;;x;;,
PAP_ADJ_proletarian_dictatorship;Roman;;;;;;;;;;;;;x;;,
PAP_ADJ_fascist_dictatorship;Roman;;;;;;;;;;;;;x;;,
PAR_reactionary;Restaurazionisti;Restaurazionisti;Restaurazionisti;;Restaurazionis ti;;;;;;;;;x;;,
PAR_conservative;Moderati ;Moderati ;Moderati;;Moderati ;;;;;;;;;x;;,
PAR_liberal;Riformisti ;Riformisti ;Riformisti;;Riformisti ;;;;;;;;;x;;,
PAR_liberal_2;Liberali;Liberali;Liberali;;Liberali ;;;;;;;;;x;;,
PAR_socialist;Socialisti;Socialisti;Socialisti;;Socialisti;;;;;;;;; x;;,
PAR_conservative_2;Popolari;Popolari;Popolari;;Pop olari;;;;;;;;;x;;,
PAR_anarcho_liberal;Radicali;Radicali;Radicali;;Radicali;;;;;;;;;x;;,
PAR_communist;Comunisti;Comunisti;Comunisti;;Comunisti;;;;;;;;;x;;,
PAR_fascist;Fascisti;Fascisti;Fascisti;;Fascisti;;;;;;;;;x;;,
PBC;Peru-Bolivia;;;;;;;;;;;;;x;;,
PBC_ADJ;Peru-Bolivian;;;;;;;;;;;;;x;;,
PBC_proletarian_dictatorship;Andes Commonwealth;;;;;;;;;;;;;x;;,
PBC_proletarian_dictatorship_ADJ;Andine;;;;;;;;;;;;;;;,
PBC_democracy;Andes Republic;;;;;;;;;;;;;;;,
PBC_democracy_ADJ;Andine;;;;;;;;;;;;;;;,
PLS;Palestine;;;;;;;;;;;;;x;;,
PLS_ADJ;Palestinian;;;;;;;;;;;;;x;;,
PLS_reactionary;Al Raj'i;;;;;;;;;;;;;x;;,
PLS_conservative;Al Muhafidh;;;;;;;;;;;;;x;;,
PLS_liberal;Al Mutaharir;;;;;;;;;;;;;x;;,
PLS_anarcho_liberal;Al Anarkiliberali;;;;;;;;;;;;;x;;,
PLS_socialist;Al Ishtiraki;;;;;;;;;;;;;x;;,
PLS_communist;Al Shiu'i;;;;;;;;;;;;;x;;,
PLS_fascist;Al Fashi;;;;;;;;;;;;;x;;,
PLU;Palau;Palau;Palau;;;;;;;;;;;;x;,
PLU_ADJ;Palauan;Palauan;Palauan;;;;;;;;;;;;x;,
PAN_fascist_dictatorship;Khalistan;;;;;;;;;;;;x;;;,
PAN_fascist_dictatorship_ADJ;Khalistani;;;;;;;;;;;;x;;;,
PML;Pomerelia;;;;;;;;;;;;x;;;,
PML_ADJ;Pomerelian;;;;;;;;;;;;x;;;,
PNP;Pohnpei;Pohnpei;Pohnpei;;;;;;;;;;;;x;,
PNP_ADJ;Pohnpeian;Pohnpeian;Pohnpeian;;;;;;;;;;;;x;,
PNT;Pontus;;;;;;;;;;;;x;;;,
PNT_ADJ;Pontic;;;;;;;;;;;;x;;;,
PRI;Puerto Rico;Puerto Rico;Puerto Rico;;Puerto Rico;;;;;;;;;x;;,
PRI_ADJ;Puerto Rican;Puerto Ricain;?;;?;;;;;;;;;x;;,
PRI_liberal;Partido Liberal;Partido Liberal;Partido Liberal;;;;;;;;;;;x;;,
PRI_socialist;Partido Socialista;Partido Socialista;Partido Socialista;;;;;;;;;;;x;;,
PRI_conservative;Partido Estadista Republicano;Partido Estadista Republicano;Partido Estadista Republicano;;;;;;;;;;;x;;,
PRI_anarcho_liberal;Partido Anarchista;Partido Anarchista;Partido Anarchista;;;;;;;;;;;x;;,
PRI_communist;Partido Comunista;Partido Comunista;Partido Comunista;;;;;;;;;;;x;;,
PRI_fascist;Partido Nacionalista;Partido Nacionalista;Partido Nacionalista;;;;;;;;;;;x;;,
PRI_reactionary;UniÛn Republicana;UniÛn Republicana;UniÛn Republicana;;;;;;;;;;;x;;,
PTG;Patagonia;;;;;;;;;;;;x;;;,
PTG_ADJ;Patagonian;;;;;;;;;;;;x;;;,
PTG_conservative;Royal Faction;;;;;;;;;;;;x;;;,
PTG_liberal;The Liberal Faction;;;;;;;;;;;;x;;;,
PTG_reactionary;The Nationalist Faction;;;;;;;;;;;;x;;;,
PTG_anarcho_liberal;The Radical Faction;;;;;;;;;;;;x;;;,
PTG_socialist;The Socialist Faction;;;;;;;;;;;;x;;;,
PTG_communist;The Communist Faction;;;;;;;;;;;;x;;;,
PTG_fascist;The Fascist Faction;;;;;;;;;;;;x;;;,
PZN;Galicja zachodnia;Poznan;Poznan;;Poznan;;;;;;;;;;x;,
PZN_ADJ;galicyjski;Poznan;Poznan;;Poznan;;;;;;;;;;x;,
QLD;Queensland;Queensland;Queensland;;;;;;;;;;;x;;,
QLD_ADJ;Queenslander;Queenslander;Queenslander;;;;;;;;;;;x;;,
QLD_conservative;Conservative Faction;Conservative Faction;Conservative Faction;;;;;;;;;;;x;;,
QLD_conservative_1;Nationalist Party;Nationalist Party;Nationalist Party;;;;;;;;;;;x;;,
QLD_conservative_2;United Party;United Party;United Party;;;;;;;;;;;x;;,
QLD_conservative_3;Country & Progressive National Party;Country & Progressive National Party;Country & Progressive National Party;;;;;;;;;;;x;;,
QLD_liberal;Liberal Faction;Liberal Faction;Liberal Faction;;;;;;;;;;;x;;,
QLD_liberal_1;Liberal Party;Liberal Party;Liberal Party;;;;;;;;;;;x;;,
QLD_socialist;Labour Faction;Labour Faction;Labour Faction;;;;;;;;;;;x;;,
QLD_socialist_1;Labor Party;Labor Party;Labor Party;;;;;;;;;;;x;;,
QLD_communist;Communist Party;Communist Party;Communist Party;;;;;;;;;;;x;;,
QLD_reactionary;Radical Nationalists;Radical Nationalists;Radical Nationalists;;;;;;;;;;;x;;,
QLD_reactionary_2;Queensland Farmers Union;Queensland Farmers Union;Queensland Farmers Union;;;;;;;;;;;x;;,
QLD_reactionary_3;Country Party;Country Party;Country Party;;;;;;;;;;;x;;,
QLD_anarcho_liberal;Radical Liberals;Radical Liberals;Radical Liberals;;;;;;;;;;;x;;,
QLD_fascist;Fascist Party;Fascist Party;Fascist Party;;;;;;;;;;;x;;,
RAJ;Rajputana;;;;;;;;;;;;x;;;,
RAJ_ADJ;Rajput;;;;;;;;;;;;x;;;,
RAJ_democracy;Rajasthan;;;;;;;;;;;;x;;;,
RAJ_democracy_ADJ;Rajasthani;;;;;;;;;;;;x;;;,
RAJ_proletarian_dictatorship;Rajasthan;;;;;;;;;;;;x;;;,
RAJ_proletarian_dictatorship_ADJ;Rajasthani;;;;;;;;;;;;x;;;,
RAJ_fascist_dictatorship;Rajasthan;;;;;;;;;;;;x;;;,
RAJ_fascist_dictatorship_ADJ;Rajasthani;;;;;;;;;;;;x;;;,
RAJ_bourgeois_dictatorship;Rajasthan;;;;;;;;;;;;x;;;,
RAJ_bourgeois_dictatorship_ADJ;Rajasthani;;;;;;;;;;;;x;;;,
RGR;Rio Grande;;;;;;;;;;;;;x;;,
RGR_fascist_dictatorship;Rio Bravo;;;;;;;;;;;;;x;;,
RGR_ADJ;Riograndese;;;;;;;;;;;;;x;;,
RGR_conservative;Partido Conservador;Partido Conservador;Partido Conservador;;;;;;;;;;;;x;,
RGR_liberal;Partido Liberal;Partido Liberal;Partido Liberal;;;;;;;;;;;;x;,
RGR_anarcho_liberal;Partido Federalista;Partido Federalista;Partido Federalista;;;;;;;;;;;;x;,
RGR_conservative_2;Partido Moderado Liberal;Partido Moderado Liberal;Partido Moderado Liberal;;;;;;;;;;;;x;,
RGR_liberal_2;Partido Radical Liberal;Partido Radical Liberal;Partido Radical Liberal;;;;;;;;;;;;x;,
RGR_liberal_3;Partido Progresista;Partido Progresista;Partido Progresista;;;;;;;;;;;;x;,
RGR_conservative_3;Partido Constitucionalista;Partido Constitucionalista;Partido Constitucionalista;;;;;;;;;;;;x;,
RGR_liberal_4;Partido Antireelecionista;Partido Antireelecionista;Partido Antireelecionista;;;;;;;;;;;;x;,
RGR_reactionary;Partido Imperialista;Partido Imperialista;Partido Imperialista;;;;;;;;;;;;x;,
RGR_socialist;Partido Socialist;Partido socialiste;Partido Socialist;;;;;;;;;;;;x;,
RGR_communist;Partido Communist;Partido communiste;Partido Communist;;;;;;;;;;;;x;,
RGR_fascist;Partido Fascist;Partido fasciste;Partido Fascist;;;;;;;;;;;;x;,
RGS;Rio Grande do Sul;;;;;;;;;;;;;x;;,
RGS_ADJ;Riograndense;;;;;;;;;;;;;x;;,
RGS_conservative;Partido Republicano;;;;;;;;;;;;;x;;,
RGS_liberal;Partido Federalista;;;;;;;;;;;;;x;;,
RGS_socialist;Colorados;;;;;;;;;;;;;x;;,
RGS_communist;Partido Popular;;;;;;;;;;;;;x;;,
RGS_reactionary;Partido Gaucho;;;;;;;;;;;;;x;;,
RGS_anarcho_liberal;Partido Libertador;;;;;;;;;;;;;x;;,
RGS_fascist;Partido dos Pampas;;;;;;;;;;;;;x;;,
RHI;Rhineland;RhÈnanie;Rheinland;;Rhineland;;;;;;;;;x;;,
RHI_ADJ;Rhinelander;RhÈnan;Rheinlander;;Rhinelander;;;;;;;;;x;;,
RHI_liberal;Liberaldem. Partei;Liberaldem. Partei;Liberaldem. Partei;;;;;;;;;;;;x;,
RHI_conservative;Zentrumspartei;Zentrumspartei;Zentrumspartei;;;;;;;;;;;;x;,
RHI_liberal_2;Nationalliberale ;Nationalliberale ;Nationalliberale ;;;;;;;;;;;;x;,
RHI_liberal_3;Freisinnige Partei;Freisinnige Partei;Freisinnige Partei;;;;;;;;;;;;x;,
RHI_socialist;Deutscher Arbeiterverein;Deutscher Arbeiterverein;Deutscher Arbeiterverein;;;;;;;;;;;;x;,
RHI_socialist_2;Sozialdem. Arbeiterpartei ;Sozialdem. Arbeiterpartei ;Sozialdem. Arbeiterpartei ;;;;;;;;;;;;x;,
RHI_socialist_3;Sozial. Arbeiterpartei ;Sozial. Arbeiterpartei ;Sozial. Arbeiterpartei ;;;;;;;;;;;;x;,
RHI_reactionary;Nationale Partei;Nationale Partei;Nationale Partei;;;;;;;;;;;;x;,
RHI_conservative_2;Konservative Partei;Konservative Partei;Konservative Partei;;;;;;;;;;;;x;,
RHI_conservative_3;Christsoz. Arbeiterpartei;Christsoz. Arbeiterpartei;Christsoz. Arbeiterpartei;;;;;;;;;;;;x;,
RHI_anarcho_liberal;Radical Arbeiterpartei;Arbeiterpartei radical;Radikale Arbeiterpartei;;;;;;;;;;;;x;,
RHI_communist;Communist Arbeiterpartei;Arbeiterpartei communiste;Kommunistische Arbeiterpartei;;;;;;;;;;;;x;,
RHI_fascist;NSDP;NSDP;NSDP;;;;;;;;;;;;x;,
RMG;Romagna;;;;;;;;;;;;;x;;,
RMG_ADJ;Romagnan;;;;;;;;;;;;;x;;,
RPL;Assiniboia;;;;;;;;;;;;x;;;,
RPL_ADJ;Assiniboian;;;;;;;;;;;;x;;;,
RPL_hms_government;Rupert's Land;;;;;;;;;;;;x;;;,
RPL_hms_government_ADJ;Northwestern;;;;;;;;;;;;x;;;,
RUT_proletarian_dictatorship;West Ukrainian People's Republic;;;;;;;;;;;;;x;;,
RUT_proletarian_dictatorship_ADJ;West Ukrainian;;;;;;;;;;;;;x;;,
RUT_democracy;West Ukraine;;;;;;;;;;;;;x;;,
RUT_democracy_ADJ;West Ukrainian;;;;;;;;;;;;;x;;,
RUT_presidential_dictatorship;West Ukraine;;;;;;;;;;;;;x;;,
RUT_presidential_dictatorship_ADJ;West Ukrainian;;;;;;;;;;;;;x;;,
RYU;Ryukyu;;;;;;;;;;;;;x;;,
RYU_ADJ;Ryukyuan;;;;;;;;;;;;;x;;,
RYU_conservative;National Party;;;;;;;;;;;;;x;;,
RYU_liberal;Liberal Party;;;;;;;;;;;;;x;;,
RYU_reactionary;Monarchist Party;;;;;;;;;;;;;x;;,
RYU_anarcho_liberal;Libertarian Party;;;;;;;;;;;;;x;;,
RYU_socialist;Social-Democratic Pary;;;;;;;;;;;;;x;;,
RYU_communist;United Workers Party;;;;;;;;;;;;;x;;,
RYU_fascist;National-Socialist Party;;;;;;;;;;;;;x;;,
SAA;Saarland;Sarre;Saarland;;Saarland;;;;;;;;;x;;,
SAA_ADJ;Saarlander;Sarrois;Saarlander;;Saarlander;;;;;;;;;x;;,
SAA_liberal;Liberaldem. Partei;Liberaldem. Partei;Liberaldem. Partei;;;;;;;;;;;;x;,
SAA_conservative;Zentrumspartei;Zentrumspartei;Zentrumspartei;;;;;;;;;;;;x;,
SAA_liberal_2;Nationalliberale ;Nationalliberale ;Nationalliberale ;;;;;;;;;;;;x;,
SAA_socialist;Deutscher Arbeiterverein;Deutscher Arbeiterverein;Deutscher Arbeiterverein;;;;;;;;;;;;x;,
SAA_reactionary;Nationale Partei;Nationale Partei;Nationale Partei;;;;;;;;;;;;x;,
SAA_conservative_2;Konservative Partei;Konservative Partei;Konservative Partei;;;;;;;;;;;;x;,
SAA_anarcho_liberal;Radical Arbeiterpartei;Arbeiterpartei radical;Radikale Arbeiterpartei;;;;;;;;;;;;x;,
SAA_communist;Communist Arbeiterpartei;Arbeiterpartei communiste;Kommunistische Arbeiterpartei;;;;;;;;;;;;x;,
SAA_fascist;NSDP;NSDP;NSDP;;;;;;;;;;;;x;,
SAR_reactionary;Restaurazionisti;Restaurazionisti;Restaurazionisti;;Restaurazionis ti;;;;;;;;;x;;,
SAR_conservative;Moderati;Moderati ;Moderati;;Moderati ;;;;;;;;;x;;,
SAR_liberal;Riformisti;Riformisti ;Riformisti;;Riformisti ;;;;;;;;;x;;,
SAR_liberal_2;Liberali;Liberali;Liberali;;Liberali ;;;;;;;;;x;;,
SAR_socialist;Socialisti;Socialisti;Socialisti;;Socialisti;;;;;;;;; x;;,
SAR_conservative_2;Popolari;Popolari;Popolari;;Pop olari;;;;;;;;;x;;,
SAR_anarcho_liberal;Radicali;Radicali;Radicali;;Radicali;;;;;;;;;x;;,
SAR_communist;Comunisti;Comunisti;Comunisti;;Comunisti;;;;;;;;;x;;,
SAR_fascist;Fascisti;Fascisti;Fascisti;;Fascisti;;;;;;;;;x;;,
SAS;South Australia;South Australia;South Australia;;;;;;;;;;;x;;,
SAS_ADJ;South Australian;South Australian;South Australian;;;;;;;;;;;x;;,
SAS_conservative;Conservative Faction;Conservative Faction;Conservative Faction;;;;;;;;;;;x;;,
SAS_conservative_1;Conservative Party;Conservative Party;Conservative Party;;;;;;;;;;;x;;,
SAS_conservative_2;Nationalist Party;Nationalist Party;Nationalist Party;;;;;;;;;;;x;;,
SAS_conservative_3;Liberal and Country League;Liberal and Country League;Liberal and Country League;;;;;;;;;;;x;;,
SAS_liberal;Liberal Faction;Liberal Faction;Liberal Faction;;;;;;;;;;;x;;,
SAS_liberal_1;Liberal Party;Liberal Party;Liberal Party;;;;;;;;;;;x;;,
SAS_liberal_2;Liberal and Democratic Union;Liberal and Democratic Union;Liberal and Democratic Union;;;;;;;;;;;x;;,
SAS_liberal_3;Liberal Union;Liberal Union;Liberal Union;;;;;;;;;;;x;;,
SAS_liberal_4;Liberal Federation;Liberal Federation;Liberal Federation;;;;;;;;;;;x;;,
SAS_socialist;Labour Faction;Labour Faction;Labour Faction;;;;;;;;;;;x;;,
SAS_socialist_1;Labor Party;Labor Party;Labor Party;;;;;;;;;;;x;;,
SAS_communist;Communist Party;Communist Party;Communist Party;;;;;;;;;;;x;;,
SAS_reactionary;Radical Nationalists;Radical Nationalists;Radical Nationalists;;;;;;;;;;;x;;,
SAS_reactionary_2;Country Party;Country Party;Country Party;;;;;;;;;;;x;;,
SAS_anarcho_liberal;Radical Liberals;Radical Liberals;Radical Liberals;;;;;;;;;;;x;;,
SAS_fascist;Fascist Party;Fascist Party;Fascist Party;;;;;;;;;;;x;;,
SAT;Kyushu;;;;;;;;;;;;;x;;,
SAT_ADJ;Kyushuan;;;;;;;;;;;;;x;;,
SAT_absolute_monarchy;Satsuma;;;;;;;;;;;;;x;;,
SAT_prussian_constitutionalism;Satsuma;;;;;;;;;;;;;x;;,
SAT_hms_government;Satsuma;;;;;;;;;;;;;x;;,
SAT_absolute_monarchy_ADJ;Shimazu;;;;;;;;;;;;;x;;,
SAT_prussian_constitutionalism_ADJ;Shimazu;;;;;;;;;;;;;x;;,
SAT_hms_government_ADJ;Shimazu;;;;;;;;;;;;;x;;,
SAV;Saint Vincent;;;;;;;;;;;;x;;;,
SAV_ADJ;Vincentian;;;;;;;;;;;;x;;;,
SEN;Tohoku;;;;;;;;;;;;;x;;,
SEN_ADJ;Tohokuan;;;;;;;;;;;;;x;;,
SEN_absolute_monarchy;Sendai;;;;;;;;;;;;;x;;,
SEN_prussian_constitutionalism;Sendai;;;;;;;;;;;;;x;;,
SEN_hms_government;Sendai;;;;;;;;;;;;;x;;,
SEN_absolute_monarchy_ADJ;Date;;;;;;;;;;;;;x;;,
SEN_prussian_constitutionalism_ADJ;Date;;;;;;;;;;;;;x;;,
SEN_hms_government_ADJ;Date;;;;;;;;;;;;;x;;,
SHA;Shan;;;;;;;;;;;;;x;;,
SHA_ADJ;Shan;;;;;;;;;;;;;x;;,
SHA_conservative;National Party;;;;;;;;;;;;;x;;,
SHA_liberal;Democratic Party;;;;;;;;;;;;;x;;,
SHA_socialist;Progressive Party;;;;;;;;;;;;;x;;,
SHA_communist;Communist Party;;;;;;;;;;;;;x;;,
SHA_reactionary;Unity Party;;;;;;;;;;;;;x;;,
SHA_anarcho_liberal;Radical Party;;;;;;;;;;;;;x;;,
SHA_fascist;Fascist Party;;;;;;;;;;;;;x;;,
SAK;Siak;;;;;;;;;;;;;x;;,
SAK_ADJ;Siak;;;;;;;;;;;;;x;;,
SIB;Siberian Republic;;;;;;;;;;;;;x;;,
SIB_absolute_monarchy;Siberia;;;;;;;;;;;;;x;;,
SIB_prussian_constitutionalism;Siberia;;;;;;;;;;;;;x;;,
SIB_hms_government;Siberia;;;;;;;;;;;;;x;;,
SIB_ADJ;Siberian;;;;;;;;;;;;;x;;,
SIB_conservative;Slavophile;Slavophile;Slawophile;;;;;;;;;;;;x;,
SIB_liberal;Westerniser;Westerniser;Westler;;;;;;;;;;;;x;,
SIB_communist;Social Democratic;Social-dÈmocrate;Social Democratic;;;;;;;;;;;;x;,
SIB_socialist;Menshevik;Menshevik;Menschewiki;;;;;;;;;;;;x;,
SIB_reactionary;Panslavic;Panslavic;Panslawisten;;;;;;;;;;;;x;,
SIB_conservative_2;Octobrists;Octobristes;Octobristen;;;;;;;;;;;;x;,
SIB_anarcho_liberal;Radicals;Radicaux;Radikale;;;;;;;;;;;;x;,
SIB_fascist;Fascists;Fascistes;Faschisten;;;;;;;;;;;;x;,
SLE;Sierra Leone;;;;;;;;;;;;x;;;,
SLE_ADJ;Sierra Leonean;;;;;;;;;;;;x;;;,
SLS;Silesia;;;;;;;;;;;;;x;;,
SLS_ADJ;Silesian;;;;;;;;;;;;;x;;,
SLS_liberal;Liberaldem. Partei;Liberaldem. Partei;Liberaldem. Partei;;Liberaldem. Partei;;;;;;;;;x;;,
SLS_conservative;Zentrumspartei;Zentrumspartei;Zentrumspartei;;Zentrumspartei;;;;;;;;;x;;,
SLS_liberal_2;Nationalliberale ;Nationalliberale ;Nationalliberale ;;Nationalliberale ;;;;;;;;;x;;,
SLS_socialist;Deutscher Arbeiterverein;Deutscher Arbeiterverein;Deutscher Arbeiterverein;;Deutscher Arbeiterverein;;;;;;;;;x;;,
SLS_reactionary;Nationale Partei;Nationale Partei;Nationale Partei;;Nationale Partei;;;;;;;;;x;;,
SLS_conservative_2;Konservative Partei;Konservative Partei;Konservative Partei;;Konservative Partei;;;;;;;;;x;;,
SLS_anarcho_liberal;Radical Arbeiterpartei;Arbeiterpartei radical;Radikale Arbeiterpartei;;Radical Arbeiterpartei;;;;;;;;;x;;,
SLS_communist;Communist Arbeiterpartei;Arbeiterpartei communiste;Kommunistische Arbeiterpartei;;Communist Arbeiterpartei;;;;;;;;;x;;,
SLS_fascist;Fascists;;;;;;;;;;;;;x;;,
SLW;Sulawesi;;;;;;;;;;;;;x;;,
SLW_ADJ;Sulawesian;;;;;;;;;;;;;x;;,
SMI;Sapmi;Sapmi;Sapmi;;;;;;;;;;;;x;,
SMI_ADJ;Sami;Sami;Sami;;;;;;;;;;;;x;,
SMI_liberal;Liberal Party;Liberal Party;Liberal Party;;;;;;;;;;;;x;,
SMI_conservative;Conservative Party;Conservative Party;Conservative Party;;;;;;;;;;;;x;,
SMI_reactionary;Nationalist Party;Nationalist Party;Nationalist Party;;;;;;;;;;;;x;,
SMI_socialist;Labour Party;Labour Party;Labour Party;;;;;;;;;;;;x;,
SMI_anarcho_liberal;Radical Party;Radical Party;Radical Party;;;;;;;;;;;;x;,
SMI_communist;Communist Party;Communist Party;Communist Party;;;;;;;;;;;;x;,
SMI_fascist;Fascist Party;Fascist Party;Fascist Party;;;;;;;;;;;;x;,
SNG;Senegal;;;;;;;;;;;;x;;;,
SNG_ADJ;Senegalese;;;;;;;;;;;;x;;;,
SNZ;New Munster;New Munster;New Munster;;;;;;;;;;;x;;,
SNZ_ADJ;Munsterian;Munsterian;Munsterian;;;;;;;;;;;x;;,
SNZ_fascist_dictatorship;Zealandia;Zealandia;Zealandia;;;;;;;;;;;x;;,
SNZ_fascist_dictatorship_ADJ;Zealandian;Zealandian;Zealandian;;;;;;;;;;;x;;,
SNZ_presidential_dictatorship;South Island Republic;South Island Republic;South Island Republic;;;;;;;;;;;x;;,
SNZ_presidential_dictatorship_ADJ;South Islander;South Islander;South Islander;;;;;;;;;;;x;;,
SNZ_bourgeois_dictatorship;South Island Republic;South Island Republic;South Island Republic;;;;;;;;;;;x;;,
SNZ_bourgeois_dictatorship_ADJ;South Islander;South Islander;South Islander;;;;;;;;;;;x;;,
SNZ_democracy;South Island Republic;South Island Republic;South Island Republic;;;;;;;;;;;x;;,
SNZ_democracy_ADJ;South Islander;South Islander;South Islander;;;;;;;;;;;x;;,
SNZ_proletarian_dictatorship;Zealandia;Zealandia;Zealandia;;;;;;;;;;;x;;,
SNZ_proletarian_dictatorship_ADJ;Zealandian;Zealandian;Zealandian;;;;;;;;;;;x;;,
SNZ_conservative;Conservative Party;Conservative Party;Conservative Party;;;;;;;;;;;x;;,
SNZ_liberal;Liberal Party;Liberal Party;Liberal Party;;;;;;;;;;;x;;,
SNZ_socialist;Labour Party;Labour Party;Labour Party;;;;;;;;;;;x;;,
SNZ_communist;Communist Party;Communist Party;Communist Party;;;;;;;;;;;x;;,
SNZ_reactionary;Nationalist Party;Nationalist Party;Nationalist Party;;;;;;;;;;;x;;,
SNZ_anarcho_liberal;Radical Party;Radical Party;Radical Party;;;;;;;;;;;x;;,
SNZ_fascist;Fascist Party;Fascist Party;Fascist Party;;;;;;;;;;;x;;,
SON;Sonora;;;;;;;;;;;;;x;;,
SON_ADJ;Sonoran;;;;;;;;;;;;;x;;,
SON_conservative;Partido Conservador;Partido Conservador;Partido Conservador;;;;;;;;;;;;x;,
SON_liberal;Partido Liberal;Partido Liberal;Partido Liberal;;;;;;;;;;;;x;,
SON_anarcho_liberal;Partido Federalista;Partido Federalista;Partido Federalista;;;;;;;;;;;;x;,
SON_conservative_2;Partido Moderado Liberal;Partido Moderado Liberal;Partido Moderado Liberal;;;;;;;;;;;;x;,
SON_liberal_2;Partido Radical Liberal;Partido Radical Liberal;Partido Radical Liberal;;;;;;;;;;;;x;,
SON_liberal_3;Partido Progresista;Partido Progresista;Partido Progresista;;;;;;;;;;;;x;,
SON_conservative_3;Partido Constitucionalista;Partido Constitucionalista;Partido Constitucionalista;;;;;;;;;;;;x;,
SON_liberal_4;Partido Antireelecionista;Partido Antireelecionista;Partido Antireelecionista;;;;;;;;;;;;x;,
SON_reactionary;Partido Imperialista;Partido Imperialista;Partido Imperialista;;;;;;;;;;;;x;,
SON_socialist;Partido Socialist;Partido socialiste;Partido Socialist;;;;;;;;;;;;x;,
SON_communist;Partido Communist;Partido communiste;Partido Communist;;;;;;;;;;;;x;,
SON_fascist;Partido Fascist;Partido fasciste;Partido Fascist;;;;;;;;;;;;x;,
SPC;Spain;;;;;;;;;;;;;x;;,
SPC_ADJ;Spanish;;;;;;;;;;;;;x;;,
SRD;Sardinia;;;;;;;;;;;;;;;,
SRD_ADJ;Sardinian;;;;;;;;;;;;;;;,
SRI;Sri Lanka;;;;;;;;;;;;;x;;,
SRI_ADJ;Sri Lankan;;;;;;;;;;;;;x;;,
SRI_absolute_monarchy;Ceylon;;;;;;;;;;;;x;;;,
SRI_prussian_constitutionalism;Ceylon;;;;;;;;;;;;x;;;,
SRI_hms_government;Ceylon;;;;;;;;;;;;x;;;,
SRI_absolute_monarchy_ADJ;Ceylonian;;;;;;;;;;;;x;;;,
SRI_prussian_constitutionalism_ADJ;Ceylonian;;;;;;;;;;;;x;;;,
SRI_hms_government_ADJ;Ceylonian;;;;;;;;;;;;x;;;,
SRI_conservative;Royal Faction;;;;;;;;;;;;x;;;,
SRI_liberal;The Liberal Faction;;;;;;;;;;;;x;;;,
SRI_reactionary;The Nationalist Faction;;;;;;;;;;;;x;;;,
SRI_anarcho_liberal;The Radical Faction;;;;;;;;;;;;x;;;,
SRI_socialist;The Socialist Faction;;;;;;;;;;;;x;;;,
SRI_communist;The Communist Faction;;;;;;;;;;;;x;;;,
SRI_fascist;The Fascist Faction;;;;;;;;;;;;x;;;,
SUD;Sudan;;;;;;;;;;;;x;;;,
SUD_ADJ;Sudanese;;;;;;;;;;;;x;;;,
SUD_reactionary;the Mahdists;;;;;;;;;;;;;x;;,
SUD_conservative;Al Muhafidh;;;;;;;;;;;;;x;;,
SUD_liberal;Al Mutaharir;;;;;;;;;;;;;x;;,
SUD_anarcho_liberal;Al Anarkiliberali;;;;;;;;;;;;;x;;,
SUD_socialist;Al Ishtiraki;;;;;;;;;;;;;x;;,
SUD_communist;Al Shiu'i;;;;;;;;;;;;;x;;,
SUD_fascist;Al Fashi;;;;;;;;;;;;;x;;,
SUL;Sulu;;;;;;;;;;;;;x;;,
SUL_ADJ;Sulu;;;;;;;;;;;;;x;;,
SUL_conservative;Conservatist Faction;;;;;;;;;;;;;x;;,
SUL_liberal;Reformist Faction;;;;;;;;;;;;;x;;,
SUL_socialist;Progressive Faction;;;;;;;;;;;;;x;;,
SUL_communist;Communist Faction;;;;;;;;;;;;;x;;,
SUL_reactionary;Nationalist Faction;;;;;;;;;;;;;x;;,
SUL_anarcho_liberal;Radical Faction;;;;;;;;;;;;;x;;,
SUL_fascist;Fascist faction;;;;;;;;;;;;;x;;,
SVY;Savoy;;;;;;;;;;;;;x;;,
SVY_ADJ;Savoyard;;;;;;;;;;;;;x;;,
SWH;Schleswig-Holstein;;;;;;;;;;;;x;;;,
SWH_ADJ;Schleswigian;;;;;;;;;;;;x;;;,
SWH_liberal;Liberaldem. Partei;Liberaldem. Partei;Liberaldem. Partei;;;;;;;;;;;;x;,
SWH_conservative;Zentrumspartei;;;;;;;;;;;;x;;;,
SWH_liberal_2;Nationalliberale;;;;;;;;;;;;x;;;,
SWH_liberal_3;Freisinnige Partei;;;;;;;;;;;;x;;;,
SWH_socialist;Deutscher Arbeiterverein;;;;;;;;;;;;x;;;,
SWH_socialist_2;Sozialdem. Arbeiterpartei;;;;;;;;;;;;x;;;,
SWH_socialist_3;Sozial. Arbeiterpartei;;;;;;;;;;;;x;;;,
SWH_reactionary;Nationale Partei;;;;;;;;;;;;x;;;,
SWH_conservative_2;Konservative Partei;;;;;;;;;;;;x;;;,
SWH_conservative_3;Christsoz. Arbeiterpartei;;;;;;;;;;;;x;;;,
SWH_anarcho_liberal;Radical Arbeiterpartei;;;;;;;;;;;;x;;;,
SWH_communist;Communist Arbeiterpartei;;;;;;;;;;;;x;;;,
SWH_fascist;NSDP;;;;;;;;;;;;x;;;,
SWK;Sarawak;;;;;;;;;;;;;x;;,
SWK_ADJ;Sarawakian;;;;;;;;;;;;;x;;,
SWK_fascist_dictatorship;Borneo Republic;;;;;;;;;;;;;x;;,
SWK_fascist_dictatorship_ADJ;Bornean;;;;;;;;;;;;;x;;,
SWK_conservative;Rajah Faction;Faction royale;Kˆnigsfraktion;;FacciÛn real;;;;;;;;;x;;,
SWK_liberal;The Liberal Faction;Faction libÈrale;Die liberale Fraktion;;La facciÛn liberal;;;;;;;;;x;;,
SWK_reactionary;The Nationalist Faction;Faction nationaliste;Die nationalistische Fraktion;;La facciÛn nacionalista;;;;;;;;;x;;,
SWK_anarcho_liberal;The Radical Faction;Faction radicale;Die radikale Fraktion;;La facciÛn radical;;;;;;;;;x;;,
SWK_socialist;The Socialist Faction;Faction socialiste;Die sozialistische Fraktion;;La facciÛn socialista;;;;;;;;;x;;,
SWK_communist;The Communist Faction;Faction communiste;Die kommunistische Fraktion;;La facciÛn comunista;;;;;;;;;x;;,
SWK_fascist;The Borneo Faction;Faction fasciste;Die faschistische Fraktion;;La facciÛn fascista;;;;;;;;;x;;,
SIE;Transylvania;;;;;;;;;;;;;x;;,
SIE_ADJ;Transylvanian;;;;;;;;;;;;;x;;,
SXI;Shanxi;Clique de Shanxi;Shanxi-Clique;;;;;;;;;;;x;;,
SXI_presidential_dictatorship;Shanxi Clique;Clique de Shanxi;Shanxi-Clique;;;;;;;;;;;x;;,
SYR;Syria;;;;;;;;;;;;;x;;,
SYR_ADJ;Syrian;;;;;;;;;;;;;x;;,
SYC;Sicily;;;;;;;;;;;;;x;;,
SYC_ADJ;Sicilian;;;;;;;;;;;;;x;;,
SYR_liberal;Hizb al-Islah al-Suriy;;;;;;;;;;;;;x;;,
SYR_conservative;Jamíiyat al-Arabiya al-Fatat;;;;;;;;;;;;;x;;,
SYR_socialist;Haraka al-Ishtirakiyyun al-Arab;;;;;;;;;;;;;x;;,
SYR_reactionary;Haraka al-Ahd al-Watani;;;;;;;;;;;;;x;;,
SYR_anarcho_liberal;Hizb al-Wataniyyin al-Ahrar;;;;;;;;;;;;;x;;,
SYR_communist;Al-hizb ash-Shuyu'i as-Suri;;;;;;;;;;;;;x;;,
SYR_fascist;Hizb al-Ba'ath;;;;;;;;;;;;;x;;,
SZC;Sichuan;;;;;;;;;;;;x;;;,
SZC_ADJ;Sichuan;;;;;;;;;;;;x;;;,
SZC_presidential_dictatorship;Sichuan Clique;;;;;;;;;;;;x;;;,
SZC_reactionary;Beiyang Faction;Faction Rongting;Rongting-Fraktion;;;;;;;;;;;x;;,
SZC_socialist;Socialist Party;Parti socialiste;Sozialistische Partei;;;;;;;;;;;x;;,
SZC_communist;Chinese Communist Party;Parti communiste chinois;Kommunistische Partei China;;;;;;;;;;;x;;,
SZC_liberal;Liberal Party;Parti libÈral;Liberale Partei;;;;;;;;;;;x;;,
SZC_conservative;Kuomintang Faction;Faction Kuomintang;Guomintang-Fraktion;;;;;;;;;;;x;;,
SZC_fascist;Fascist Party;Parti fasciste;Faschistische Partei;;;;;;;;;;;x;;,
SZC_anarcho_liberal;Freedom Party;Parti de la libertÈ;Freiheitspartei;;;;;;;;;;;x;;,
TAI;Formosa;;;;;;;;;;;;x;;;,
TAI_ADJ;Formosan;;;;;;;;;;;;x;;;,
TAI_conservative;Conservative Party;;;;;;;;;;;;x;;;,
TAI_liberal;Liberal Party;;;;;;;;;;;;x;;;,
TAI_reactionary;Nationalist Party;;;;;;;;;;;;x;;;,
TAI_anarcho_liberal;Radical Party;;;;;;;;;;;;x;;;,
TAI_socialist;Socialist Party;;;;;;;;;;;;x;;;,
TAI_communist;Communist Party;;;;;;;;;;;;x;;;,
TAI_fascist;Fascist Party;;;;;;;;;;;;x;;;,
TAJ;Tajikstan;;;;;;;;;;;;;x;;,
TAJ_ADJ;Tajik;;;;;;;;;;;;;x;;,
TAJ_conservative;Royal Faction;Faction royale;Kˆnigsfraktion;;;;;;;;;;;;x;,
TAJ_liberal;The Liberal Faction;Faction libÈrale;Die liberale Fraktion;;;;;;;;;;;;x;,
TAJ_reactionary;The Nationalist Faction;Faction nationaliste;Die nationalistische Fraktion;;;;;;;;;;;;x;,
TAJ_anarcho_liberal;The Radical Faction;Faction radicale;Die radikale Fraktion;;;;;;;;;;;;x;,
TAJ_socialist;The Socialist Faction;Faction socialiste;Die sozialistische Fraktion;;;;;;;;;;;;x;,
TAJ_communist;The Communist Faction;Faction communiste;Die kommunistische Fraktion;;;;;;;;;;;;x;,
TAJ_fascist;The Fascist Faction;Faction fasciste;Die faschistische Fraktion;;;;;;;;;;;;x;,
TAR;Tatarstan;;;;;;;;;;;;;x;;,
TAR_ADJ;Tatar;;;;;;;;;;;;;x;;,
TAR_conservative;The Conservatives;Faction royale;Kˆnigsfraktion;;;;;;;;;;;x;;,
TAR_liberal;The Liberals;Faction libÈrale;Die liberale Fraktion;;;;;;;;;;;x;;,
TAR_reactionary;The Khanate Faction;Faction nationaliste;Die nationalistische Fraktion;;;;;;;;;;;x;;,
TAR_anarcho_liberal;The Libertains;Faction radicale;Die radikale Fraktion;;;;;;;;;;;x;;,
TAR_socialist;The Socialists;Faction socialiste;Die sozialistische Fraktion;;;;;;;;;;;x;;,
TAR_communist;The Communists;Faction communiste;Die kommunistische Fraktion;;;;;;;;;;;x;;,
TAR_fascist;The Nationalists;Faction fasciste;Die faschistische Fraktion;;;;;;;;;;;x;;,
TAS;Tasmania;Tasmania;Tasmania;;;;;;;;;;;x;;,
TAS_ADJ;Tasmanian;Tasmanian;Tasmanian;;;;;;;;;;;x;;,
TAS_absolute_monarchy;Van Diemen's Land;Van Diemen's Land;Van Diemen's Land;;;;;;;;;;;x;;,
TAS_absolute_monarchy_ADJ;Van Diemonian;Van Diemonian;Van Diemonian;;;;;;;;;;;x;;,
TAS_conservative;Conservative Faction;Conservative Faction;Conservative Faction;;;;;;;;;;;x;;,
TAS_conservative_1;Anti-Socialist Party;Anti-Socialist Party;Anti-Socialist Party;;;;;;;;;;;x;;,
TAS_conservative_2;Nationalist Party;Nationalist Party;Nationalist Party;;;;;;;;;;;x;;,
TAS_liberal;Liberal Faction;Liberal Faction;Liberal Faction;;;;;;;;;;;x;;,
TAS_liberal_1;Liberal Party;Liberal Party;Liberal Party;;;;;;;;;;;x;;,
TAS_socialist;Labour Faction;Labour Faction;Labour Faction;;;;;;;;;;;x;;,
TAS_socialist_1;Labor Party;Labor Party;Labor Party;;;;;;;;;;;x;;,
TAS_communist;Communist Party;Communist Party;Communist Party;;;;;;;;;;;x;;,
TAS_reactionary;Radical Nationalists;Radical Nationalists;Radical Nationalists;;;;;;;;;;;x;;,
TAS_reactionary_2;Country Party;Country Party;Country Party;;;;;;;;;;;x;;,
TAS_anarcho_liberal;Radical Liberals;Radical Liberals;Radical Liberals;;;;;;;;;;;x;;,
TAS_fascist;Fascist Party;Fascist Party;Fascist Party;;;;;;;;;;;x;;,
TCA;Transcaucasia;;;;;;;;;;;;x;;;,
TCA_ADJ;Transcaucasian;;;;;;;;;;;;x;;;,
TKG;Shogunate Japan;;;;;;;;;;;x;;;;,
TKG_ADJ;Tokugawa;;;;;;;;;;;x;;;;,
TKM;Turkmenistan;;;;;;;;;;;;;x;;,
TKM_absolute_monarchy;Salor Confederation;;;;;;;;;;;;x;;;,
TKM_hms_government;Salor Confederation;;;;;;;;;;;;x;;;,
TKM_prussian_constitutionalism;Salor Confederation;;;;;;;;;;;;x;;;,
TKM_ADJ;Turkmenian;;;;;;;;;;;;;x;;,
TKM_conservative;Royal Faction;Faction royale;Kˆnigsfraktion;;;;;;;;;;;;x;,
TKM_liberal;The Liberal Faction;Faction libÈrale;Die liberale Fraktion;;;;;;;;;;;;x;,
TKM_reactionary;The Nationalist Faction;Faction nationaliste;Die nationalistische Fraktion;;;;;;;;;;;;x;,
TKM_anarcho_liberal;The Radical Faction;Faction radicale;Die radikale Fraktion;;;;;;;;;;;;x;,
TKM_socialist;The Socialist Faction;Faction socialiste;Die sozialistische Fraktion;;;;;;;;;;;;x;,
TKM_communist;The Communist Faction;Faction communiste;Die kommunistische Fraktion;;;;;;;;;;;;x;,
TKM_fascist;The Fascist Faction;Faction fasciste;Die faschistische Fraktion;;;;;;;;;;;;x;,
TKS;Turkestan;;;;;;;;;;;;;x;;,
TKS_ADJ;Turkic;;;;;;;;;;;;;x;;,
TKS_conservative;Royal Faction;Faction royale;Kˆnigsfraktion;;;;;;;;;;;;x;,
TKS_liberal;The Liberal Faction;Faction libÈrale;Die liberale Fraktion;;;;;;;;;;;;x;,
TKS_reactionary;The Nationalist Faction;Faction nationaliste;Die nationalistische Fraktion;;;;;;;;;;;;x;,
TKS_anarcho_liberal;The Radical Faction;Faction radicale;Die radikale Fraktion;;;;;;;;;;;;x;,
TKS_socialist;The Socialist Faction;Faction socialiste;Die sozialistische Fraktion;;;;;;;;;;;;x;,
TKS_communist;The Communist Faction;Faction communiste;Die kommunistische Fraktion;;;;;;;;;;;;x;,
TKS_fascist;The Fascist Faction;Faction fasciste;Die faschistische Fraktion;;;;;;;;;;;;x;,
TGA;Tonga;;;;;;;;;;;;;x;;,
TGA_ADJ;Tongan;;;;;;;;;;;;;x;;,
TNZ;Tanganyika;;;;;;;;;;;;x;;;,
TNZ_ADJ;Tanganyikan;;;;;;;;;;;;x;;;,
TNT;Tannu Tuva;;;;;;;;;;;;;x;;,
TNT_ADJ;Tuvan;;;;;;;;;;;;;x;;,
TNT_reactionary;Lama Faction;Faction Lama;Lama-Fraktion;;;;;;;;;;;x;;,
TNT_socialist;Socialist Party;Parti socialiste;Sozialistische Partei;;;;;;;;;;;x;;,
TNT_communist;Communist Party;Parti communiste ;Kommunistische Partei;;;;;;;;;;;x;;,
TNT_liberal;Liberal Party;Parti libÈral;Liberale Partei;;;;;;;;;;;x;;,
TNT_anarcho_liberal;Freedom Party;Parti de la libertÈ;Freiheitspartei;;;;;;;;;;;x;;,
TNT_conservative;Conservative Party;Parti conservateur;Konservative Partei;;;;;;;;;;;x;;,
TNT_fascist;Unity Party;Parti unitaire;Einheitspartei;;;;;;;;;;;x;;,
TOG;Togo;;;;;;;;;;;;x;;;,
TOG_ADJ;Togolese;;;;;;;;;;;;x;;;,
TOS;Shikoku;;;;;;;;;;;;;x;;,
TOS_ADJ;Shikokuan;;;;;;;;;;;;;x;;,
TOS_absolute_monarchy;Tosa;;;;;;;;;;;;;x;;,
TOS_prussian_constitutionalism;Tosa;;;;;;;;;;;;;x;;,
TOS_hms_government;Tosa;;;;;;;;;;;;;x;;,
TOS_absolute_monarchy_ADJ;Yamauchi;;;;;;;;;;;;;x;;,
TOS_prussian_constitutionalism_ADJ;Yamauchi;;;;;;;;;;;;;x;;,
TOS_hms_government_ADJ;Yamauchi;;;;;;;;;;;;;x;;,
TPG;Heavenly Kingdom;;;;;;;;;;;;x;;;,
TPG_democracy;Taiping Republic;;;;;;;;;;;;;x;;,
TPG_bourgeois_dictatorship;Taiping Republic;;;;;;;;;;;;;x;;,
TPG_proletarian_dictatorship;Communist Taiping;;;;;;;;;;;;;x;;,
TPG_fascist_dictatorship;Taiping;;;;;;;;;;;;;x;;,
TPG_presidential_dictatorship;Taiping Clique;;;;;;;;;;;;;x;;,
TPG_ADJ;Taiping;;;;;;;;;;;;x;;;,
TPG_conservative;West King;;;;;;;;;;;;x;;;,
TPG_liberal;Yi King;;;;;;;;;;;;x;;;,
TPG_reactionary;East King;;;;;;;;;;;;x;;;,
TPG_socialist;North King;;;;;;;;;;;;x;;;,
TPG_anarcho_liberal;The Radical Faction;;;;;;;;;;;;x;;;,
TPG_communist;The Communist Faction;;;;;;;;;;;;x;;;,
TPG_fascist;The Fascist Faction;;;;;;;;;;;;x;;;,
TRE_reactionary;Monarchici;Monarchici;Monarchici;;Monarchici;;;;;;;;;x;;,
TRE_liberal;Intransigenti;Intransigenti;Intransige nti;;Intransigenti;;;;;;;;;x;;,
TRE_conservative;Transigenti;Transigenti;Transigen ti;;Transigenti;;;;;;;;;x;;,
TRE_socialist;Socialisti;Socialisti;Socialisti;;So cialisti;;;;;;;;;x;;,
TRE_communist;Rivoluzionari;Rivoluzionari;Rivoluzionari;;Rivoluzio nari;;;;;;;;;x;;,
TRE_reactionary_2;Cattolici;Cattolici;Cattolici;;C attolici;;;;;;;;;x;;,
TRE_anarcho_liberal;Radicali;Radicali;Radicali;;Radicali;;;;;;;;;x;;,
TRE_fascist;Fascisti;Fascisti;Fascisti;;Fascisti;;;;;;;;;x;;,
TRK;Truk;Truk;Truk;;;;;;;;;;;;x;,
TRK_ADJ;Trukese;Trukese;Trukese;;;;;;;;;;;;x;,
TRS;Tarasco;;;;;;;;;;;;;x;;,
TRS_ADJ;Tarascan;;;;;;;;;;;;;x;;,
TTB;Trinidad;TrinitÈ & Tobago;Trinidad & Tobago;;Trinidad & Tobago;;;;;;;;;x;;,
TTB_ADJ;Trinidadian;Trinidadien;Trinidadisch;;Trinidadian;;;;;;;;;x;;,
TTB_conservative;Conservative Party;Conservative Party;Conservative Party;;;;;;;;;;;x;;,
TTB_liberal;Citizens' Alliance;Citizens' Alliance;Citizens' Alliance;;;;;;;;;;;x;;,
TTB_reactionary;National Party;National Party;National Party;;;;;;;;;;;x;;,
TTB_socialist;People's Partnership;People's Partnership;People's Partnership;;;;;;;;;;;x;;,
TTB_communist;Worker's Party;Worker's Party;Worker's Party;;;;;;;;;;;x;;,
TTB_anarcho_liberal;Butler Party;Butler Party;Butler Party;;;;;;;;;;;x;;,
TTB_fascist;Fascist Party;Fascist Party;Fascist Party;;;;;;;;;;;x;;,
TUR_presidential_dictatorship;Turkey;;;;;;;;;;;;;x;;,
TUR_presidential_dictatorship_ADJ;Turkish;;;;;;;;;;;;;x;;,
TUR_bourgeois_dictatorship;Turkey;;;;;;;;;;;;;x;;,
TUR_bourgeois_dictatorship_ADJ;Turkish;;;;;;;;;;;;;x;;,
TUR_fascist_dictatorship;Turkey;;;;;;;;;;;;;x;;,
TUR_fascist_dictatorship;Turkish;;;;;;;;;;;;;x;;,
TUR_reactionary;Nizam-i Alem;;;;;;;;;;;;;x;;,
TUR_reactionary_2;Ittihad-i Muhammedi Firkasi;;;;;;;;;;;;;x;;,
TUR_reactionary_3;Hal‚sk‚r Zabit‚n;;;;;;;;;;;;;x;;,
TUR_reactionary_4;Fedailer Cemiyeti;;;;;;;;;;;;;x;;,
TUR_conservative;H¸kumet-i H¸mayun;;;;;;;;;;;;;x;;,
TUR_conservative_2;Selamet-i Osmaniye;;;;;;;;;;;;;x;;,
TUR_conservative_3;H¸rriyet ve Itil‚f Firkasi;;;;;;;;;;;;;x;;,
TUR_liberal_2;Tanzimat Firkasi;;;;;;;;;;;;;x;;,
TUR_liberal_4;Osmanli Demokrat Firkasi;;;;;;;;;;;;;x;;,
TUR_liberal_5;Halk Firkasi;;;;;;;;;;;;;x;;,
TUR_socialist;Osmanli Kˆyl¸ ve Amele Firkasi;;;;;;;;;;;;;x;;,
TUR_socialist_3;Sosyalist Firka;;;;;;;;;;;;;x;;,
TUR_communist;Ihtilalci Avam Firkasi;;;;;;;;;;;;;x;;,
TUR_communist_2;Kom¸nist Firka;;;;;;;;;;;;;x;;,
TUR_communist_3;Halk Istirakiyun Firkasi;;;;;;;;;;;;;x;;,
TUR_liberal;Ittihat ve Terakki Firkasi;;;;;;;;;;;;;x;;,
TUR_liberal_3;Yeni Osmanlilar Cemiyeti;;;;;;;;;;;;;x;;,
TUR_socialist_2;Osmanli Ahali Firkasi;;;;;;;;;;;;;x;;,
TUR_anarcho_liberal;Osmanli Ahrar Firkasi;;;;;;;;;;;;;x;;,
TUR_fascist;Ittihat ve Terakki Firkasi;;;;;;;;;;;;;x;;,
TUR_fascist_2;T¸rk Ocagi;;;;;;;;;;;;;x;;,
TUR_fascist_3;Milli Firka;;;;;;;;;;;;;x;;,
TUS_reactionary;Restaurazionisti;Restaurazionisti;Restaurazionisti;;Restaurazionis ti;;;;;;;;;x;;,
TUS_conservative;Moderati ;Moderati ;Moderati;;Moderati ;;;;;;;;;x;;,
TUS_liberal;Riformisti ;Riformisti ;Riformisti;;Riformisti ;;;;;;;;;x;;,
TUS_liberal_2;Liberali;Liberali;Liberali;;Liberali ;;;;;;;;;x;;,
TUS_socialist;Socialisti;Socialisti;Socialisti;;Socialisti;;;;;;;;; x;;,
TUS_conservative_2;Popolari;Popolari;Popolari;;Pop olari;;;;;;;;;x;;,
TUS_anarcho_liberal;Radicali;Radicali;Radicali;;Radicali;;;;;;;;;x;;,
TUS_communist;Comunisti;Comunisti;Comunisti;;Comunisti;;;;;;;;;x;;,
TUS_fascist;Fascisti;Fascisti;Fascisti;;Fascisti;;;;;;;;;x;;,
UIL;The New American Alliance;;;;;;;;;;;;x;;;,
UIL_proletarian_dictatorship;The New American Republic;;;;;;;;;;;;x;;;,
UIL_fascist_dictatorship;New America;;;;;;;;;;;;x;;;,
UIL_presidential_dictatorship;New America;;;;;;;;;;;;x;;;,
UIL_absolute_monarchy;The Kingdom of New America;;;;;;;;;;;;x;;;,
UIL_prussian_constitutionalism;The Kingdom of New America;;;;;;;;;;;;x;;;,
UIL_ADJ;New American;;;;;;;;;;;;x;;;,
UIL_reactionary;New American Party;;;;;;;;;;;;;x;;,
UIL_conservative;New Democratic Party;;;;;;;;;;;;;x;;,
UIL_liberal;New Republican Party;;;;;;;;;;;;;x;;,
UIL_anarcho_liberal;Libertarian Party;;;;;;;;;;;;;x;;,
UIL_socialist;Socialist Party;;;;;;;;;;;;;x;;,
UIL_communist;Communist Party;;;;;;;;;;;;;x;;,
UIL_fascist;Supremacy Party;;;;;;;;;;;;;x;;,
UNB;The Colorado Republic;;;;;;;;;;;;x;;;,
UNB_absolute_monarchy;The Kingdom of Colorado;;;;;;;;;;;;x;;;,
UNB_prussian_constitutionalism;The Kingdom of Colorado;;;;;;;;;;;;x;;;,
UNB_hms_government;The Colorado Commonwealth;;;;;;;;;;;;x;;;,
UNB_ADJ;Coloradan;;;;;;;;;;;;x;;;,
UNB_reactionary;Colorado Party;;;;;;;;;;;;;x;;,
UNB_conservative;New Democratic Party;;;;;;;;;;;;;x;;,
UNB_liberal;New Republican Party;;;;;;;;;;;;;x;;,
UNB_anarcho_liberal;Libertarian Party;;;;;;;;;;;;;x;;,
UNB_socialist;Socialist Party;;;;;;;;;;;;;x;;,
UNB_communist;Communist Party;;;;;;;;;;;;;x;;,
UNB_fascist;Fascist Party;;;;;;;;;;;;;x;;,
UNM;The Pueblo Republic;;;;;;;;;;;;x;;;,
UNM_absolute_monarchy;New Mexico;;;;;;;;;;;;x;;;,
UNM_prussian_constitutionalism;New Mexico;;;;;;;;;;;;x;;;,
UNM_hms_government;New Mexico;;;;;;;;;;;;x;;;,
UNM_absolute_monarchy_ADJ;New Mexican;;;;;;;;;;;;x;;;,
UNM_prussian_constitutionalism_ADJ;New Mexican;;;;;;;;;;;;x;;;,
UNM_hms_government_ADJ;New Mexican;;;;;;;;;;;;x;;;,
UNM_proletarian_dictatorship;The Pueblo People's Republic;;;;;;;;;;;;x;;;,
UNM_ADJ;Pueblo;;;;;;;;;;;;x;;;,
UNM_reactionary;New Pueblo Party;;;;;;;;;;;;;x;;,
UNM_conservative;New Democratic Party;;;;;;;;;;;;;x;;,
UNM_liberal;New Republican Party;;;;;;;;;;;;;x;;,
UNM_anarcho_liberal;Libertarian Party;;;;;;;;;;;;;x;;,
UNM_socialist;Socialist Party;;;;;;;;;;;;;x;;,
UNM_communist;Communist Party;;;;;;;;;;;;;x;;,
UNM_fascist;Fascist Party;;;;;;;;;;;;;x;;,
UOR;The Oregon Country;;;;;;;;;;;;x;;;,
UOR_absolute_monarchy;The Kingdom of Oregon;;;;;;;;;;;;;x;;,
UOR_prussian_constitutionalism;The Kingdom of Oregon;;;;;;;;;;;;;x;;,
UOR_hms_government;Oregon;;;;;;;;;;;;;x;;,
UOR_proletarian_dictatorship;Oregon People's Republic;;;;;;;;;;;;;x;;,
UOR_ADJ;Oregonian;;;;;;;;;;;;x;;;,
UOR_fascist_dictatorship;Cascadia;;;;;;;;;;;;x;;;,
UOR_fascist_dictatorship_ADJ;Cascadian;;;;;;;;;;;;x;;;,
UOR_reactionary;True American Party;;;;;;;;;;;;;x;;,
UOR_conservative;New Democratic Party;;;;;;;;;;;;;x;;,
UOR_liberal;New Republican Party;;;;;;;;;;;;;x;;,
UOR_anarcho_liberal;Libertarian Party;;;;;;;;;;;;;x;;,
UOR_socialist;Socialist Party;;;;;;;;;;;;;x;;,
UOR_communist;Communist Party;;;;;;;;;;;;;x;;,
UOR_fascist;Cascadians;;;;;;;;;;;;;x;;,
URA;Ural Republic;;;;;;;;;;;;;x;;,
URA_absolute_monarchy;Ural State;;;;;;;;;;;;;x;;,
URA_prussian_constitutionalism;Ural State;;;;;;;;;;;;;x;;,
URA_hms_government;Ural State;;;;;;;;;;;;;x;;,
URA_democracy;Ural Free State;;;;;;;;;;;;;x;;,
URA_proletarian_dictatorship;Ural People's Republic;;;;;;;;;;;;;x;;,
URA_ADJ;Ural;;;;;;;;;;;;;x;;,
URA_conservative;Slavophile;Slavophile;Slawophile;;;;;;;;;;;;x;,
URA_liberal;Westerniser;Westerniser;Westler;;;;;;;;;;;;x;,
URA_communist;Social Democratic;Social-dÈmocrate;Social Democratic;;;;;;;;;;;;x;,
URA_socialist;Menshevik;Menshevik;Menschewiki;;;;;;;;;;;;x;,
URA_reactionary;Panslavic;Panslavic;Panslawisten;;;;;;;;;;;;x;,
URA_conservative_2;Octobrists;Octobristes;Octobristen;;;;;;;;;;;;x;,
URA_anarcho_liberal;Radicals;Radicaux;Radikale;;;;;;;;;;;;x;,
URA_fascist;Fascists;Fascistes;Faschisten;;;;;;;;;;;;x;,
USA;Federation Of Vinland;;;;;;;;;;;;x;;;,
USA_democracy;Federation of Vinland;;;;;;;;;;;;x;;;,
USA_presidential_dictatorship;State of Vinland;;;;;;;;;;;;x;;;,
USA_bourgeois_dictatorship;The Corporatist state of Vinland;;;;;;;;;;;;x;;;,
USA_fascist_dictatorship;The state of Vinland;;;;;;;;;;;;x;;;,
USA_absolute_monarchy;Kingdom of Vinland;;;;;;;;;;;;x;;;,
USA_prussian_constitutionalism;Kingdom of Vinland;;;;;;;;;;;;x;;;,
USA_hms_government;Kingdom of Vinland;;;;;;;;;;;;x;;;,
USA_proletarian_dictatorship;The Commonwealth Of Vinland;;;;;;;;;;;;x;;;,
USA_colonial_company;Nya Sverige;;;;;;;;;;;;x;;;,
USA_dominion;Nya Sverige;;;;;;;;;;;;x;;;,
UZB;Uzbekistan;;;;;;;;;;;;;x;;,
UZB_ADJ;Uzbek;;;;;;;;;;;;;x;;,
UZB_conservative;Royal Faction;Faction royale;Kˆnigsfraktion;;;;;;;;;;;;x;,
UZB_liberal;The Liberal Faction;Faction libÈrale;Die liberale Fraktion;;;;;;;;;;;;x;,
UZB_reactionary;The Nationalist Faction;Faction nationaliste;Die nationalistische Fraktion;;;;;;;;;;;;x;,
UZB_anarcho_liberal;The Radical Faction;Faction radicale;Die radikale Fraktion;;;;;;;;;;;;x;,
UZB_socialist;The Socialist Faction;Faction socialiste;Die sozialistische Fraktion;;;;;;;;;;;;x;,
UZB_communist;The Communist Faction;Faction communiste;Die kommunistische Fraktion;;;;;;;;;;;;x;,
UZB_fascist;The Fascist Faction;Faction fasciste;Die faschistische Fraktion;;;;;;;;;;;;x;,
VEN_reactionary;Monarchici;Monarchici;Monarchici;;Monarchici;;;;;;;;;x;;,
VEN_liberal;Intransigenti;Intransigenti;Intransige nti;;Intransigenti;;;;;;;;;x;;,
VEN_conservative;Transigenti;Transigenti;Transigen ti;;Transigenti;;;;;;;;;x;;,
VEN_socialist;Socialisti;Socialisti;Socialisti;;So cialisti;;;;;;;;;x;;,
VEN_communist;Rivoluzionari;Rivoluzionari;Rivoluzionari;;Rivoluzio nari;;;;;;;;;x;;,
VEN_reactionary_2;Cattolici;Cattolici;Cattolici;;C attolici;;;;;;;;;x;;,
VEN_anarcho_liberal;Radicali;Radicali;Radicali;;Radicali;;;;;;;;;x;;,
VEN_fascist;Fascisti;Fascisti;Fascisti;;Fascisti;;;;;;;;;x;;,
VIC;Victoria;Victoria;Victoria;;;;;;;;;;;x;;,
VIC_ADJ;Victorian;Victorian;Victorian;;;;;;;;;;;x;;,
VIC_conservative;Conservative Faction;Conservative Faction;Conservative Faction;;;;;;;;;;;x;;,
VIC_conservative_1;Conservative Party;Conservative Party;Conservative Party;;;;;;;;;;;x;;,
VIC_conservative_2;National Party;National Party;National Party;;;;;;;;;;;x;;,
VIC_conservative_3;United Australia Party;United Australia Party;United Australia Party;;;;;;;;;;;x;;,
VIC_liberal;Liberal Faction;Liberal Faction;Liberal Faction;;;;;;;;;;;x;;,
VIC_liberal_1;Liberal Party;Liberal Party;Liberal Party;;;;;;;;;;;x;;,
VIC_socialist;Labour Faction;Labour Faction;Labour Faction;;;;;;;;;;;x;;,
VIC_socialist_1;Labor Party;Labor Party;Labor Party;;;;;;;;;;;x;;,
VIC_communist;Communist Party;Communist Party;Communist Party;;;;;;;;;;;x;;,
VIC_reactionary;Radical Nationalists;Radical Nationalists;Radical Nationalists;;;;;;;;;;;x;;,
VIC_reactionary_2;Victorian Farmers Union;Victorian Farmers Union;Victorian Farmers Union;;;;;;;;;;;x;;,
VIC_reactionary_3;Country Party;Country Party;Country Party;;;;;;;;;;;x;;,
VIC_anarcho_liberal;Radical Liberals;Radical Liberals;Radical Liberals;;;;;;;;;;;x;;,
VIC_fascist;Fascist Party;Fascist Party;Fascist Party;;;;;;;;;;;x;;,
WAS;Western Australia;Western Australia;Western Australia;;;;;;;;;;;x;;,
WAS_ADJ;West Australian;West Australian;West Australian;;;;;;;;;;;x;;,
WAS_fascist_dictatorship;Westralia;Westralia;Westralia;;;;;;;;;;;x;;,
WAS_fascist_dictatorship_ADJ;Westralian;Westralian;Westralian;;;;;;;;;;;x;;,
WAS_conservative;Conservative Faction;Conservative Faction;Conservative Faction;;;;;;;;;;;x;;,
WAS_conservative_1;Nationalist Party;Nationalist Party;Nationalist Party;;;;;;;;;;;x;;,
WAS_liberal;Liberal Faction;Liberal Faction;Liberal Faction;;;;;;;;;;;x;;,
WAS_liberal_1;Liberal Party;Liberal Party;Liberal Party;;;;;;;;;;;x;;,
WAS_socialist;Labour Faction;Labour Faction;Labour Faction;;;;;;;;;;;x;;,
WAS_socialist_1;Labor Party;Labor Party;Labor Party;;;;;;;;;;;x;;,
WAS_communist;Communist Party;Communist Party;Communist Party;;;;;;;;;;;x;;,
WAS_reactionary;Radical Nationalists;Radical Nationalists;Radical Nationalists;;;;;;;;;;;x;;,
WAS_reactionary_2;Country Party;Country Party;Country Party;;;;;;;;;;;x;;,
WAS_anarcho_liberal;Radical Liberals;Radical Liberals;Radical Liberals;;;;;;;;;;;x;;,
WAS_fascist;Fascist Party;Fascist Party;Fascist Party;;;;;;;;;;;x;;,
WES;Westfalen;;;;;;;;;;;;;x;;,
WES_ADJ;Westphalian ;;;;;;;;;;;;;;x;,
WES_liberal;Liberaldem. Partei;Liberaldem. Partei;Liberaldem. Partei;;;;;;;;;;;;x;,
WES_conservative;Zentrumspartei;Zentrumspartei;Zentrumspartei;;;;;;;;;;;;x;,
WES_liberal_2;Nationalliberale ;Nationalliberale ;Nationalliberale ;;;;;;;;;;;;x;,
WES_liberal_3;Freisinnige Partei;Freisinnige Partei;Freisinnige Partei;;;;;;;;;;;;x;,
WES_socialist;Deutscher Arbeiterverein;Deutscher Arbeiterverein;Deutscher Arbeiterverein;;;;;;;;;;;;x;,
WES_socialist_2;Sozialdem. Arbeiterpartei ;Sozialdem. Arbeiterpartei ;Sozialdem. Arbeiterpartei ;;;;;;;;;;;;x;,
WES_socialist_3;Sozial. Arbeiterpartei ;Sozial. Arbeiterpartei ;Sozial. Arbeiterpartei ;;;;;;;;;;;;x;,
WES_reactionary;Nationale Partei;Nationale Partei;Nationale Partei;;;;;;;;;;;;x;,
WES_conservative_2;Konservative Partei;Konservative Partei;Konservative Partei;;;;;;;;;;;;x;,
WES_conservative_3;Christsoz. Arbeiterpartei;Christsoz. Arbeiterpartei;Christsoz. Arbeiterpartei;;;;;;;;;;;;x;,
WES_anarcho_liberal;Radical Arbeiterpartei;Arbeiterpartei radical;Radikale Arbeiterpartei;;;;;;;;;;;;x;,
WES_communist;Communist Arbeiterpartei;Arbeiterpartei communiste;Kommunistische Arbeiterpartei;;;;;;;;;;;;x;,
WES_fascist;NSDP;NSDP;NSDP;;;;;;;;;;;;x;,
WHA;Wales;;;;;;;;;;;;;x;;,
WHA_ADJ;Welsh;;;;;;;;;;;;;x;;,
WHA_liberal;Democratiaid Rhyddfrydol;;;;;;;;;;;;;x;;,
WHA_conservative;Plaid Geidwadol;;;;;;;;;;;;;x;;,
WHA_socialist;Plaid Cymru;;;;;;;;;;;;;x;;,
WHA_anarcho_liberal;Anarchwyr;;;;;;;;;;;;;x;;,
WHA_fascist;Meibion Glyndwr;;;;;;;;;;;;;x;;,
WHA_communist;Plaid Gomiwnyddol;;;;;;;;;;;;;x;;,
WHA_reactionary;Plaid Genedlaethol;;;;;;;;;;;;;x;;,
XBI_ADJ;Qinghai;;;;;;;;;;;;;x;;,
XBI_presidential_dictatorship;Xibei San Ma;;;;;;;;;;;;;x;;,
XBI_presidential_dictatorship_ADJ;Ma;;;;;;;;;;;;;x;;,
XIN_presidential_dictatorship;Hotan;Hotan;Hotan;;;;;;;;;;;x;;,
YAK;Yakutia;;;;;;;;;;;;;x;;,
YAK_ADJ;Yakut;;;;;;;;;;;;;x;;,
YAK_conservative;The Conservatives;Faction royale;Kˆnigsfraktion;;;;;;;;;;;x;;,
YAK_liberal;The Liberals;Faction libÈrale;Die liberale Fraktion;;;;;;;;;;;x;;,
YAK_reactionary;The Khanate Faction;Faction nationaliste;Die nationalistische Fraktion;;;;;;;;;;;x;;,
YAK_anarcho_liberal;The Libertains;Faction radicale;Die radikale Fraktion;;;;;;;;;;;x;;,
YAK_socialist;The Socialists;Faction socialiste;Die sozialistische Fraktion;;;;;;;;;;;x;;,
YAK_communist;The Communists;Faction communiste;Die kommunistische Fraktion;;;;;;;;;;;x;;,
YAK_fascist;The Nationalists;Faction fasciste;Die faschistische Fraktion;;;;;;;;;;;x;;,
YAP;Yap;Yap;Yap;;;;;;;;;;;;x;,
YAP_ADJ;Yapese;Yapese;Yapese;;;;;;;;;;;;x;,
YNN_presidential_dictatorship;Yunnan Clique;Clique de Yunnan;Yunnan-Clique;;;;;;;;;;;x;;,
YUC;Yucatan;;;;;;;;;;;;;x;;,
YUC_ADJ;Yucatecan;;;;;;;;;;;;;x;;,
YUC_conservative;Partido Conservador;Partido Conservador;Partido Conservador;;;;;;;;;;;;x;,
YUC_liberal;Partido Liberal;Partido Liberal;Partido Liberal;;;;;;;;;;;;x;,
YUC_reactionary;Partido Nationalist;Partido nationaliste;Partido Nationalist;;;;;;;;;;;;x;,
YUC_anarcho_liberal;Partido Radical;Partido Radical;Partido Radical;;;;;;;;;;;;x;,
YUC_socialist;Partido Socialist;Partido socialiste;Partido Socialist;;;;;;;;;;;;x;,
YUC_communist;Partido Communist;Partido communiste;Partido Communist;;;;;;;;;;;;x;,
YUC_fascist;Partido Fascist;Partido fasciste;Partido Fascist;;;;;;;;;;;;x;,
YZW;Yonezawa;;;;;;;;;;;;;x;;,
YZW_ADJ;Yonezawan;;;;;;;;;;;;;x;;,
YZW_absolute_monarchy_ADJ;Uesugi;;;;;;;;;;;;;x;;,
YZW_prussian_constitutionalism_ADJ;Uesugi;;;;;;;;;;;;;x;;,
YZW_hms_government_ADJ;Uesugi;;;;;;;;;;;;;x;;,
ZAM;Zambia;;;;;;;;;;;;x;;;,
ZAM_ADJ;Zambian;;;;;;;;;;;;x;;;,
### African Kingdoms ###;;;;;;;;;;;;;;x;;,
ARO;Aro;Aro;Aro;;Aro;;;;;;;;;;x;,
ARO_ADJ;Aro;Aro;Aro;;;;;;;;;;;;x;,
ARO_conservative;Eze Aro Faction;Faction Eze Aro;Eze Aro Fraktion;;;;;;;;;;;;x;,
ARO_liberal;Reform Faction;Faction de rÈforme;Verbesserung Fraktion;;;;;;;;;;;;x;,
ARO_reactionary;Empire Faction;Faction d'empire;Reich Fraktion;;;;;;;;;;;;x;,
ARO_anarcho_liberal;Radical Faction;Faction radicale;Die radikale Fraktion;;;;;;;;;;;;x;,
ARO_socialist;Socialist Faction;Faction socialiste;Die sozialistische Fraktion;;;;;;;;;;;;x;,
ARO_communist;Communist Faction;Faction communiste;Die kommunistische Fraktion;;;;;;;;;;;;x;,
ARO_fascist;Fascist Faction;Faction fasciste;Die faschistische Fraktion;;;;;;;;;;;;x;,
ARO_proletarian_dictatorship;Biafra;Biafra;Biafra;;Biafra;;;;;;;;;x;;,
ARO_proletarian_dictatorship_ADJ;Biafran;Biafraise;Biafran;;biafreÒo;;;;;;;;;x;;,
ARO_fascist_dictatorship;Biafra;Biafra;Biafra;;Biafra;;;;;;;;;x;;,
ARO_fascist_dictatorship_ADJ;Biafran;Biafraise;Biafran;;biafreÒo;;;;;;;;;x;;,
ARO_bourgeois_dictatorship;Biafra;Biafra;Biafra;;Biafra;;;;;;;;;x;;,
ARO_bourgeois_dictatorship_ADJ;Biafran;Biafraise;Biafran;;biafreÒo;;;;;;;;;x;;,
ARO_presidential_dictatorship;Biafra;Biafra;Biafra;;Biafra;;;;;;;;;x;;,
ARO_presidential_dictatorship_ADJ;Biafran;Biafraise;Biafran;;biafreÒo;;;;;;;;;x;;,
ARO_democracy;Biafra;Biafra;Biafra;;Biafra;;;;;;;;;x;;,
ARO_democracy_ADJ;Biafran;Biafraise;Biafran;;biafreÒo;;;;;;;;;x;;,
ASH;Ashanti;Ashanti;Aschanti;;Asantia;;;;;;;;;;x;,
ASH_ADJ;Ashanti;Ashanti;Aschanti;;;;;;;;;;;;x;,
ASH_conservative;Royal Faction;Faction royale;Kˆnigsfraktion;;;;;;;;;;;;x;,
ASH_liberal;Reform Faction;Faction de rÈforme;Verbesserung Fraktion;;;;;;;;;;;;x;,
ASH_reactionary;Empire Faction;Faction d'empire;Reich Fraktion;;;;;;;;;;;;x;,
ASH_anarcho_liberal;Radical Faction;Faction radicale;Die radikale Fraktion;;;;;;;;;;;;x;,
ASH_socialist;Socialist Faction;Faction socialiste;Die sozialistische Fraktion;;;;;;;;;;;;x;,
ASH_communist;Communist Faction;Faction communiste;Die kommunistische Fraktion;;;;;;;;;;;;x;,
ASH_fascist;Fascist Faction;Faction fasciste;Die faschistische Fraktion;;;;;;;;;;;;x;,
ASH_proletarian_dictatorship;Ghana;Ghana;Ghana;;Ghana;;;;;;;;;x;;,
ASH_proletarian_dictatorship_ADJ;Ghanaian;Ghanaian;Ghanaisch;;GhanÈs;;;;;;;;;x;;,
ASH_fascist_dictatorship;Ghana;Ghana;Ghana;;Ghana;;;;;;;;;x;;,
ASH_fascist_dictatorship_ADJ;Ghanaian;Ghanaian;Ghanaisch;;GhanÈs;;;;;;;;;x;;,
ASH_bourgeois_dictatorship;Ghana;Ghana;Ghana;;Ghana;;;;;;;;;x;;,
ASH_bourgeois_dictatorship_ADJ;Ghanaian;Ghanaian;Ghanaisch;;GhanÈs;;;;;;;;;x;;,
ASH_presidential_dictatorship;Ghana;Ghana;Ghana;;Ghana;;;;;;;;;x;;,
ASH_presidential_dictatorship_ADJ;Ghanaian;Ghanaian;Ghanaisch;;GhanÈs;;;;;;;;;x;;,
ASH_democracy;Ghana;Ghana;Ghana;;Ghana;;;;;;;;;x;;,
ASH_democracy_ADJ;Ghanaian;Ghanaian;Ghanaisch;;GhanÈs;;;;;;;;;x;;,
AZA;Azande;Azande;Azande;;Azande;;;;;;;;;;x;,
AZA_ADJ;Zande;Zande;Zande;;;;;;;;;;;;x;,
AZA_conservative;Royal Faction;Faction royale;Kˆnigsfraktion;;;;;;;;;;;;x;,
AZA_liberal;Reform Faction;Faction de rÈforme;Verbesserung Fraktion;;;;;;;;;;;;x;,
AZA_reactionary;Empire Faction;Faction d'empire;Reich Fraktion;;;;;;;;;;;;x;,
AZA_anarcho_liberal;Radical Faction;Faction radicale;Die radikale Fraktion;;;;;;;;;;;;x;,
AZA_socialist;Socialist Faction;Faction socialiste;Die sozialistische Fraktion;;;;;;;;;;;;x;,
AZA_communist;Communist Faction;Faction communiste;Die kommunistische Fraktion;;;;;;;;;;;;x;,
AZA_fascist;Fascist Faction;Faction fasciste;Die faschistische Fraktion;;;;;;;;;;;;x;,
BEN;Benin;BÈnin;Benin;;BenÌn;;;;;;;;;;x;,
BEN_ADJ;Beninese;BÈninois;Benin;;;;;;;;;;;;x;,
BEN_conservative;Oba's Faction;Faction Obo;Oba Fraktion;;;;;;;;;;;;x;,
BEN_liberal;Reform Faction;Faction de rÈforme;Verbesserung Fraktion;;;;;;;;;;;;x;,
BEN_reactionary;Military Faction;Faction militaire;Milit‰rische Fraktion;;;;;;;;;;;;x;,
BEN_anarcho_liberal;Radical Faction;Faction radicale;Die radikale Fraktion;;;;;;;;;;;;x;,
BEN_socialist;People's Faction;Faction populaire;Volk Fraktion;;;;;;;;;;;;x;,
BEN_communist;Communist Faction;Faction communiste;Die kommunistische Fraktion;;;;;;;;;;;;x;,
BEN_fascist;Fascist Faction;Faction fasciste;Die faschistische Fraktion;;;;;;;;;;;;x;,
BRD;Burundi;Burundi;Burundi;;Burundi;;;;;;;;;;x;,
BRD_ADJ;Burundian;Burundaise;Burundische;;;;;;;;;;;;x;,
BRD_conservative;Mwami Faction;Faction Mwami;Mwami Fraktion;;;;;;;;;;;;x;,
BRD_liberal;Reform Faction;Faction de rÈforme;Verbesserung Fraktion;;;;;;;;;;;;x;,
BRD_reactionary;Empire Faction;Faction d'empire;Reich Fraktion;;;;;;;;;;;;x;,
BRD_anarcho_liberal;Radical Faction;Faction radicale;Die radikale Fraktion;;;;;;;;;;;;x;,
BRD_socialist;Socialist Faction;Faction socialiste;Die sozialistische Fraktion;;;;;;;;;;;;x;,
BRD_communist;Communist Faction;Faction communiste;Die kommunistische Fraktion;;;;;;;;;;;;x;,
BRD_fascist;Fascist Faction;Faction fasciste;Die faschistische Fraktion;;;;;;;;;;;;x;,
BSH;Basotho;Basotho;Basotho;;Basotho;;;;;;;;;;x;,
BSH_ADJ;Basotho;Basotho;Basotho;;;;;;;;;;;;x;,
BSH_conservative;Royal Faction;Faction royale;Kˆnigsfraktion;;;;;;;;;;;;x;,
BSH_liberal;Reform Faction;Faction de rÈforme;Verbesserung Fraktion;;;;;;;;;;;;x;,
BSH_reactionary;Empire Faction;Faction d'empire;Reich Fraktion;;;;;;;;;;;;x;,
BSH_anarcho_liberal;Radical Faction;Faction radicale;Die radikale Fraktion;;;;;;;;;;;;x;,
BSH_socialist;Socialist Faction;Faction socialiste;Die sozialistische Fraktion;;;;;;;;;;;;x;,
BSH_communist;Communist Faction;Faction communiste;Die kommunistische Fraktion;;;;;;;;;;;;x;,
BSH_fascist;Fascist Faction;Faction fasciste;Die faschistische Fraktion;;;;;;;;;;;;x;,
BUG;Buganda;Buganda;Buganda;;Buganda;;;;;;;;;;x;,
BUG_ADJ;Bugandan;Bugandaise;Bugandische;;;;;;;;;;;;x;,
BUG_conservative;Royal Faction;Faction royale;Kˆnigsfraktion;;;;;;;;;;;;x;,
BUG_liberal;Reform Faction;Faction de rÈforme;Verbesserung Fraktion;;;;;;;;;;;;x;,
BUG_reactionary;Empire Faction;Faction d'empire;Reich Fraktion;;;;;;;;;;;;x;,
BUG_anarcho_liberal;Radical Faction;Faction radicale;Die radikale Fraktion;;;;;;;;;;;;x;,
BUG_socialist;Socialist Faction;Faction socialiste;Die sozialistische Fraktion;;;;;;;;;;;;x;,
BUG_communist;Communist Faction;Faction communiste;Die kommunistische Fraktion;;;;;;;;;;;;x;,
BUG_fascist;Fascist Faction;Faction fasciste;Die faschistische Fraktion;;;;;;;;;;;;x;,
CLA;Calabar;Calabar;Calabar;;Calabar;;;;;;;;;;x;,
CLA_ADJ;Calabarean;Calabarien;Calabarische;;;;;;;;;;;;x;,
CLA_conservative;Duke Town Faction;Faction de Duke Town;Duke Town Fraktion;;;;;;;;;;;;x;,
CLA_liberal;Creek Town Faction;Faction de Creek Town;Creek Town Fraktion;;;;;;;;;;;;x;,
CLA_reactionary;Empire Faction;Faction d'empire;Reich Fraktion;;;;;;;;;;;;x;,
CLA_anarcho_liberal;Radical Faction;Faction radicale;Die radikale Fraktion;;;;;;;;;;;;x;,
CLA_socialist;Socialist Faction;Faction socialiste;Die sozialistische Fraktion;;;;;;;;;;;;x;,
CLA_communist;Communist Faction;Faction communiste;Die kommunistische Fraktion;;;;;;;;;;;;x;,
CLA_fascist;Fascist Faction;Faction fasciste;Die faschistische Fraktion;;;;;;;;;;;;x;,
DAH;Dahomey;Dahomey;Dahomey;;Dahomey;;;;;;;;;;x;,
DAH_ADJ;Dahomean;DahomÈenne;Dahomische;;;;;;;;;;;;x;,
DAH_conservative;Ahosu Faction;Faction Ahosu;Ahosu Fraktion;;;;;;;;;;;;x;,
DAH_liberal;Liberal Faction;Faction LibÈral;Liberale Fraktion;;;;;;;;;;;;x;,
DAH_reactionary;Empire Faction;Faction d'empire;Reich Fraktion;;;;;;;;;;;;x;,
DAH_anarcho_liberal;Radical Faction;Faction radicale;Die radikale Fraktion;;;;;;;;;;;;x;,
DAH_socialist;Socialist Faction;Faction socialiste;Die sozialistische Fraktion;;;;;;;;;;;;x;,
DAH_communist;Communist Faction;Faction communiste;Die kommunistische Fraktion;;;;;;;;;;;;x;,
DAH_fascist;Great Dahomey Faction;Faction Dahomey Grande;Groﬂe Dahomey Fraktion;;;;;;;;;;;;x;,
DAM_conservative;Sultan's Faction;Faction Sultan;Sultan Fraktion;;;;;;;;;;;;x;,
DAM_liberal;Reform Faction;Faction de rÈforme;Verbesserung Fraktion;;;;;;;;;;;;x;,
DAM_reactionary;Religious Faction;Faction Religieux;Religiˆse Fraktion;;;;;;;;;;;;x;,
DAM_anarcho_liberal;Freedom Faction;Faction de libertÈ;Freiheits Fraktion;;;;;;;;;;;;x;,
DAM_socialist;Justice and Equality Movement;Mouvement pour la justice et l'ÈgalitÈ;Bewegung f¸r Gerechtigkeit und Gleichheit;;;;;;;;;;;;x;,
DAM_communist;Communist Faction;Faction communiste;Die kommunistische Fraktion;;;;;;;;;;;;x;,
DAM_fascist;Fascist Faction;Faction fasciste;Die faschistische Fraktion;;;;;;;;;;;;x;,
DAM_proletarian_dictatorship;Hausa Republic;Haoussa;Haussaland;;;;;;;;;;;x;;,
DAM_proletarian_dictatorship_ADJ;Hausa;Haoussa;Hausa;;;;;;;;;;;x;;,
DAM_presidential_dictatorship;Hausaland;Haoussa;Haussaland;;;;;;;;;;;x;;,
DAM_presidential_dictatorship_ADJ;Hausa;Haoussa;Hausa;;;;;;;;;;;x;;,
DAM_bourgeois_dictatorship;Hausaland;Haoussa;Haussaland;;;;;;;;;;;x;;,
DAM_bourgeois_dictatorship_ADJ;Hausa;Haoussa;Hausa;;;;;;;;;;;x;;,
DAM_fascist_dictatorship;Hausaland;Haoussa;Haussaland;;;;;;;;;;;x;;,
DAM_fascist_dictatorship_ADJ;Hausa;Haoussa;Hausa;;;;;;;;;;;x;;,
DAM_democracy;Hausaland;Haoussa;Haussaland;;;;;;;;;;;x;;,
DAM_democracy_ADJ;Hausa;Haoussa;Hausa;;;;;;;;;;;x;;,
DAR;Darfur;Darfour;Darfur;;Darfur;;;;;;;;;;x;,
DAR_ADJ;Darfuri;Darfourienne;Darfur;;;;;;;;;;;;x;,
DAR_conservative;Sultan's Faction;Faction sultan;Sultan Fraktion;;;;;;;;;;;;x;,
DAR_liberal;Reform Faction;Faction de rÈforme;Verbesserung Fraktion;;;;;;;;;;;;x;,
DAR_reactionary;Religious Faction;Faction Religieux;Religiˆse Fraktion;;;;;;;;;;;;x;,
DAR_anarcho_liberal;Freedom Faction;Faction de libertÈ;Freiheits Fraktion;;;;;;;;;;;;x;,
DAR_socialist;Justice and Equality Movement;Mouvement pour la justice et l'ÈgalitÈ;Bewegung f¸r Gerechtigkeit und Gleichheit;;;;;;;;;;;;x;,
DAR_communist;Communist Faction;Faction communiste;Die kommunistische Fraktion;;;;;;;;;;;;x;,
DAR_fascist;Fascist Faction;Faction fasciste;Die faschistische Fraktion;;;;;;;;;;;;x;,
DND;Dendi;Dendi;Dendi;;Dendi;;;;;;;;;;x;,
DND_ADJ;Dendi;Dendi;Dendi;;;;;;;;;;;;x;,
DND_conservative;Askiya Faction;Faction Askiya;Askiya Fraktion;;;;;;;;;;;;x;,
DND_liberal;Reform Faction;Faction de rÈforme;Verbesserung Fraktion;;;;;;;;;;;;x;,
DND_reactionary;Religious Faction;Faction Religieux;Religiˆse Fraktion;;;;;;;;;;;;x;,
DND_anarcho_liberal;Freedom Faction;Faction de libertÈ;Freiheits Fraktion;;;;;;;;;;;;x;,
DND_socialist;Justice and Equality Movement;Mouvement pour la justice et l'ÈgalitÈ;Bewegung f¸r Gerechtigkeit und Gleichheit;;;;;;;;;;;;x;,
DND_communist;Communist Faction;Faction communiste;Die kommunistische Fraktion;;;;;;;;;;;;x;,
DND_fascist;Fascist Faction;Faction fasciste;Die faschistische Fraktion;;;;;;;;;;;;x;,
DND_proletarian_dictatorship;Songhai Republic;Songhay;Songhai;;;;;;;;;;;x;;,
DND_proletarian_dictatorship_ADJ;Songhai;SonrhaÔs;Songhai;;;;;;;;;;;x;;,
DND_presidential_dictatorship;Songhai;Songhay;Songhai;;;;;;;;;;;x;;,
DND_presidential_dictatorship_ADJ;Songhai;SonrhaÔs;Songhai;;;;;;;;;;;x;;,
DND_bourgeois_dictatorship;Songhai;Songhay;Songhai;;;;;;;;;;;x;;,
DND_bourgeois_dictatorship_ADJ;Songhai;SonrhaÔs;Songhai;;;;;;;;;;;x;;,
DND_fascist_dictatorship;Dendi Republic;Dendi;Dendi;;Dendi;;;;;;;;;;x;,
DND_democracy;Songhai;Songhay;Songhai;;;;;;;;;;;x;;,
DND_democracy_ADJ;Songhai;SonrhaÔs;Songhai;;;;;;;;;;;x;;,
GBU;Gabu;Gabou;Gabu;;Gabu;;;;;;;;;;x;,
GBU_ADJ;Gabuan;GabuÈen;Gabuisch;;;;;;;;;;;;x;,
GBU_conservative;Mansaba Faction;Faction Mansaba;Mansaba Fraktion;;;;;;;;;;;;x;,
GBU_liberal;Reform Faction;Faction de rÈforme;Verbesserung Fraktion;;;;;;;;;;;;x;,
GBU_reactionary;Empire Faction;Faction d'empire;Reich Fraktion;;;;;;;;;;;;x;,
GBU_anarcho_liberal;Radical Faction;Faction radicale;Die radikale Fraktion;;;;;;;;;;;;x;,
GBU_socialist;Socialist Faction;Faction socialiste;Die sozialistische Fraktion;;;;;;;;;;;;x;,
GBU_communist;Communist Faction;Faction communiste;Die kommunistische Fraktion;;;;;;;;;;;;x;,
GBU_fascist;Fascist Faction;Faction fasciste;Die faschistische Fraktion;;;;;;;;;;;;x;,
GEL;Geledi;Geledi;Geledi;;Geledi;;;;;;;;;;x;,
GEL_ADJ;Geledi;Geledien;Geledisch;;;;;;;;;;;;x;,
GEL_conservative;Sheikal Faction;Faction Sheikal;Scheichsfraktion;;FacciÛn de jeques;;;;;;;;;x;;,
GEL_liberal;The Liberal Faction;Faction libÈrale;Die liberale Fraktion;;La facciÛn liberal;;;;;;;;;x;;,
GEL_reactionary;The Nationalist Faction;Faction nationaliste;Die nationalistische Fraktion;;La facciÛn nacionalista;;;;;;;;;x;;,
GEL_anarcho_liberal;The Radical Faction;Faction radicale;Die radikale Fraktion;;La facciÛn radical;;;;;;;;;x;;,
GEL_socialist;The Socialist Faction;Faction socialiste;Die sozialistische Fraktion;;La facciÛn socialista;;;;;;;;;x;;,
GEL_communist;The Communist Faction;Faction communiste;Die kommunistische Fraktion;;La facciÛn comunista;;;;;;;;;x;;,
GEL_fascist;The Greater Somalia Faction;La Faction Grande Somalie;Die Grˆﬂere Somalia Fraktion;;El Gran Somalia FacciÛn;;;;;;;;;x;;,
JAL;Fuuta Jallon;Fouta Djalon;Fuuta Jalon;;Fouta Yallon;;;;;;;;;;x;,
JAL_ADJ;Jallon;Djalon;Jalon;;;;;;;;;;;;x;,
JAL_conservative;Almami's Faction;Faction Almami;Almami Fraktion;;;;;;;;;;;;x;,
JAL_liberal;Liberal Faction;Faction libÈrale;Die liberale Fraktion;;;;;;;;;;;;x;,
JAL_reactionary;The Jihadis;Les djihadistes;Das Jihadis;;;;;;;;;;;;x;,
JAL_anarcho_liberal;Radical Faction;Faction radicale;Die radikale Fraktion;;;;;;;;;;;;x;,
JAL_socialist;Socialist Faction;Faction socialiste;Die sozialistische Fraktion;;;;;;;;;;;;x;,
JAL_communist;Communist Faction;Faction communiste;Die kommunistische Fraktion;;;;;;;;;;;;x;,
JAL_fascist;Fascist Faction;Faction fasciste;Die faschistische Fraktion;;;;;;;;;;;;x;,
KBO;Bornu;Kanem-Bornu;Kanem-Bornu;;Kanem-Bornu;;;;;;;;;;x;,
KBO_ADJ;Bornu;Bornu;Bornu;;;;;;;;;;;;x;,
KBO_conservative;Mai Faction;Faction Mai;Mai Fraktion;;;;;;;;;;;;x;,
KBO_liberal;Reform Faction;Faction de rÈforme;Verbesserung Fraktion;;;;;;;;;;;;x;,
KBO_reactionary;Religious Faction;Religieux Faction;Religiˆse Fraktion;;;;;;;;;;;;x;,
KBO_anarcho_liberal;Freedom Faction;Faction de libertÈ;Freiheits Fraktion;;;;;;;;;;;;x;,
KBO_socialist;People's welfare Faction;Faction du bien-Ítre populaire;Volksbetreuungsamt Fraktion;;;;;;;;;;;;x;,
KBO_communist;Communist Faction;Faction communiste;Die kommunistische Fraktion;;;;;;;;;;;;x;,
KBO_fascist;Greater Kanem-Bornu Faction;Faction du Grand Empire du Kanem-Bornou;Groﬂer Kanem-Bornu ReichFraktion;;;;;;;;;;;;x;,
KNG;Wattara;Ouattara;Wattara;;Wattara;;;;;;;;;;x;,
KNG_ADJ;Wattaran;Wattaran;Wattaran;;;;;;;;;;;;x;,
KNG_conservative;Fama's Faction;Faction Fama;Fama Fraktion;;;;;;;;;;;;x;,
KNG_liberal;Liberal Faction;Faction libÈrale;Die liberale Fraktion;;;;;;;;;;;;x;,
KNG_reactionary;Religious Faction;Religieux Faction;Religiˆse Fraktion;;;;;;;;;;;;x;,
KNG_anarcho_liberal;Radical Faction;Faction radicale;Die radikale Fraktion;;;;;;;;;;;;x;,
KNG_socialist;Socialist Faction;Faction socialiste;Die sozialistische Fraktion;;;;;;;;;;;;x;,
KNG_communist;Communist Faction;Faction communiste;Die kommunistische Fraktion;;;;;;;;;;;;x;,
KNG_fascist;Fascist Faction;Faction fasciste;Die faschistische Fraktion;;;;;;;;;;;;x;,
KON;Kongo;Kongo;Kongo;;Congo;;;;;;;;;;x;,
KON_ADJ;Kongolese;Kongolaise;Kongolesische;;;;;;;;;;;;x;,
KON_conservative;MweneKongo Faction;Faction MweneKongo;MweneKongo Fraktion;;;;;;;;;;;;x;,
KON_liberal;Reform Faction;Faction de rÈforme;Verbesserung Fraktion;;;;;;;;;;;;x;,
KON_reactionary;Religious Faction;Religieux Faction;Religiˆse Fraktion;;;;;;;;;;;;x;,
KON_anarcho_liberal;Radical Faction;Faction radicale;Die radikale Fraktion;;;;;;;;;;;;x;,
KON_socialist;Socialist Faction;Faction socialiste;Die sozialistische Fraktion;;;;;;;;;;;;x;,
KON_communist;Communist Faction;Faction communiste;Die kommunistische Fraktion;;;;;;;;;;;;x;,
KON_fascist;Fascist Faction;Faction fasciste;Die faschistische Fraktion;;;;;;;;;;;;x;,
KUB;Kuba;Kuba;Kuba;;Kuba;;;;;;;;;;x;,
KUB_ADJ;Kuba;Kuba;Kuba;;;;;;;;;;;;x;,
KUB_conservative;Nyim's Faction;Faction Nyim;Nyim Fraktion;;;;;;;;;;;;x;,
KUB_liberal;Reform Faction;Faction de rÈforme;Verbesserung Fraktion;;;;;;;;;;;;x;,
KUB_reactionary;Aristocrat's faction;Faction des aristocrates;Aristokraten Fraktion;;;;;;;;;;;;x;,
KUB_anarcho_liberal;Radical Faction;Faction radicale;Die radikale Fraktion;;;;;;;;;;;;x;,
KUB_socialist;Socialist Faction;Faction socialiste;Die sozialistische Fraktion;;;;;;;;;;;;x;,
KUB_communist;Communist Faction;Faction communiste;Die kommunistische Fraktion;;;;;;;;;;;;x;,
KUB_fascist;Fascist Faction;Faction fasciste;Die faschistische Fraktion;;;;;;;;;;;;x;,
KZB;Kazembe;Kazembe;Kazembe;;Cazembe;;;;;;;;;;x;,
KZB_ADJ;Kazembe;Kazembe;Kazembe;;;;;;;;;;;;x;,
KZB_conservative;Mwata Faction;Faction Mwata;Mwata fraktion;;;;;;;;;;;;x;,
KZB_liberal;Reform Faction;Faction de rÈforme;Verbesserung Fraktion;;;;;;;;;;;;x;,
KZB_reactionary;Empire Faction;Faction d'empire;Reich Fraktion;;;;;;;;;;;;x;,
KZB_anarcho_liberal;Radical Faction;Faction radicale;Die radikale Fraktion;;;;;;;;;;;;x;,
KZB_socialist;Socialist Faction;Faction socialiste;Die sozialistische Fraktion;;;;;;;;;;;;x;,
KZB_communist;Communist Faction;Faction communiste;Die kommunistische Fraktion;;;;;;;;;;;;x;,
KZB_fascist;Fascist Faction;Faction fasciste;Die faschistische Fraktion;;;;;;;;;;;;x;,
LBA;Luba;Luba;Luba;;Luba;;;;;;;;;;x;,
LBA_ADJ;Luba;Luba;Luba;;;;;;;;;;;;x;,
LBA_conservative;Royal Faction;Faction royale;Kˆnigsfraktion;;;;;;;;;;;;x;,
LBA_liberal;Reform Faction;Faction de rÈforme;Verbesserung Fraktion;;;;;;;;;;;;x;,
LBA_reactionary;Empire Faction;Faction d'empire;Reich Fraktion;;;;;;;;;;;;x;,
LBA_anarcho_liberal;Radical Faction;Faction radicale;Die radikale Fraktion;;;;;;;;;;;;x;,
LBA_socialist;Socialist Faction;Faction socialiste;Die sozialistische Fraktion;;;;;;;;;;;;x;,
LBA_communist;Communist Faction;Faction communiste;Die kommunistische Fraktion;;;;;;;;;;;;x;,
LBA_fascist;Fascist Faction;Faction fasciste;Die faschistische Fraktion;;;;;;;;;;;;x;,
LOA;Loango;Loango;Loango;;Loango;;;;;;;;;;x;,
LOA_ADJ;Loangoese;Loangoaise;Loangoische;;;;;;;;;;;;x;,
LOA_conservative;Ma Lw„„gu's Faction;Faction Ma Lw„„gu;Ma Lw„„gu Fraktion;;;;;;;;;;;;x;,
LOA_liberal;Reform Faction;Faction de rÈforme;Verbesserung Fraktion;;;;;;;;;;;;x;,
LOA_reactionary;Traditions Faction;Faction des traditions;Traditionen Fraktion;;;;;;;;;;;;x;,
LOA_anarcho_liberal;Radical Faction;Faction radicale;Die radikale Fraktion;;;;;;;;;;;;x;,
LOA_socialist;Socialist Faction;Faction socialiste;Die sozialistische Fraktion;;;;;;;;;;;;x;,
LOA_communist;Communist Faction;Faction communiste;Die kommunistische Fraktion;;;;;;;;;;;;x;,
LOA_fascist;Fascist Faction;Faction fasciste;Die faschistische Fraktion;;;;;;;;;;;;x;,
LUN;Lunda;Lunda;Lunda;;Lunda;;;;;;;;;;x;,
LUN_ADJ;Lunda;Lundas;Lunda;;;;;;;;;;;;x;,
LUN_conservative;Royal Faction;Faction royale;Kˆnigsfraktion;;;;;;;;;;;;x;,
LUN_liberal;Reform Faction;Faction de rÈforme;Verbesserung Fraktion;;;;;;;;;;;;x;,
LUN_reactionary;Empire Faction;Faction d'empire;Reich Fraktion;;;;;;;;;;;;x;,
LUN_anarcho_liberal;Radical Faction;Faction radicale;Die radikale Fraktion;;;;;;;;;;;;x;,
LUN_socialist;Socialist Faction;Faction socialiste;Die sozialistische Fraktion;;;;;;;;;;;;x;,
LUN_communist;Communist Faction;Faction communiste;Die kommunistische Fraktion;;;;;;;;;;;;x;,
LUN_fascist;Fascist Faction;Faction fasciste;Die faschistische Fraktion;;;;;;;;;;;;x;,
MAJ;Majeerteen;Majeerteen;Majeerteen;;Majeerteen;;;;;;;;;;x;,
MAJ_ADJ;Majeerteen;Majeerteenien;Majeerteenisch;;;;;;;;;;;;x;,
MAJ_conservative;Sheikal Faction;Faction Sheikal;Scheichsfraktion;;FacciÛn de jeques;;;;;;;;;x;;,
MAJ_liberal;The Liberal Faction;Faction libÈrale;Die liberale Fraktion;;La facciÛn liberal;;;;;;;;;x;;,
MAJ_reactionary;The Nationalist Faction;Faction nationaliste;Die nationalistische Fraktion;;La facciÛn nacionalista;;;;;;;;;x;;,
MAJ_anarcho_liberal;The Radical Faction;Faction radicale;Die radikale Fraktion;;La facciÛn radical;;;;;;;;;x;;,
MAJ_socialist;The Socialist Faction;Faction socialiste;Die sozialistische Fraktion;;La facciÛn socialista;;;;;;;;;x;;,
MAJ_communist;The Communist Faction;Faction communiste;Die kommunistische Fraktion;;La facciÛn comunista;;;;;;;;;x;;,
MAJ_fascist;The Islamic Faction;La faction islamique;Die islamische Fraktion;;La facciÛn isl·mica;;;;;;;;;x;;,
MAS;Massina;Macina;Massina;;Massina;;;;;;;;;;x;,
MAS_ADJ;Massinan;Massinan;Massinan;;;;;;;;;;;;x;,
MAS_conservative;Royal Faction;Faction royale;Kˆnigsfraktion;;;;;;;;;;;;x;,
MAS_liberal;Liberal Faction;Faction libÈrale;Die liberale Fraktion;;;;;;;;;;;;x;,
MAS_reactionary;The Jihadis;Les djihadistes;Das Jihadis;;;;;;;;;;;;x;,
MAS_anarcho_liberal;Radical Faction;Faction radicale;Die radikale Fraktion;;;;;;;;;;;;x;,
MAS_socialist;Socialist Faction;Faction socialiste;Die sozialistische Fraktion;;;;;;;;;;;;x;,
MAS_communist;Communist Faction;Faction communiste;Die kommunistische Fraktion;;;;;;;;;;;;x;,
MAS_fascist;Fascist Faction;Faction fasciste;Die faschistische Fraktion;;;;;;;;;;;;x;,
MAT;Matabele;Matabele;Matabele;;Matabele;;;;;;;;;;x;,
MAT_ADJ;Matabele;Matabele;Matabele;;;;;;;;;;;;x;,
MAT_conservative;Royal Faction;Faction royale;Kˆnigsfraktion;;;;;;;;;;;;x;,
MAT_liberal;Reform Faction;Faction de rÈforme;Verbesserung Fraktion;;;;;;;;;;;;x;,
MAT_reactionary;Empire Faction;Faction d'empire;Reich Fraktion;;;;;;;;;;;;x;,
MAT_anarcho_liberal;Radical Faction;Faction radicale;Die radikale Fraktion;;;;;;;;;;;;x;,
MAT_socialist;Socialist Faction;Faction socialiste;Die sozialistische Fraktion;;;;;;;;;;;;x;,
MAT_communist;Communist Faction;Faction communiste;Die kommunistische Fraktion;;;;;;;;;;;;x;,
MAT_fascist;Fascist Faction;Faction fasciste;Die faschistische Fraktion;;;;;;;;;;;;x;,
MNG;Mongo;Mongo;Mongo;;Mongo;;;;;;;;;;x;,
MNG_ADJ;Mongo;Mongo;Mongo;;;;;;;;;;;;x;,
MNG_conservative;Royal Faction;Faction royale;Kˆnigsfraktion;;;;;;;;;;;;x;,
MNG_liberal;Reform Faction;Faction de rÈforme;Verbesserung Fraktion;;;;;;;;;;;;x;,
MNG_reactionary;Empire Faction;Faction d'empire;Reich Fraktion;;;;;;;;;;;;x;,
MNG_anarcho_liberal;Radical Faction;Faction radicale;Die radikale Fraktion;;;;;;;;;;;;x;,
MNG_socialist;Socialist Faction;Faction socialiste;Die sozialistische Fraktion;;;;;;;;;;;;x;,
MNG_communist;Communist Faction;Faction communiste;Die kommunistische Fraktion;;;;;;;;;;;;x;,
MNG_fascist;Fascist Faction;Faction fasciste;Die faschistische Fraktion;;;;;;;;;;;;x;,
MOS;Mossi;Mossi;Mossi;;Mossi;;;;;;;;;;x;,
MOS_ADJ;Mossi;Mossis;Mossi;;;;;;;;;;;;x;,
MOS_conservative;Mogho Naba Faction;Faction Mogho Naba;Mogho Naba Fraktion;;;;;;;;;;;;x;,
MOS_liberal;Reform Faction;Faction de rÈforme;Verbesserung Fraktion;;;;;;;;;;;;x;,
MOS_reactionary;Traditional Faction;Faction traditionnelle;Traditionelle Fraktion;;;;;;;;;;;;x;,
MOS_anarcho_liberal;Freedom Faction;Faction de libertÈ;Freiheits Fraktion;;;;;;;;;;;;x;,
MOS_socialist;Socialist Faction;Faction socialiste;Die sozialistische Fraktion;;;;;;;;;;;;x;,
MOS_communist;Communist Faction;Faction communiste;Die kommunistische Fraktion;;;;;;;;;;;;x;,
MOS_fascist;Empire Faction;Faction d'empire;Reich Fraktion;;;;;;;;;;;;x;,
OYO;Oyo;Oyo;Oyo;;Oyo;;;;;;;;;;x;,
OYO_ADJ;Oyo;Oyo;Oyo;;;;;;;;;;;;x;,
OYO_conservative;Alaafin's Faction;Faction Alaafin;Alaafin Fraktion;;;;;;;;;;;;x;,
OYO_liberal;Reform Faction;Faction de rÈforme;Verbesserung Fraktion;;;;;;;;;;;;x;,
OYO_reactionary;Military Faction;Faction militaire;Milit‰rische Fraktion;;;;;;;;;;;;x;,
OYO_anarcho_liberal;Radical Faction;Faction radicale;Die radikale Fraktion;;;;;;;;;;;;x;,
OYO_socialist;People's Faction;Faction populaire;Volk Fraktion;;;;;;;;;;;;x;,
OYO_communist;Communist Faction;Faction communiste;Die kommunistische Fraktion;;;;;;;;;;;;x;,
OYO_fascist;Fascist Faction;Faction fasciste;Die faschistische Fraktion;;;;;;;;;;;;x;,
RWA;Rwanda;Ruanda;Ruanda;;Ruanda;;;;;;;;;;x;,
RWA_ADJ;Rwandan;Ruandaise;Ruandische;;;;;;;;;;;;x;,
RWA_conservative;Royal Faction;Faction royale;Kˆnigsfraktion;;;;;;;;;;;;x;,
RWA_liberal;Reform Faction;Faction de rÈforme;Verbesserung Fraktion;;;;;;;;;;;;x;,
RWA_reactionary;Traditional Faction;Faction traditionnelle;Traditionelle Fraktion;;;;;;;;;;;;x;,
RWA_anarcho_liberal;Freedom Faction;Faction de libertÈ;Freiheits Fraktion;;;;;;;;;;;;x;,
RWA_socialist;Socialist Faction;Faction socialiste;Die sozialistische Fraktion;;;;;;;;;;;;x;,
RWA_communist;Communist Faction;Faction communiste;Die kommunistische Fraktion;;;;;;;;;;;;x;,
RWA_fascist;Fascist Faction;Faction fasciste;Die faschistische Fraktion;;;;;;;;;;;;x;,
SEG;Bamana;SÈgou;Segu;;Segu;;;;;;;;;;x;,
SEG_ADJ;Bambara;Bambaras;Bambara;;;;;;;;;;;;x;,
SEG_conservative;Royal Faction;Faction royale;Kˆnigsfraktion;;;;;;;;;;;;x;,
SEG_liberal;Reform Faction;Faction de rÈforme;Verbesserung Fraktion;;;;;;;;;;;;x;,
SEG_reactionary;Traditional Faction;Faction traditionnelle;Traditionelle Fraktion;;;;;;;;;;;;x;,
SEG_anarcho_liberal;Freedom Faction;Faction de libertÈ;Freiheits Fraktion;;;;;;;;;;;;x;,
SEG_socialist;Socialist Faction;Faction socialiste;Die sozialistische Fraktion;;;;;;;;;;;;x;,
SEG_communist;Communist Faction;Faction communiste;Die kommunistische Fraktion;;;;;;;;;;;;x;,
SEG_fascist;New Empire Faction;Faction pour le nouvel empire;Neue Reich Fraktion;;;;;;;;;;;;x;,
SHO;Shona;Shona;Shona;;Shona;;;;;;;;;;x;,
SHO_ADJ;Shona;Shona;Shona;;;;;;;;;;;;x;,
SHO_conservative;Royal Faction;Faction royale;Kˆnigsfraktion;;;;;;;;;;;;x;,
SHO_liberal;Reform Faction;Faction de rÈforme;Verbesserung Fraktion;;;;;;;;;;;;x;,
SHO_reactionary;Empire Faction;Faction d'empire;Reich Fraktion;;;;;;;;;;;;x;,
SHO_anarcho_liberal;Radical Faction;Faction radicale;Die radikale Fraktion;;;;;;;;;;;;x;,
SHO_socialist;Socialist Faction;Faction socialiste;Die sozialistische Fraktion;;;;;;;;;;;;x;,
SHO_communist;Communist Faction;Faction communiste;Die kommunistische Fraktion;;;;;;;;;;;;x;,
SHO_fascist;Fascist Faction;Faction fasciste;Die faschistische Fraktion;;;;;;;;;;;;x;,
SHW;Shewa;Shewa;Shewa;;Shewa;;;;;;;;;;x;,
SHW_ADJ;Shewan;Shewaien;Shewaisch;;Shewa;;;;;;;;;x;;,
SHW_conservative;Negus's Faction;Faction Negus;Negus Fraktion;;FacciÛn Negus;;;;;;;;;x;;,
SHW_liberal;The Liberal Faction;Faction libÈrale;Die liberale Fraktion;;La facciÛn liberal;;;;;;;;;x;;,
SHW_reactionary;The Church Faction;La Faction Eglise;Die Kirche Fraktion;;La FacciÛn Iglesia;;;;;;;;;x;;,
SHW_anarcho_liberal;The Radical Faction;Faction radicale;Die radikale Fraktion;;La facciÛn radical;;;;;;;;;x;;,
SHW_socialist;The Socialist Faction;Faction socialiste;Die sozialistische Fraktion;;La facciÛn socialista;;;;;;;;;x;;,
SHW_communist;The Communist Faction;Faction communiste;Die kommunistische Fraktion;;La facciÛn comunista;;;;;;;;;x;;,
SHW_fascist;The Fascist Faction;Faction fasciste;Die faschistische Fraktion;;La facciÛn fascista;;;;;;;;;x;;,
SOM;Somaliland;Somalia;Somalia;;Somalia;;;;;;;;;;x;,
SOM_ADJ;Somali;Somali;Somalisch;;;;;;;;;;;;x;,
SUA;Suazi;Suazi;Suazi;;Suazi;;;;;;;;;;x;,
SUA_ADJ;Suazi;Suazi;Suazi;;;;;;;;;;;;x;,
SUA_conservative;Royal Faction;Faction royale;Kˆnigsfraktion;;;;;;;;;;;;x;,
SUA_liberal;Reform Faction;Faction de rÈforme;Verbesserung Fraktion;;;;;;;;;;;;x;,
SUA_reactionary;Traditional Faction;Faction traditionnelle;Traditionelle Fraktion;;;;;;;;;;;;x;,
SUA_anarcho_liberal;Freedom Faction;Faction de libertÈ;Freiheits Fraktion;;;;;;;;;;;;x;,
SUA_socialist;Socialist Faction;Faction socialiste;Die sozialistische Fraktion;;;;;;;;;;;;x;,
SUA_communist;Communist Faction;Faction communiste;Die kommunistische Fraktion;;;;;;;;;;;;x;,
SUA_fascist;Fascist Faction;Faction fasciste;Die faschistische Fraktion;;;;;;;;;;;;x;,
SUA_democracy;Swaziland;;;;;;;;;;;;;;x;,
SUA_fascist_dictatorship;Swatini;;;;;;;;;;;;;;x;,
SUA_fascist_dictatorship_ADJ;Siswati;;;;;;;;;;;;;;x;,
SUA_proletarian_dictatorship;Swaziland;;;;;;;;;;;;;;x;,
SUA_presidential_dictatorship;Swaziland;;;;;;;;;;;;;;x;,
SUA_bourgeois_dictatorship;Swaziland;;;;;;;;;;;;;;x;,
TOO;Fouta Tooro;Fouta Toro;Fuua Toro;;Fouta Toro;;;;;;;;;;x;,
TOO_ADJ;Tooro;Toro;Toro;;;;;;;;;;;;x;,
TOO_conservative;Almaami Faction;Faction Almaami;Almaami Fraktion;;;;;;;;;;;;x;,
TOO_liberal;Reform Faction;Faction de rÈforme;Verbesserung Fraktion;;;;;;;;;;;;x;,
TOO_reactionary;Religious Faction;Faction Religieux;Religiˆse Fraktion;;;;;;;;;;;;x;,
TOO_anarcho_liberal;Freedom Faction;Faction de libertÈ;Freiheits Fraktion;;;;;;;;;;;;x;,
TOO_socialist;Socialist Faction;Faction socialiste;Die sozialistische Fraktion;;;;;;;;;;;;x;,
TOO_communist;Communist Faction;Faction communiste;Die kommunistische Fraktion;;;;;;;;;;;;x;,
TOO_fascist;Empire Faction;Faction d'empire;Reich Fraktion;;;;;;;;;;;;x;,
TSW;Botswana;Botswana;Botswana;;Botswana;;;;;;;;;;x;,
TSW_ADJ;Tswana;Tswana;Tswana;;;;;;;;;;;;x;,
TSW_conservative;Royal Faction;Faction royale;Kˆnigsfraktion;;;;;;;;;;;;x;,
TSW_liberal;Reform Faction;Faction de rÈforme;Verbesserung Fraktion;;;;;;;;;;;;x;,
TSW_reactionary;Empire Faction;Faction d'empire;Reich Fraktion;;;;;;;;;;;;x;,
TSW_anarcho_liberal;Radical Faction;Faction radicale;Die radikale Fraktion;;;;;;;;;;;;x;,
TSW_socialist;Socialist Faction;Faction socialiste;Die sozialistische Fraktion;;;;;;;;;;;;x;,
TSW_communist;Communist Faction;Faction communiste;Die kommunistische Fraktion;;;;;;;;;;;;x;,
TSW_fascist;Fascist Faction;Faction fasciste;Die faschistische Fraktion;;;;;;;;;;;;x;,
WAD;Wadai;OuaddaÔ;Wadai;;Ouaddai;;;;;;;;;;x;,
WAD_ADJ;Wadai;Wadai;Wadai;;;;;;;;;;;;x;,
WAD_conservative;Kolak's Faction;Faction Kolak;Kolak Fraktion;;;;;;;;;;;;x;,
WAD_liberal;Reform Faction;Faction de rÈforme;Verbesserung Fraktion;;;;;;;;;;;;x;,
WAD_reactionary;Religious Faction;Faction Religieux;Religiˆse Fraktion;;;;;;;;;;;;x;,
WAD_anarcho_liberal;Freedom Faction;Faction de libertÈ;Freiheits Fraktion;;;;;;;;;;;;x;,
WAD_socialist;Socialist Faction;Faction socialiste;Die sozialistische Fraktion;;;;;;;;;;;;x;,
WAD_communist;Communist Faction;Faction communiste;Die kommunistische Fraktion;;;;;;;;;;;;x;,
WAD_fascist;Fascist Faction;Faction fasciste;Die faschistische Fraktion;;;;;;;;;;;;x;,
WRI;Warri;Warri;Warri;;Warri;;;;;;;;;;x;,
WRI_ADJ;Warri;Warri;Warri;;;;;;;;;;;;x;,
WRI_conservative;Olu's Faction;Faction Olu;Olu Fraktion;;;;;;;;;;;;x;,
WRI_liberal;Reform Faction;Faction de rÈforme;Verbesserung Fraktion;;;;;;;;;;;;x;,
WRI_reactionary;Military Faction;Faction militaire;Milit‰rische Fraktion;;;;;;;;;;;;x;,
WRI_anarcho_liberal;Radical Faction;Faction radicale;Die radikale Fraktion;;;;;;;;;;;;x;,
WRI_socialist;People's Faction;Faction populaire;Volk Fraktion;;;;;;;;;;;;x;,
WRI_communist;Communist Faction;Faction communiste;Die kommunistische Fraktion;;;;;;;;;;;;x;,
WRI_fascist;Fascist Faction;Faction fasciste;Die faschistische Fraktion;;;;;;;;;;;;x;,
WOL;Wolof;Djolof;Jolof;;wÛlof;;;;;;;;;;x;,
WOL_ADJ;Wolof;Djolof;Jolof;;;;;;;;;;;;x;,
WOL_conservative;Buur-ba's Faction;Faction Buur-ba;Buur-ba Fraktion;;;;;;;;;;;;x;,
WOL_liberal;Reform Faction;Faction de rÈforme;Verbesserung Fraktion;;;;;;;;;;;;x;,
WOL_reactionary;Religious Faction;Faction Religieux;Religiˆse Fraktion;;;;;;;;;;;;x;,
WOL_anarcho_liberal;Freedom Faction;Faction de libertÈ;Freiheits Fraktion;;;;;;;;;;;;x;,
WOL_socialist;Socialist Faction;Faction socialiste;Die sozialistische Fraktion;;;;;;;;;;;;x;,
WOL_communist;Communist Faction;Faction communiste;Die kommunistische Fraktion;;;;;;;;;;;;x;,
WOL_fascist;Fascist Faction;Faction fasciste;Die faschistische Fraktion;;;;;;;;;;;;x;,
XHO;Xhosa;Xhosa;Xhosa;;Kosoj;;;;;;;;;;x;,
XHO_ADJ;Xhosa;Xhosa;Xhosa;;;;;;;;;;;;x;,
XHO_conservative;Conservative Faction;Faction conservateur;Konservative Fraktion;;;;;;;;;;;;x;,
XHO_liberal;Liberal Faction;Faction libÈral;Liberale Fraktion;;;;;;;;;;;;x;,
XHO_reactionary;Traditional Faction;Faction traditionnelle;Traditionelle Fraktion;;;;;;;;;;;;x;,
XHO_anarcho_liberal;Radical Faction;Faction radicale;Die radikale Fraktion;;;;;;;;;;;;x;,
XHO_socialist;Socialist Faction;Faction socialiste;Die sozialistische Fraktion;;;;;;;;;;;;x;,
XHO_communist;Communist Faction;Faction communiste;Die kommunistische Fraktion;;;;;;;;;;;;x;,
XHO_fascist;Fascist Faction;Faction fasciste;Die faschistische Fraktion;;;;;;;;;;;;x;,
XHO_democracy;Xhosaland;;;;;;;;;;;;;;x;,
AGC;Angoche;;;;;;;;;;;;x;;;,
AGC_ADJ;Angochen;;;;;;;;;;;;x;;;,
AGC_conservative;Sultan's Faction;;;;;;;;;;;;x;;;,
AGC_liberal;Reform Faction;;;;;;;;;;;;x;;;,
AGC_reactionary;Islamic faction;;;;;;;;;;;;x;;;,
AGC_anarcho_liberal;Radical Faction;;;;;;;;;;;;x;;;,
AGC_socialist;Socialist Party;;;;;;;;;;;;x;;;,
AGC_communist;Communist Party;;;;;;;;;;;;x;;;,
AGC_fascist;Fascist Faction;;;;;;;;;;;;x;;;,
GAZ;Gaza;;;;;;;;;;;;x;;;,
GAZ_ADJ;Nguni;;;;;;;;;;;;x;;;,
GAZ_conservative;King's Faction;;;;;;;;;;;;x;;;,
GAZ_liberal;Reform Faction;;;;;;;;;;;;x;;;,
GAZ_reactionary;Traditionalist faction;;;;;;;;;;;;x;;;,
GAZ_anarcho_liberal;Freedom Faction;;;;;;;;;;;;x;;;,
GAZ_socialist;People's Front;;;;;;;;;;;;x;;;,
GAZ_communist;Communist Party;;;;;;;;;;;;x;;;,
GAZ_fascist;Fascist Faction;;;;;;;;;;;;x;;;,
TRZ;Trarza;;;;;;;;;;;;x;;;,
TRZ_ADJ;Trarzan;;;;;;;;;;;;x;;;,
TRZ_conservative;Emir's Faction;;;;;;;;;;;;x;;;,
TRZ_liberal;Reform Faction;;;;;;;;;;;;x;;;,
TRZ_reactionary;Islamic faction;;;;;;;;;;;;x;;;,
TRZ_anarcho_liberal;Radical Faction;;;;;;;;;;;;x;;;,
TRZ_socialist;Socialist Party;;;;;;;;;;;;x;;;,
TRZ_communist;Communist Party;;;;;;;;;;;;x;;;,
TRZ_fascist;Fascist Faction;;;;;;;;;;;;x;;;,
TRZ_proletarian_dictatorship;Mauritania;Mauritanie;Mauretanien;;;;;;;;;;;x;;,
TRZ_proletarian_dictatorship_ADJ;Mauritanian;Mauritanien;Mauretanische;;;;;;;;;;;x;;,
TRZ_presidential_dictatorship;Mauritania;Mauritanie;Mauretanien;;;;;;;;;;;x;;,
TRZ_presidential_dictatorship_ADJ;Mauritanian;Mauritanien;Mauretanische;;;;;;;;;;;x;;,
TRZ_bourgeois_dictatorship;Mauritania;Mauritanie;Mauretanien;;;;;;;;;;;x;;,
TRZ_bourgeois_dictatorship_ADJ;Mauritanian;Mauritanien;Mauretanische;;;;;;;;;;;x;;,
TRZ_fascist_dictatorship;Mauritania;Mauritanie;Mauretanien;;;;;;;;;;;x;;,
TRZ_fascist_dictatorship_ADJ;Mauritanian;Mauritanien;Mauretanische;;;;;;;;;;;x;;,
TRZ_democracy;Mauritania;Mauritanie;Mauretanien;;;;;;;;;;;x;;,
TRZ_democracy_ADJ;Mauritanian;Mauritanien;Mauretanische;;;;;;;;;;;x;;,
AWS;Awsa;Awsa;Awsa;;Awsa;;;;;;;;;;x;,
AWS_ADJ;Afar;Afar;Afar;;;;;;;;;;;;x;,
AWS_conservative;Sultan's Faction;Faction Sultan;Sultan Fraktion;;;;;;;;;;;;x;,
AWS_liberal;Reformers Faction;Faction rÈformateurs;Reformatoren Fraktion;;;;;;;;;;;;x;,
AWS_reactionary;Military Faction;Faction militaire;Milit‰rische Fraktion;;;;;;;;;;;;x;,
AWS_anarcho_liberal;Radical Faction;Faction radicale;Die radikale Fraktion;;;;;;;;;;;;x;,
AWS_socialist;Afar People's Party;Afar Parti populaire;Afar Volkspartei;;;;;;;;;;;;x;,
AWS_communist;Afar Communist Party;Afar Parti communiste;Afar Kommunistischen Partei;;;;;;;;;;;;x;,
AWS_fascist;Fascist Faction;Faction fasciste;Die faschistische Fraktion;;;;;;;;;;;;x;,
GON;Gonder;Gonder;Gonder;;Gonder;;;;;;;;;;x;,
GON_ADJ;Gonderan;Gonderienne;Gonderische;;;;;;;;;;;;x;,
GON_conservative;Imperial Faction;Faction impÈriale;Imperialen Fraktion;;;;;;;;;;;;x;,
GON_liberal;Reform Faction;Faction de rÈforme;Verbesserung Fraktion;;;;;;;;;;;;x;,
GON_reactionary;Ras Faction;Faction Ras;Ras Fraktion;;;;;;;;;;;;x;,
GON_anarcho_liberal;Radical Faction;Faction radicale;Die radikale Fraktion;;;;;;;;;;;;x;,
GON_socialist;Socialist Party;Parti socialiste;Sozialistische Partei;;;;;;;;;;;;x;,
GON_communist;Communist Party;Parti communiste;Kommunistische Partei;;;;;;;;;;;;x;,
GON_fascist;Fascist Faction;Faction fasciste;Die faschistische Fraktion;;;;;;;;;;;;x;,
HAR_conservative;Emir's Faction;Faction Emir;Emir Fraktion;;;;;;;;;;;;x;,
HAR_liberal;Reform Faction;Faction de rÈforme;Verbesserung Fraktion;;;;;;;;;;;;x;,
HAR_reactionary;Religious Faction;Faction religieuse;Religiˆse Fraktion;;;;;;;;;;;;x;,
HAR_anarcho_liberal;Radical Faction;Faction radicale;Die radikale Fraktion;;;;;;;;;;;;x;,
HAR_socialist;Socialist Party;Parti socialiste;Sozialistische Partei;;;;;;;;;;;;x;,
HAR_communist;Communist Party;Parti communiste;Kommunistische Partei;;;;;;;;;;;;x;,
HAR_fascist;Islamic Party;Parti islamique;Islamische Partei;;;;;;;;;;;;x;,
KAF;Kaffa;Kaffa;Kaffa;;Kaffa;;;;;;;;;;x;,
KAF_ADJ;Kaffan;Kaffaienne;Kaffaische;;;;;;;;;;;;x;,
KAF_conservative;Royal faction;Faction royale;Kˆnigliche Fraktion;;;;;;;;;;;;x;,
KAF_liberal;Reform Faction;Faction de rÈforme;Verbesserung Fraktion;;;;;;;;;;;;x;,
KAF_reactionary;Traditionalist faction;Faction traditionaliste;Traditionalist Fraktion;;;;;;;;;;;;x;,
KAF_anarcho_liberal;Freedom Faction;Faction libertÈ;Freiheit Fraktion;;;;;;;;;;;;x;,
KAF_socialist;Socialist Faction;Faction socialiste;Die sozialistische Fraktion;;;;;;;;;;;;x;,
KAF_communist;Communist Faction;Faction communiste;Die kommunistische Fraktion;;;;;;;;;;;;x;,
KAF_fascist;Fascist Faction;Faction fasciste;Die faschistische Fraktion;;;;;;;;;;;;x;,
SID;Sidama;Sidama;Sidama;;Sidama;;;;;;;;;;x;,
SID_ADJ;Sidaman;Sidamaienne;Sidamaische;;;;;;;;;;;;x;,
SID_conservative;Aristocratic Faction;Faction aristocratique;Aristokratischen Fraktion;;;;;;;;;;;;x;,
SID_liberal;Reform Faction;Faction de rÈforme;Verbesserung Fraktion;;;;;;;;;;;;x;,
SID_reactionary;Traditionalist faction;Faction traditionaliste;Traditionalist Fraktion;;;;;;;;;;;;x;,
SID_anarcho_liberal;Freedom Faction;Faction libertÈ;Freiheit Fraktion;;;;;;;;;;;;x;,
SID_socialist;Socialist Faction;Faction socialiste;Die sozialistische Fraktion;;;;;;;;;;;;x;,
SID_communist;Communist Faction;Faction communiste;Die kommunistische Fraktion;;;;;;;;;;;;x;,
SID_fascist;Fascist Faction;Faction fasciste;Die faschistische Fraktion;;;;;;;;;;;;x;,
TIG;Tigray;Tigray;Tigray;;Tigray;;;;;;;;;;x;,
TIG_ADJ;Tigrayan;Tigrayienne;Tigrayische;;;;;;;;;;;;x;,
TIG_conservative;Faction of the Ras of Tigray;Faction de l'Ras du TigrÈ;Fraktion der Ras von Tigray;;;;;;;;;;;;x;,
TIG_liberal;Reform Faction;Faction de rÈforme;Verbesserung Fraktion;;;;;;;;;;;;x;,
TIG_reactionary;Traditionalist faction;Faction traditionaliste;Traditionalist Fraktion;;;;;;;;;;;;x;,
TIG_anarcho_liberal;Freedom Faction;Faction libertÈ;Freiheit Fraktion;;;;;;;;;;;;x;,
TIG_socialist;Tigrayan People's Liberation Front;Front de libÈration du Tigrayienne populaire;Tigrayan Volksbefreiungsfront;;;;;;;;;;;;x;,
TIG_communist;Tigrayan Communist Party;Tigrayienne Parti communiste;Tigrayan Kommunistischen Partei;;;;;;;;;;;;x;,
TIG_fascist;Fascist Faction;Faction fasciste;Die faschistische Fraktion;;;;;;;;;;;;x;,
AVA;Avalon;x;;;;;;;;;;;;;;;;;;;;;;;;;;;;;;;;;;;;;;;;;;;;;;;;;;;;;;;;;;,,,,,,,,,,,,,,,,,,,,,,
AVA_ADJ;Avalonian;x;;;;;;;;;;;;;;;;;;;;;;;;;;;;;;;;;;;;;;;;;;;;;;;;;;;;;;;;;;,,,,,,,,,,,,,,,,,,,,,,
AVA_absolute_monarchy;Kingdom of Avalon;x;;;;;;;;;;;;;;;;;;;;;;;;;;;;;;;;;;;;;;;;;;;;;;;;;;;;;;;;;;,,,,,,,,,,,,,,,,,,,,,,
AVA_prussian_constitutionalism;Kingdom of Avalon;x;;;;;;;;;;;;;;;;;;;;;;;;;;;;;;;;;;;;;;;;;;;;;;;;;;;;;;;;;;,,,,,,,,,,,,,,,,,,,,,,
AVA_hms_government;Kingdom of Avalon;x;;;;;;;;;;;;;;;;;;;;;;;;;;;;;;;;;;;;;;;;;;;;;;;;;;;;;;;;;;,,,,,,,,,,,,,,,,,,,,,,
AVA_proletarian_dictatorship;Union of Avalon;x;;;;;;;;;;;;;;;;;;;;;;;;;;;;;;;;;;;;;;;;;;;;;;;;;;;;;;;;;;,,,,,,,,,,,,,,,,,,,,,,
avalonian;Avalonian;x;;;;;;;;;;;;;;;;;;;;;;;;;;;;;;;;;;;;;;;;;;;;;;;;;;;;;;;;;;,,,,,,,,,,,,,,,,,,,,,,
ATC;Antillean Confederation;;;;;;;;;;;;;;;;;;;;;;;x;;;;;;;;;;;;;;;;;;;;;;;;;;;;;;;;;;;;,,,,,,,,,,,,,,,,,,,,,,
ATC_ADJ;Antillean;;;;;;;;;;;;;;;;;;;;;;;x;;;;;;;;;;;;;;;;;;;;;;;;;;;;;;;;;;;;,,,,,,,,,,,,,,,,,,,,,,
PPG;Papua New Guinea;;;;;;;;;;;;;;;;;;;;;;;x;;;;;;;;;;;;;;;;;;;;;;;;;;;;;;;;;;;;,,,,,,,,,,,,,,,,,,,,,,
PPG_ADJ;Papua New Guinean;;;;;;;;;;;;;;;;;;;;;;;x;;;;;;;;;;;;;;;;;;;;;;;;;;;;;;;;;;;;,,,,,,,,,,,,,,,,,,,,,,
VTU;Vanuatu;;;;;;;;;;;;;;;;;;;;;;;x;;;;;;;;;;;;;;;;;;;;;;;;;;;;;;;;;;;;,,,,,,,,,,,,,,,,,,,,,,
VTU_ADJ;Ni-Vanuatu;;;;;;;;;;;;;;;;;;;;;;;x;;;;;;;;;;;;;;;;;;;;;;;;;;;;;;;;;;;;,,,,,,,,,,,,,,,,,,,,,,
SMO;Samoa;;;;;;;;;;;;;;;;;;;;;;;x;;;;;;;;;;;;;;;;;;;;;;;;;;;;;;;;;;;;,,,,,,,,,,,,,,,,,,,,,,
SMO_ADJ;Samoan;;;;;;;;;;;;;;;;;;;;;;;x;;;;;;;;;;;;;;;;;;;;;;;;;;;;;;;;;;;;,,,,,,,,,,,,,,,,,,,,,,
HUN_colonial_company;Themata Bospora;;;;;;;;;;;;;;;;;;;;;;;x;;;;;;;;;;;;;;;;;;;;;;;;;;;;;;;;;;;;,,,,,,,,,,,,,,,,,,,,,,
ROM_reactionary;Partidul National Roman;;;;;;;;;;;;;;;;;;;;;;;x;;;;;;;;;;;;;;;;;;;;;;;;;;;;;;;;;;;;,,,,,,,,,,,,,,,,,,,,,,
ROM_reactionary_2;Partidul Nationalist-Democrat;;;;;;;;;;;;;;;;;;;;;;;x;;;;;;;;;;;;;;;;;;;;;;;;;;;;;;;;;;;;,,,,,,,,,,,,,,,,,,,,,,
ROM_reactionary_3;Partidul Poporului;;;;;;;;;;;;;;;;;;;;;;;x;;;;;;;;;;;;;;;;;;;;;;;;;;;;;;;;;;;;,,,,,,,,,,,,,,,,,,,,,,
ROM_conservative;Partidul Conservator;;;;;;;;;;;;;;;;;;;;;;;x;;;;;;;;;;;;;;;;;;;;;;;;;;;;;;;;;;;;,,,,,,,,,,,,,,,,,,,,,,
ROM_conservative_2;Partidul Taranesc;;;;;;;;;;;;;;;;;;;;;;;x;;;;;;;;;;;;;;;;;;;;;;;;;;;;;;;;;;;;,,,,,,,,,,,,,,,,,,,,,,
ROM_conservative_3;Partidul National Taranesc;;;;;;;;;;;;;;;;;;;;;;;x;;;;;;;;;;;;;;;;;;;;;;;;;;;;;;;;;;;;,,,,,,,,,,,,,,,,,,,,,,
ROM_liberal;Fractionistii;;;;;;;;;;;;;;;;;;;;;;;x;;;;;;;;;;;;;;;;;;;;;;;;;;;;;;;;;;;;,,,,,,,,,,,,,,,,,,,,,,
ROM_liberal_2;Partidul National Liberal;;;;;;;;;;;;;;;;;;;;;;;x;;;;;;;;;;;;;;;;;;;;;;;;;;;;;;;;;;;;,,,,,,,,,,,,,,,,,,,,,,
ROM_anarcho_liberal;Partidul din Drepturile Omulu;;;;;;;;;;;;;;;;;;;;;;;x;;;;;;;;;;;;;;;;;;;;;;;;;;;;;;;;;;;;,,,,,,,,,,,,,,,,,,,,,,
ROM_socialist;Partidul Social-Democrat;;;;;;;;;;;;;;;;;;;;;;;x;;;;;;;;;;;;;;;;;;;;;;;;;;;;;;;;;;;;,,,,,,,,,,,,,,,,,,,,,,
ROM_communist;Partidul Comunist;;;;;;;;;;;;;;;;;;;;;;;x;;;;;;;;;;;;;;;;;;;;;;;;;;;;;;;;;;;;,,,,,,,,,,,,,,,,,,,,,,
ROM_fascist;Garda de Fier;;;;;;;;;;;;;;;;;;;;;;;x;;;;;;;;;;;;;;;;;;;;;;;;;;;;;;;;;;;;,,,,,,,,,,,,,,,,,,,,,,
ZBW;Zimbabwe;;;;;;;;;;;;;;;;;;;;;;;x;;;;;;;;;;;;;;;;;;;;;;;;;;;;;;;;;;;;,,,,,,,,,,,,,,,,,,,,,,
ZBW_ADJ;Zimbabwean;;;;;;;;;;;;;;;;;;;;;;;x;;;;;;;;;;;;;;;;;;;;;;;;;;;;;;;;;;;;,,,,,,,,,,,,,,,,,,,,,,
ZBW_liberal;United African National Council;;;;;;;;;;;;;;;;;;;;;;;x;;;;;;;;;;;;;;;;;;;;;;;;;;;;;;;;;;;;,,,,,,,,,,,,,,,,,,,,,,
ZBW_conservative;Zimbabwe United People's Organisation;;;;;;;;;;;;;;;;;;;;;;;x;;;;;;;;;;;;;;;;;;;;;;;;;;;;;;;;;;;;,,,,,,,,,,,,,,,,,,,,,,
ZBW_socialist;Zimbabwe African National Union;;;;;;;;;;;;;;;;;;;;;;;x;;;;;;;;;;;;;;;;;;;;;;;;;;;;;;;;;;;;,,,,,,,,,,,,,,,,,,,,,,
ZBW_reactionary;Patriotic Front;;;;;;;;;;;;;;;;;;;;;;;x;;;;;;;;;;;;;;;;;;;;;;;;;;;;;;;;;;;;,,,,,,,,,,,,,,,,,,,,,,
ZBW_anarcho_liberal;Radical Party of Zimbabwe;;;;;;;;;;;;;;;;;;;;;;;x;;;;;;;;;;;;;;;;;;;;;;;;;;;;;;;;;;;;,,,,,,,,,,,,,,,,,,,,,,
ZBW_communist;Zimbabwe African People's Union;;;;;;;;;;;;;;;;;;;;;;;x;;;;;;;;;;;;;;;;;;;;;;;;;;;;;;;;;;;;,,,,,,,,,,,,,,,,,,,,,,
ZBW_fascist;Fascist Party of Zimbabwe;;;;;;;;;;;;;;;;;;;;;;;x;;;;;;;;;;;;;;;;;;;;;;;;;;;;;;;;;;;;,,,,,,,,,,,,,,,,,,,,,,
CMS;Comoros;;;;;;;;;;;;;;;;;;;;;;;x;;;;;;;;;;;;;;;;;;;;;;;;;;;;;;;;;;;;,,,,,,,,,,,,,,,,,,,,,,
CMS_ADJ;Comorian;;;;;;;;;;;;;;;;;;;;;;;x;;;;;;;;;;;;;;;;;;;;;;;;;;;;;;;;;;;;,,,,,,,,,,,,,,,,,,,,,,
CMS_liberal;Democratic Rally of the Comorian People;;;;;;;;;;;;;;;;;;;;;;;x;;;;;;;;;;;;;;;;;;;;;;;;;;;;;;;;;;;;,,,,,,,,,,,,,,,,,,,,,,
CMS_conservative;Comorian Democratic Union;;;;;;;;;;;;;;;;;;;;;;;x;;;;;;;;;;;;;;;;;;;;;;;;;;;;;;;;;;;;,,,,,,,,,,,,,,,,,,,,,,
CMS_socialist;Socialist Party of Comoros;;;;;;;;;;;;;;;;;;;;;;;x;;;;;;;;;;;;;;;;;;;;;;;;;;;;;;;;;;;;,,,,,,,,,,,,,,,,,,,,,,
CMS_reactionary;Comorian Union for Progress;;;;;;;;;;;;;;;;;;;;;;;x;;;;;;;;;;;;;;;;;;;;;;;;;;;;;;;;;;;;,,,,,,,,,,,,,,,,,,,,,,
CMS_anarcho_liberal;Uwezo;;;;;;;;;;;;;;;;;;;;;;;x;;;;;;;;;;;;;;;;;;;;;;;;;;;;;;;;;;;;,,,,,,,,,,,,,,,,,,,,,,
CMS_communist;Democratic Assembly of the Comorian People;;;;;;;;;;;;;;;;;;;;;;;x;;;;;;;;;;;;;;;;;;;;;;;;;;;;;;;;;;;;,,,,,,,,,,,,,,,,,,,,,,
CMS_fascist;Party for National Salvation;;;;;;;;;;;;;;;;;;;;;;;x;;;;;;;;;;;;;;;;;;;;;;;;;;;;;;;;;;;;,,,,,,,,,,,,,,,,,,,,,,
nahua;Mesoamerican Indian;;;;;;;;;;;;;;;;;;;;;;;x;;;;;;;;;;;;;;;;;;;;;;;;;;;;;;;;;;;;,,,,,,,,,,,,,,,,,,,,,,
kreol;Kreol;;;;;;;;;;;;;;;;;;;;;;;x;;;;;;;;;;;;;;;;;;;;;;;;;;;;;;;;;;;;,,,,,,,,,,,,,,,,,,,,,,
EQG;Equatorial Guinea;;;;;;;;;;;;;;;;;;;;;;;x;;;;;;;;;;;;;;;;;;;;;;;;;;;;;;;;;;;;,,,,,,,,,,,,,,,,,,,,,,
EQG_ADJ;Equatoguinean;;;;;;;;;;;;;;;;;;;;;;;x;;;;;;;;;;;;;;;;;;;;;;;;;;;;;;;;;;;;,,,,,,,,,,,,,,,,,,,,,,
EQG_absolute_monarchy;Moka;;;;;;;;;;;;;;;;;;;;;;;x;;;;;;;;;;;;;;;;;;;;;;;;;;;;;;;;;;;;,,,,,,,,,,,,,,,,,,,,,,
EQG_absolute_monarchy_ADJ;Mokian;;;;;;;;;;;;;;;;;;;;;;;x;;;;;;;;;;;;;;;;;;;;;;;;;;;;;;;;;;;;,,,,,,,,,,,,,,,,,,,,,,
EQG_liberal;Progressive Democratic Alliance;;;;;;;;;;;;;;;;;;;;;;;x;;;;;;;;;;;;;;;;;;;;;;;;;;;;;;;;;;;;,,,,,,,,,,,,,,,,,,,,,,
EQG_conservative;Popular Union;;;;;;;;;;;;;;;;;;;;;;;x;;;;;;;;;;;;;;;;;;;;;;;;;;;;;;;;;;;;,,,,,,,,,,,,,,,,,,,,,,
EQG_socialist;Popular Idea;;;;;;;;;;;;;;;;;;;;;;;x;;;;;;;;;;;;;;;;;;;;;;;;;;;;;;;;;;;;,,,,,,,,,,,,,,,,,,,,,,
EQG_reactionary_2;PDGE;;;;;;;;;;;;;;;;;;;;;;;x;;;;;;;;;;;;;;;;;;;;;;;;;;;;;;;;;;;;,,,,,,,,,,,,,,,,,,,,,,
EQG_reactionary;Bubi Union;;;;;;;;;;;;;;;;;;;;;;;x;;;;;;;;;;;;;;;;;;;;;;;;;;;;;;;;;;;;,,,,,,,,,,,,,,,,,,,,,,
EQG_anarcho_liberal;Popular Action;;;;;;;;;;;;;;;;;;;;;;;x;;;;;;;;;;;;;;;;;;;;;;;;;;;;;;;;;;;;,,,,,,,,,,,,,,,,,,,,,,
EQG_communist;United National Workers' Party;;;;;;;;;;;;;;;;;;;;;;;x;;;;;;;;;;;;;;;;;;;;;;;;;;;;;;;;;;;;,,,,,,,,,,,,,,,,,,,,,,
EQG_fascist;Movement of National Union;;;;;;;;;;;;;;;;;;;;;;;x;;;;;;;;;;;;;;;;;;;;;;;;;;;;;;;;;;;;,,,,,,,,,,,,,,,,,,,,,,
western_nigritic;Western Nigritic;;;;;;;;;;;;;;;;;;;;;;;x;;;;;;;;;;;;;;;;;;;;;;;;;;;;;;;;;;;;,,,,,,,,,,,,,,,,,,,,,,
kefficho;Omotic;;;;;;;;;;;;;;;;;;;;;;;x;;;;;;;;;;;;;;;;;;;;;;;;;;;;;;;;;;;;,,,,,,,,,,,,,,,,,,,,,,
harari;Habesha;;;;;;;;;;;;;;;;;;;;;;;x;;;;;;;;;;;;;;;;;;;;;;;;;;;;;;;;;;;;,,,,,,,,,,,,,,,,,,,,,,
east_kwa;Kwa;;;;;;;;;;;;;;;;;;;;;;;x;;;;;;;;;;;;;;;;;;;;;;;;;;;;;;;;;;;;,,,,,,,,,,,,,,,,,,,,,,
gur;Gur;;;;;;;;;;;;;;;;;;;;;;;x;;;;;;;;;;;;;;;;;;;;;;;;;;;;;;;;;;;;,,,,,,,,,,,,,,,,,,,,,,
south_forest_bantu;Central Bantu;;;;;;;;;;;;;;;;;;;;;;;x;;;;;;;;;;;;;;;;;;;;;;;;;;;;;;;;;;;;,,,,,,,,,,,,,,,,,,,,,,
forest_bantu;Northwest Bantu;;;;;;;;;;;;;;;;;;;;;;;x;;;;;;;;;;;;;;;;;;;;;;;;;;;;;;;;;;;;,,,,,,,,,,,,,,,,,,,,,,
ubangian;Ubangi;;;;;;;;;;;;;;;;;;;;;;;x;;;;;;;;;;;;;;;;;;;;;;;;;;;;;;;;;;;;,,,,,,,,,,,,,,,,,,,,,,
kavango;Kavango-Kimbundu;;;;;;;;;;;;;;;;;;;;;;;x;;;;;;;;;;;;;;;;;;;;;;;;;;;;;;;;;;;;,,,,,,,,,,,,,,,,,,,,,,
southern_bantu;Southern Bantu;;;;;;;;;;;;;;;;;;;;;;;x;;;;;;;;;;;;;;;;;;;;;;;;;;;;;;;;;;;;,,,,,,,,,,,,,,,,,,,,,,
yao;Yao-Makonde;;;;;;;;;;;;;;;;;;;;;;;x;;;;;;;;;;;;;;;;;;;;;;;;;;;;;;;;;;;;,,,,,,,,,,,,,,,,,,,,,,
teda;Toubou;;;;;;;;;;;;;;;;;;;;;;;x;;;;;;;;;;;;;;;;;;;;;;;;;;;;;;;;;;;;,,,,,,,,,,,,,,,,,,,,,,
sara;Sara-Baguirmi;;;;;;;;;;;;;;;;;;;;;;;x;;;;;;;;;;;;;;;;;;;;;;;;;;;;;;;;;;;;,,,,,,,,,,,,,,,,,,,,,,
tiv;Bantoid;;;;;;;;;;;;;;;;;;;;;;;x;;;;;;;;;;;;;;;;;;;;;;;;;;;;;;;;;;;;,,,,,,,,,,,,,,,,,,,,,,
baguirmi;Maban;;;;;;;;;;;;;;;;;;;;;;;x;;;;;;;;;;;;;;;;;;;;;;;;;;;;;;;;;;;;,,,,,,,,,,,,,,,,,,,,,,
nyasa;Nyasa;;;;;;;;;;;;;;;;;;;;;;;x;;;;;;;;;;;;;;;;;;;;;;;;;;;;;;;;;;;;,,,,,,,,,,,,,,,,,,,,,,
kilombero;Kilombero;;;;;;;;;;;;;;;;;;;;;;;x;;;;;;;;;;;;;;;;;;;;;;;;;;;;;;;;;;;;,,,,,,,,,,,,,,,,,,,,,,
cushitic;Cushitic;;;;;;;;;;;;;;;;;;;;;;;x;;;;;;;;;;;;;;;;;;;;;;;;;;;;;;;;;;;;,,,,,,,,,,,,,,,,,,,,,,
nilotic;Nilotic;;;;;;;;;;;;;;;;;;;;;;;x;;;;;;;;;;;;;;;;;;;;;;;;;;;;;;;;;;;;,,,,,,,,,,,,,,,,,,,,,,
lacustrine_bantu;Northeast Bantu;;;;;;;;;;;;;;;;;;;;;;;x;;;;;;;;;;;;;;;;;;;;;;;;;;;;;;;;;;;;,,,,,,,,,,,,,,,,,,,,,,
maasai;Kalenjin-Maasai;;;;;;;;;;;;;;;;;;;;;;;x;;;;;;;;;;;;;;;;;;;;;;;;;;;;;;;;;;;;,,,,,,,,,,,,,,,,,,,,,,
kikuyu;KikuyuñKamba;;;;;;;;;;;;;;;;;;;;;;;x;;;;;;;;;;;;;;;;;;;;;;;;;;;;;;;;;;;;,,,,,,,,,,,,,,,,,,,,,,
HTY;Turkmeneli;;;;;;;;;;;;;;;;;;;;;;;x;;;;;;;;;;;;;;;;;;;;;;;;;;;;;;;;;;;;,,,,,,,,,,,,,,,,,,,,,,
HTY_ADJ;Turkomani;;;;;;;;;;;;;;;;;;;;;;;x;;;;;;;;;;;;;;;;;;;;;;;;;;;;;;;;;;;;,,,,,,,,,,,,,,,,,,,,,,
POR_fascist;Movimento Nacional-Sindicalista;;;;;;;;;;;;;;;;;;;;;;;x;;;;;;;;;;;;;;;;;;;;;;;;;;;;;;;;;;;;,,,,,,,,,,,,,,,,,,,,,,
IRE_fascist;The Blueshirts;;;;;;;;;;;;;;;;;;;;;;;x;;;;;;;;;;;;;;;;;;;;;;;;;;;;;;;;;;;;,,,,,,,,,,,,,,,,,,,,,,
IRE_communist;Communist Party of Ireland;;;;;;;;;;;;;;;;;;;;;;;;;;x;;;;;;;;;;;;;;;;;;;;;;;;;;;;;;;;;,,,,,,,,,,,,,,,,,,,,,,
IRE_conservative;Irish Conservative Party;;;;;;;;;;;;;;;;;;;;;;;x;;;;;;;;;;;;;;;;;;;;;;;;;;;;;;;;;;;;,,,,,,,,,,,,,,,,,,,,,,
AST_fascist;New Guard;;;;;;;;;;;;;;;;;;;;;;;;x;;;;;;;;;;;;;;;;;;;;;;;;;;;;;;;;;;;,,,,,,,,,,,,,,,,,,,,,,
SGF_ADJ;Allemaniac;;;;;;;;;;;;;;;;;;;;;;;x;;;;;;;;;;;;;;;;;;;;;;;;;;;;;;;;;;;;,,,,,,,,,,,,,,,,,,,,,,
alaskan;Alaskan;;;;;;;;;;;;;;;;;;;;;;;;;;;;x;;;;;;;;;;;;;;;;;;;;;;;;;;;;;;;,,,,,,,,,,,,,,,,,,,,,,
USA_conservative_2;Bourbon Democrats;;;;;;;;;;;;;;;;;;;;;;;;;;;;x;;;;;;;;;;;;;;;;;;;;;;;;;;;;;;;,,,,,,,,,,,,,,,,,,,,,,
USA_conservative_4;Democrats;;;;;;;;;;;;;;;;;;;;;;;;;;;;x;;;;;;;;;;;;;;;;;;;;;;;;;;;;;;;,,,,,,,,,,,,,,,,,,,,,,
YUG_fascist;ZBOR;;;;;;;;;;;;;;;;;;;;;;;;;;;;x;;;;;;;;;;;;;;;;;;;;;;;;;;;;;;;,,,,,,,,,,,,,,,,,,,,,,
YUG_ADJ;Yugoslav;;;;;;;;;;;;;;;;;;;;;;;;;;;;x;;;;;;;;;;;;;;;;;;;;;;;;;;;;;;;,,,,,,,,,,,,,,,,,,,,,,
AUS_fascist;Vaterl‰ndische Front;;;;;;;;;;;;;;;;;;;;;;;;;x;;;;;;;;;;;;;;;;;;;;;;;;;;;;;;;;;;,,,,,,,,,,,,,,,,,,,,,,
SWI_liberal;Freisinnig-Demokratische Partei;;;;;;;;;;;;;;;;;;;;;;;;;;;;;;;;;;x;;;;;;;;;;;;;;;;;;;;;;;;;,,,,,,,,,,,,,,,,,,,,,,
GCO_communist;Partido Communista;;;;;;;;;;;;;;;;;;;;;;;;;x;;;;;;;;;;;;;;;;;;;;;;;;;;;;;;;;;;,,,,,,,,,,,,,,,,,,,,,,
GCO_fascist;Partido Fascista;;;;;;;;;;;;;;;;;;;;;;;;;;x;;;;;;;;;;;;;;;;;;;;;;;;;;;;;;;;;,,,,,,,,,,,,,,,,,,,,,,
MNP;Manipur;;;;;;;;;;;;;;;;;;;;;;;;x;;;;;;;;;;;;;;;;;;;;;;;;;;;;;;;;;;;,,,,,,,,,,,,,,,,,,,,,,
MNP_ADJ;Manipuri;;;;;;;;;;;;;;;;;;;;;;;;x;;;;;;;;;;;;;;;;;;;;;;;;;;;;;;;;;;;,,,,,,,,,,,,,,,,,,,,,,
BDK_absolute_monarchy;Kunduz;;;;;;;;;;;;;;;;;;;;;;;;x;;;;;;;;;;;;;;;;;;;;;;;;;;;;;;;;;;;,,,,,,,,,,,,,,,,,,,,,,
BDK;Badakhshan;;;;;;;;;;;;;;;;;;;;;;;;x;;;;;;;;;;;;;;;;;;;;;;;;;;;;;;;;;;;,,,,,,,,,,,,,,,,,,,,,,
BDK_ADJ;Badakhshani;;;;;;;;;;;;;;;;;;;;;;;;x;;;;;;;;;;;;;;;;;;;;;;;;;;;;;;;;;;;,,,,,,,,,,,,,,,,,,,,,,
guajiro;Wayuu;;;;;;;;;;;;;;;;;;;;;;;;x;;;;;;;;;;;;;;;;;;;;;;;;;;;;;;;;;;;,,,,,,,,,,,,,,,,,,,,,,
lendu;Lendu;;;;;;;;;;;;;;;;;;;;;;;;x;;;;;;;;;;;;;;;;;;;;;;;;;;;;;;;;;;;,,,,,,,,,,,,,,,,,,,,,,
ruanda;Banyarwanda;;;;;;;;;;;;;;;;;;;;;;;;x;;;;;;;;;;;;;;;;;;;;;;;;;;;;;;;;;;;,,,,,,,,,,,,,,,,,,,,,,
kingwana;Kingwana;;;;;;;;;;;;;;;;;;;;;;;;x;;;;;;;;;;;;;;;;;;;;;;;;;;;;;;;;;;;,,,,,,,,,,,,,,,,,,,,,,
chokwe;Chokwe;;;;;;;;;;;;;;;;;;;;;;;;x;;;;;;;;;;;;;;;;;;;;;;;;;;;;;;;;;;;,,,,,,,,,,,,,,,,,,,,,,
CNG;The Congo;;;;;;;;;;;;;;;;;;;;;;;;x;;;;;;;;;;;;;;;;;;;;;;;;;;;;;;;;;;;,,,,,,,,,,,,,,,,,,,,,,
CNG_absolute_monarchy;The Congo Free State;;;;;;;;;;;;;;;;;;;;;;;;;;x;;;;;;;;;;;;;;;;;;;;;;;;;;;;;;;;;,,,,,,,,,,,,,,,,,,,,,,
CNG_prussian_constitutionalism;The Congo Free State;;;;;;;;;;;;;;;;;;;;;;;;;;x;;;;;;;;;;;;;;;;;;;;;;;;;;;;;;;;;,,,,,,,,,,,,,,,,,,,,,,
CNG_hms_government;The Congo Free State;;;;;;;;;;;;;;;;;;;;;;;;;;x;;;;;;;;;;;;;;;;;;;;;;;;;;;;;;;;;,,,,,,,,,,,,,,,,,,,,,,
CNG_presidential_dictatorship;Zaire;;;;;;;;;;;;;;;;;;;;;;;;;;x;;;;;;;;;;;;;;;;;;;;;;;;;;;;;;;;;,,,,,,,,,,,,,,,,,,,,,,
CNG_democracy;Republic of the Congo;;;;;;;;;;;;;;;;;;;;;;;;;x;;;;;;;;;;;;;;;;;;;;;;;;;;;;;;;;;;,,,,,,,,,,,,,,,,,,,,,,
CNG_liberal_2;Alliance of Bakongo;;;;;;;;;;;;;;;;;;;;;;;;;x;;;;;;;;;;;;;;;;;;;;;;;;;;;;;;;;;;,,,,,,,,,,,,,,,,,,,,,,
CNG_conservative_2;Congolese National Movement;;;;;;;;;;;;;;;;;;;;;;;;;x;;;;;;;;;;;;;;;;;;;;;;;;;;;;;;;;;;,,,,,,,,,,,,,,,,,,,,,,
CNG_socialist;African Solidarity Party;;;;;;;;;;;;;;;;;;;;;;;;;x;;;;;;;;;;;;;;;;;;;;;;;;;;;;;;;;;;,,,,,,,,,,,,,,,,,,,,,,
CNG_reactionary_2;Popular Movement of the Revolution;;;;;;;;;;;;;;;;;;;;;;;;;x;;;;;;;;;;;;;;;;;;;;;;;;;;;;;;;;;;,,,,,,,,,,,,,,,,,,,,,,
CNG_anarcho_liberal;Common Front;;;;;;;;;;;;;;;;;;;;;;;;;x;;;;;;;;;;;;;;;;;;;;;;;;;;;;;;;;;;,,,,,,,,,,,,,,,,,,,,,,
CNG_communist;Congolese National Union;;;;;;;;;;;;;;;;;;;;;;;;;x;;;;;;;;;;;;;;;;;;;;;;;;;;;;;;;;;;,,,,,,,,,,,,,,,,,,,,,,
CNG_fascist;Party of National Unity;;;;;;;;;;;;;;;;;;;;;;;;;x;;;;;;;;;;;;;;;;;;;;;;;;;;;;;;;;;;,,,,,,,,,,,,,,,,,,,,,,
GEO_conservative;Demokratiuli Modzraoba;;;;;;;;;;;;;;;;;;;;;;;;;;;;x;;;;;;;;;;;;;;;;;;;;;;;;;;;;;;;,,,,,,,,,,,,,,,,,,,,,,
GEO_liberal;Sakartvelos Respublikuri;;;;;;;;;;;;;;;;;;;;;;;;;;;;x;;;;;;;;;;;;;;;;;;;;;;;;;;;;;;;,,,,,,,,,,,,,,,,,,,,,,
GEO_reactionary;Natsionaluri Modzraoba;;;;;;;;;;;;;;;;;;;;;;;;;;;;x;;;;;;;;;;;;;;;;;;;;;;;;;;;;;;;,,,,,,,,,,,,,,,,,,,,,,
GEO_anarcho_liberal;Sakartvelos Gza;;;;;;;;;;;;;;;;;;;;;;;;;;;;x;;;;;;;;;;;;;;;;;;;;;;;;;;;;;;;,,,,,,,,,,,,,,,,,,,,,,
GEO_socialist;Sakartvelos Leiboristuli;;;;;;;;;;;;;;;;;;;;;;;;;;;;x;;;;;;;;;;;;;;;;;;;;;;;;;;;;;;;,,,,,,,,,,,,,,,,,,,,,,
GEO_communist;Sakartvelos Komunisturi;;;;;;;;;;;;;;;;;;;;;;;;;;;;x;;;;;;;;;;;;;;;;;;;;;;;;;;;;;;;,,,,,,,,,,,,,,,,,,,,,,
GEO_fascist;Erovnuli Sotsialisturi;;;;;;;;;;;;;;;;;;;;;;;;;;;;x;;;;;;;;;;;;;;;;;;;;;;;;;;;;;;;,,,,,,,,,,,,,,,,,,,,,,
ITA_reactionary;Fazione Monarchica;Restorationiste;Ristorazionista;;Restauracionistas;;;;;;;;;x;;;;;;;;;;;;;;;;;;;;;;;;;;;;;;;;;;;;;;;;;;;;;;,,,,,,,,,,,,,,,,,,,,,,
ITA_conservative;La Destra;;;;;;;;;;;;;;;;;;;;;;;x;;;;;;;;;;;;;;;;;;;;;;;;;;;;;;;;;;;;,,,,,,,,,,,,,,,,,,,,,,
ITA_conservative_2;Partito Liberale Italiano;;;;;;;;;;;;;;;;;;;;;;;;;;;;;;x;;;;;;;;;;;;;;;;;;;;;;;;;;;;;,,,,,,,,,,,,,,,,,,,,,,
ITA_conservative_3;Sinistra Dissidente;;;;;;;;;;;;;;;;;;;;;;;;;;;;x;;;;;;;;;;;;;;;;;;;;;;;;;;;;;;;,,,,,,,,,,,,,,,,,,,,,,
ITA_liberal;La Sinistra;;;;;;;;;;;;;;;;;;;;;;;;x;;;;;;;;;;;;;;;;;;;;;;;;;;;;;;;;;;;,,,,,,,,,,,,,,,,,,,,,,
ITA_liberal_2;Partito Repubblicano Italiano;;;;;;;;;;;;;;;;;;;;;;;;x;;;;;;;;;;;;;;;;;;;;;;;;;;;;;;;;;;;,,,,,,,,,,,,,,,,,,,,,,
ITA_socialist;L'Estrema;;;;;;;;;;;;;;;;;;;;;;;;;;;x;;;;;;;;;;;;;;;;;;;;;;;;;;;;;;;;,,,,,,,,,,,,,,,,,,,,,,
ITA_socialist_2;Partito Socialista Italiano;;;;;;;;;;;;;;;;;;;;;;;x;;;;;;;;;;;;;;;;;;;;;;;;;;;;;;;;;;;;,,,,,,,,,,,,,,,,,,,,,,
ITA_anarcho_liberal;L'Estrema Liberale;;;;;;;;;;;;;;;;;;;;;;;x;;;;;;;;;;;;;;;;;;;;;;;;;;;;;;;;;;;;,,,,,,,,,,,,,,,,,,,,,,
ITA_communist;Partito Comunista d'Italia;;;;;;;;;;;;;;;;;;;;;x;;;;;;;;;;;;;;;;;;;;;;;;;;;;;;;;;;;;;;,,,,,,,,,,,,,,,,,,,,,,
ITA_fascist;Partito Nazionale Fascista;;;;;;;;;;;;;;;;;;;;;;x;;;;;;;;;;;;;;;;;;;;;;;;;;;;;;;;;;;;;,,,,,,,,,,,,,,,,,,,,,,
PGG_reactionary;Jahriyya Menhuan;;;;;;;;;;;;;x;;;;;;;;;;;;;;;;;;;;;;;;;;;;;;;;;;;;;;;;;;;;;;,,,,,,,,,,,,,,,,,,,,,,
PGG_liberal;Gaige Pai Zhenying;;;;;;;;;;;;;x;;;;;;;;;;;;;;;;;;;;;;;;;;;;;;;;;;;;;;;;;;;;;;,,,,,,,,,,,,,,,,,,,,,,
PGG_conservative;Qa'id Jami al-Muslimin;;;;;;;;;;;;;x;;;;;;;;;;;;;;;;;;;;;;;;;;;;;;;;;;;;;;;;;;;;;;,,,,,,,,,,,,,,,,,,,,,,
PGG_anarcho_liberal;Jijin Dang;;;;;;;;;;;;;x;;;;;;;;;;;;;;;;;;;;;;;;;;;;;;;;;;;;;;;;;;;;;;,,,,,,,,,,,,,,,,,,,,,,
PGG_socialist;Shehuidang;;;;;;;;;;;;;x;;;;;;;;;;;;;;;;;;;;;;;;;;;;;;;;;;;;;;;;;;;;;;,,,,,,,,,,,,,,,,,,,,,,
PGG_communist;GÚngchandang;;;;;;;;;;;;;x;;;;;;;;;;;;;;;;;;;;;;;;;;;;;;;;;;;;;;;;;;;;;;,,,,,,,,,,,,,,,,,,,,,,
PGG_fascist;F‡xisi Dang;;;;;;;;;;;;;x;;;;;;;;;;;;;;;;;;;;;;;;;;;;;;;;;;;;;;;;;;;;;;,,,,,,,,,,,,,,,,,,,,,,
PGG;Pingnan Guo;;;;;;;;;;;;;x;;;;;;;;;;;;;;;;;;;;;;;;;;;;;;;;;;;;;;;;;;;;;;,,,,,,,,,,,,,,,,,,,,,,
PGG_ADJ;Hui;;;;;;;;;;;;;x;;;;;;;;;;;;;;;;;;;;;;;;;;;;;;;;;;;;;;;;;;;;;;,,,,,,,,,,,,,,,,,,,,,,
UKR_conservative;Ukrainian Democratic Agrarian Party;;;;;;;;;;;;;x;;;;;;;;;;;;;;;;;;;;;;;;;;;;;;;;;;;;;;;;;;;;;;,,,,,,,,,,,,,,,,,,,,,,
UKR_liberal;Ukrainian Democratic Party;;;;;;;;;;;;;x;;;;;;;;;;;;;;;;;;;;;;;;;;;;;;;;;;;;;;;;;;;;;;,,,,,,,,,,,,,,,,,,,,,,
UKR_reactionary;Congress of Landowners;;;;;;;;;;;;;x;;;;;;;;;;;;;;;;;;;;;;;;;;;;;;;;;;;;;;;;;;;;;;,,,,,,,,,,,,,,,,,,,,,,
UKR_anarcho_liberal;Ukrainian Radical Party;;;;;;;;;;;;;x;;;;;;;;;;;;;;;;;;;;;;;;;;;;;;;;;;;;;;;;;;;;;;,,,,,,,,,,,,,,,,,,,,,,
UKR_socialist;Ukrainian Social Democratic Labour Party;;;;;;;;;;;;;x;;;;;;;;;;;;;;;;;;;;;;;;;;;;;;;;;;;;;;;;;;;;;;,,,,,,,,,,,,,,,,,,,,,,
UKR_communist;Ukrainian Communist Party;;;;;;;;;;;;;x;;;;;;;;;;;;;;;;;;;;;;;;;;;;;;;;;;;;;;;;;;;;;;,,,,,,,,,,,,,,,,,,,,,,
UKR_fascist;Organization of Ukrainian Nationalists;;;;;;;;;;;;;x;;;;;;;;;;;;;;;;;;;;;;;;;;;;;;;;;;;;;;;;;;;;;;,,,,,,,,,,,,,,,,,,,,,,
ALB_communist;Partia e PunÎs e ShqipÎrisÎ;;;;;;;;;;;;x;;;;;;;;;;;;;;;;;;;;;;;;;;;;;;;;;;;;;;;;;;;;;;;,,,,,,,,,,,,,,,,,,,,,,
ALB_fascist;Partia Fashiste e ShqipÎrisÎ;;;;;;;;;;;;x;;;;;;;;;;;;;;;;;;;;;;;;;;;;;;;;;;;;;;;;;;;;;;;,,,,,,,,,,,,,,,,,,,,,,
ALB_conservative;LÎvizja Legalitetit;;;;;;;;;;;;x;;;;;;;;;;;;;;;;;;;;;;;;;;;;;;;;;;;;;;;;;;;;;;;,,,,,,,,,,,,,,,,,,,,,,
AUS_communist;Kommunistische Partei ÷sterreichs;;;;;;;;;;;;x;;;;;;;;;;;;;;;;;;;;;;;;;;;;;;;;;;;;;;;;;;;;;;;,,,,,,,,,,,,,,,,,,,,,,
BEL_communist;Parti Communiste de Belgique;;;;;;;;;;;;x;;;;;;;;;;;;;;;;;;;;;;;;;;;;;;;;;;;;;;;;;;;;;;;,,,,,,,,,,,,,,,,,,,,,,
BUL_socialist;BRSDP;;;;;;;;;;;;x;;;;;;;;;;;;;;;;;;;;;;;;;;;;;;;;;;;;;;;;;;;;;;;,,,,,,,,,,,,,,,,,,,,,,
BUL_liberal;Balgarski Zemedelski Naroden Sayuz;;;;;;;;;;;;x;;;;;;;;;;;;;;;;;;;;;;;;;;;;;;;;;;;;;;;;;;;;;;;,,,,,,,,,,,,,,,,,,,,,,
BUL_anarcho_liberal;Radoslavists;;;;;;;;;;;;x;;;;;;;;;;;;;;;;;;;;;;;;;;;;;;;;;;;;;;;;;;;;;;;,,,,,,,,,,,,,,,,,,,,,,
BUL_communist;Balgarska Komunisticheska Partiya;;;;;;;;;;;;x;;;;;;;;;;;;;;;;;;;;;;;;;;;;;;;;;;;;;;;;;;;;;;;,,,,,,,,,,,,,,,,,,,,,,
BUL_conservative;Mladoliberalna Partija-Toncevisti;;;;;;;;;;;;x;;;;;;;;;;;;;;;;;;;;;;;;;;;;;;;;;;;;;;;;;;;;;;;,,,,,,,,,,,,,,,,,,,,,,
CAN_socialist;Socialist Party of Himilconis;;;;;;;;;;;;x;;;;;;;;;;;;;;;;;;;;;;;;;;;;;;;;;;;;;;;;;;;;;;;,,,,,,,,,,,,,,,,,,,,,,
CAN_communist;Communist Party of Himilconis;;;;;;;;;;;;x;;;;;;;;;;;;;;;;;;;;;;;;;;;;;;;;;;;;;;;;;;;;;;;,,,,,,,,,,,,,,,,,,,,,,
CAN_conservative;Conservative Party of Himilconis;;;;;;;;;;;;x;;;;;;;;;;;;;;;;;;;;;;;;;;;;;;;;;;;;;;;;;;;;;;;,,,,,,,,,,,,,,,,,,,,,,
CAN_reactionary;Tories;;;;;;;;;;;;x;;;;;;;;;;;;;;;;;;;;;;;;;;;;;;;;;;;;;;;;;;;;;;;,,,,,,,,,,,,,,,,,,,,,,
CAN_liberal_1;Red Party;;;;;;;;;;;;x;;;;;;;;;;;;;;;;;;;;;;;;;;;;;;;;;;;;;;;;;;;;;;;,,,,,,,,,,,,,,,,,,,,,,
CAN_liberal_2;Liberal Party of Himilconis;;;;;;;;;;;;x;;;;;;;;;;;;;;;;;;;;;;;;;;;;;;;;;;;;;;;;;;;;;;;,,,,,,,,,,,,,,,,,,,,,,
DAI;Da Nan;;;;;;;;;;;;;;;;;;;;x;;;;;;;;;;;;;;;;;;;;;;;;;;;;;;;;;;;;;;;,,,,,,,,,,,,,,,,,,,,,,
DAI_communist;Viet Nam Cong san –ang;;;;;;;;;;;;x;;;;;;;;;;;;;;;;;;;;;;;;;;;;;;;;;;;;;;;;;;;;;;;,,,,,,,,,,,,,,,,,,,,,,
ENG_communist;Communist Party of Great Britain;;;;;;;;;;;;x;;;;;;;;;;;;;;;;;;;;;;;;;;;;;;;;;;;;;;;;;;;;;;;,,,,,,,,,,,,,,,,,,,,,,
FIN_fascist;Is‰nmaallinen kansanliike;;;;;;;;;;;;x;;;;;;;;;;;;;;;;;;;;;;;;;;;;;;;;;;;;;;;;;;;;;;;,,,,,,,,,,,,,,,,,,,,,,
MEX_socialist;Partido Laborista Mexicano;;;;;;;;;;;;x;;;;;;;;;;;;;;;;;;;;;;;;;;;;;;;;;;;;;;;;;;;;;;;,,,,,,,,,,,,,,,,,,,,,,
MEX_communist;Partido Socialista Obrero;;;;;;;;;;;;x;;;;;;;;;;;;;;;;;;;;;;;;;;;;;;;;;;;;;;;;;;;;;;;,,,,,,,,,,,,,,,,,,,,,,
MEX_fascist;UniÛn Nacional Sinarquista;;;;;;;;;;;;x;;;;;;;;;;;;;;;;;;;;;;;;;;;;;;;;;;;;;;;;;;;;;;;,,,,,,,,,,,,,,,,,,,,,,
NET_conservative;Anti-Revolutionaire Partij;;;;;;;;;;;;x;;;;;;;;;;;;;;;;;;;;;;;;;;;;;;;;;;;;;;;;;;;;;;;,,,,,,,,,,,,,,,,,,,,,,
HOL_socialist_1;Sociaal-Democratische Vereeniging;;;;;;;;;;;;x;;;;;;;;;;;;;;;;;;;;;;;;;;;;;;;;;;;;;;;;;;;;;;;,,,,,,,,,,,,,,,,,,,,,,
HOL_socialist_2;Sociaal-Democratische Bond;;;;;;;;;;;;x;;;;;;;;;;;;;;;;;;;;;;;;;;;;;;;;;;;;;;;;;;;;;;;,,,,,,,,,,,,,,,,,,,,,,
HOL_socialist_3;Sociaal Democratische Arbeiders Partij;;;;;;;;;;;;x;;;;;;;;;;;;;;;;;;;;;;;;;;;;;;;;;;;;;;;;;;;;;;;,,,,,,,,,,,,,,,,,,,,,,
HOL_fascist;Verbond Van Actualisten;;;;;;;;;;;;x;;;;;;;;;;;;;;;;;;;;;;;;;;;;;;;;;;;;;;;;;;;;;;;,,,,,,,,,,,,,,,,,,,,,,
POR_socialist;Partido Socialista PortuguÍs;;;;;;;;;;;;x;;;;;;;;;;;;;;;;;;;;;;;;;;;;;;;;;;;;;;;;;;;;;;;,,,,,,,,,,,,,,,,,,,,,,
POR_communist;Partido Comunista PortuguÍs;;;;;;;;;;;;x;;;;;;;;;;;;;;;;;;;;;;;;;;;;;;;;;;;;;;;;;;;;;;;,,,,,,,,,,,,,,,,,,,,,,
RUS_fascist;All-Russian Fascist Party;;;;;;;;;;;;x;;;;;;;;;;;;;;;;;;;;;;;;;;;;;;;;;;;;;;;;;;;;;;;,,,,,,,,,,,,,,,,,,,,,,
SER_reactionary;Nacionalna Stranka;;;;;;;;;;;;x;;;;;;;;;;;;;;;;;;;;;;;;;;;;;;;;;;;;;;;;;;;;;;;,,,,,,,,,,,,,,,,,,,,,,
SER_communist;Srpska Socijaldemokratska Partija;;;;;;;;;;;;x;;;;;;;;;;;;;;;;;;;;;;;;;;;;;;;;;;;;;;;;;;;;;;;,,,,,,,,,,,,,,,,,,,,,,
SER_fascist;Narodna Odbrana;;;;;;;;;;;;x;;;;;;;;;;;;;;;;;;;;;;;;;;;;;;;;;;;;;;;;;;;;;;;,,,,,,,,,,,,,,,,,,,,,,
SER_conservative;Ustavobranitelji;;;;;;;;;;;;x;;;;;;;;;;;;;;;;;;;;;;;;;;;;;;;;;;;;;;;;;;;;;;;,,,,,,,,,,,,,,,,,,,,,,
SER_conservative_2;Konzervativna Stranka;;;;;;;;;;;;x;;;;;;;;;;;;;;;;;;;;;;;;;;;;;;;;;;;;;;;;;;;;;;;,,,,,,,,,,,,,,,,,,,,,,
SER_conservative_3;Srpska Napredna Stranka;;;;;;;;;;;;x;;;;;;;;;;;;;;;;;;;;;;;;;;;;;;;;;;;;;;;;;;;;;;;,,,,,,,,,,,,,,,,,,,,,,
SER_socialist;Samostalna Radikalna Stranka;;;;;;;;;;;;x;;;;;;;;;;;;;;;;;;;;;;;;;;;;;;;;;;;;;;;;;;;;;;;,,,,,,,,,,,,,,,,,,,,,,
SER_liberal;Liberalna Stranka;;;;;;;;;;;;x;;;;;;;;;;;;;;;;;;;;;;;;;;;;;;;;;;;;;;;;;;;;;;;,,,,,,,,,,,,,,,,,,,,,,
SER_liberal_2;Narodna Radikalna Stranka;;;;;;;;;;;;x;;;;;;;;;;;;;;;;;;;;;;;;;;;;;;;;;;;;;;;;;;;;;;;,,,,,,,,,,,,,,,,,,,,,,
SER_anarcho_liberal;Anarho-Liberalno Stranka;;;;;;;;;;;;x;;;;;;;;;;;;;;;;;;;;;;;;;;;;;;;;;;;;;;;;;;;;;;;,,,,,,,,,,,,,,,,,,,,,,
GRE_communist;KommounistikÛ KÛmma Ell·das;;;;;;;;;;;;x;;;;;;;;;;;;;;;;;;;;;;;;;;;;;;;;;;;;;;;;;;;;;;;,,,,,,,,,,,,,,,,,,,,,,
GRE_socialist;SosialistikÛ KÛmma Ell·das;;;;;;;;;;;;x;;;;;;;;;;;;;;;;;;;;;;;;;;;;;;;;;;;;;;;;;;;;;;;,,,,,,,,,,,,,,,,,,,,,,
GRE_fascist;Ethniki Enosis Ellados;;;;;;;;;;;;x;;;;;;;;;;;;;;;;;;;;;;;;;;;;;;;;;;;;;;;;;;;;;;;,,,,,,,,,,,,,,,,,,,,,,
GRE_anarcho_liberal;EthnikÛn RizospastikÛn KÛmma;;;;;;;;;;;;x;;;;;;;;;;;;;;;;;;;;;;;;;;;;;;;;;;;;;;;;;;;;;;;,,,,,,,,,,,,,,,,,,,,,,
GRE_reactionary;KÛmma ton NapaÌon;;;;;;;;;;;;x;;;;;;;;;;;;;;;;;;;;;;;;;;;;;;;;;;;;;;;;;;;;;;;,,,,,,,,,,,,,,,,,,,,,,
GRE_conservative;SyntagmatikÛ KÛmma;;;;;;;;;;;;x;;;;;;;;;;;;;;;;;;;;;;;;;;;;;;;;;;;;;;;;;;;;;;;,,,,,,,,,,,,,,,,,,,,,,
GRE_conservative_2;KÛmma EthnikÛfronon;;;;;;;;;;;;x;;;;;;;;;;;;;;;;;;;;;;;;;;;;;;;;;;;;;;;;;;;;;;;,,,,,,,,,,,,,,,,,,,,,,
GRE_liberal;EthnikÛ KÛmma;;;;;;;;;;;;x;;;;;;;;;;;;;;;;;;;;;;;;;;;;;;;;;;;;;;;;;;;;;;;,,,,,,,,,,,,,,,,,,,,,,
GRE_liberal_2;NeoteristikÛn KÛmma;;;;;;;;;;;;x;;;;;;;;;;;;;;;;;;;;;;;;;;;;;;;;;;;;;;;;;;;;;;;,,,,,,,,,,,,,,,,,,,,,,
USA_socialist;Workingmen's Party;;;;;;;;;;;;x;;;;;;;;;;;;;;;;;;;;;;;;;;;;;;;;;;;;;;;;;;;;;;;,,,,,,,,,,,,,,,,,,,,,,
USA_communist;Communist Party USA;;;;;;;;;;;;x;;;;;;;;;;;;;;;;;;;;;;;;;;;;;;;;;;;;;;;;;;;;;;;,,,,,,,,,,,,,,,,,,,,,,
USA_fascist;Silver Legion of America;;;;;;;;;;;;x;;;;;;;;;;;;;;;;;;;;;;;;;;;;;;;;;;;;;;;;;;;;;;;,,,,,,,,,,,,,,,,,,,,,,
YUG_reactionary;Jugoslovenska Nacionalna Stranka;;;;;;;;;;;;x;;;;;;;;;;;;;;;;;;;;;;;;;;;;;;;;;;;;;;;;;;;;;;;,,,,,,,,,,,,,,,,,,,,,,
YUG_liberal;Samostalna Demokratska Stranka;;;;;;;;;;;;x;;;;;;;;;;;;;;;;;;;;;;;;;;;;;;;;;;;;;;;;;;;;;;;,,,,,,,,,,,,,,,,,,,,,,
YUG_anarcho_liberal;Narodna Radikalna Stranka;;;;;;;;;;;;x;;;;;;;;;;;;;;;;;;;;;;;;;;;;;;;;;;;;;;;;;;;;;;;,,,,,,,,,,,,,,,,,,,,,,
YUG_communist;Komunisticka Partija Jugoslavije;;;;;;;;;;;;x;;;;;;;;;;;;;;;;;;;;;;;;;;;;;;;;;;;;;;;;;;;;;;;,,,,,,,,,,,,,,,,,,,,,,
YUG_socialist;Socijalisticka Radnicka Partija Jugoslavije;;;;;;;;;;;;x ;;;;;;;;;;;;;;;;;;;;;;;;;;;;;;;;;;;;;;;;;;;;;;;,,,,,,,,,,,,,,,,,,,,,,
YUG_conservative;Jugoslovanska Demokratska Stranka;;;;;;;;;;;;x;;;;;;;;;;;;;;;;;;;;;;;;;;;;;;;;;;;;;;;;;;;;;;;,,,,,,,,,,,,,,,,,,,,,,
NMB;Serkland;;;;;;;;;;;;;;;;;;;x;;;;;;;;;;;;;;;;;;;;;;;;;;;;;;;;;;;;;;;;,,,,,,,,,,,,,,,,,,,,,,
NMB_ADJ;Serklander;;;;;;;;;;;;;;;;;;;x;;;;;;;;;;;;;;;;;;;;;;;;;;;;;;;;;;;;;;;;,,,,,,,,,,,,,,,,,,,,,,
NMB_liberal;Republican Party;;;;;;;;;;;;;;;;;;;x;;;;;;;;;;;;;;;;;;;;;;;;;;;;;;;;;;;;;;;;,,,,,,,,,,,,,,,,,,,,,,
NMB_conservative;NUDO;;;;;;;;;;;;;;;;;;;x;;;;;;;;;;;;;;;;;;;;;;;;;;;;;;;;;;;;;;;;,,,,,,,,,,,,,,,,,,,,,,
NMB_socialist;SWANU;;;;;;;;;;;;;;;;;;;x;;;;;;;;;;;;;;;;;;;;;;;;;;;;;;;;;;;;;;;;,,,,,,,,,,,,,,,,,,,,,,
NMB_reactionary;NAPDO;;;;;;;;;;;;;;;;;;;x;;;;;;;;;;;;;;;;;;;;;;;;;;;;;;;;;;;;;;;;,,,,,,,,,,,,,,,,,,,,,,
NMB_anarcho_liberal;Economic Freedom Fighters;;;;;;;;;;;;;;;;;;;x;;;;;;;;;;;;;;;;;;;;;;;;;;;;;;;;;;;;;;;;,,,,,,,,,,,,,,,,,,,,,,
NMB_communist;SWAPO;;;;;;;;;;;;;;;;;;;x;;;;;;;;;;;;;;;;;;;;;;;;;;;;;;;;;;;;;;;;,,,,,,,,,,,,,,,,,,,,,,
NMB_fascist;Patriotic Union Movement;;;;;;;;;;;;;;;;;;;x;;;;;;;;;;;;;;;;;;;;;;;;;;;;;;;;;;;;;;;;,,,,,,,,,,,,,,,,,,,,,,
SLG;Selangor;;;;;;;;;;;;;;;;;;;x;;;;;;;;;;;;;;;;;;;;;;;;;;;;;;;;;;;;;;;;,,,,,,,,,,,,,,,,,,,,,,
SLG_ADJ;Selangorese;;;;;;;;;;;;;;;;;;;x;;;;;;;;;;;;;;;;;;;;;;;;;;;;;;;;;;;;;;;;,,,,,,,,,,,,,,,,,,,,,,
PRK;Perak;;;;;;;;;;;;;;;;;;;x;;;;;;;;;;;;;;;;;;;;;;;;;;;;;;;;;;;;;;;;,,,,,,,,,,,,,,,,,,,,,,
PRK_ADJ;Peraki;;;;;;;;;;;;;;;;;;;x;;;;;;;;;;;;;;;;;;;;;;;;;;;;;;;;;;;;;;;;,,,,,,,,,,,,,,,,,,,,,,
PHG;Pahang;;;;;;;;;;;;;;;;;;;x;;;;;;;;;;;;;;;;;;;;;;;;;;;;;;;;;;;;;;;;,,,,,,,,,,,,,,,,,,,,,,
PHG_ADJ;Pahangi;;;;;;;;;;;;;;;;;;;x;;;;;;;;;;;;;;;;;;;;;;;;;;;;;;;;;;;;;;;;,,,,,,,,,,,,,,,,,,,,,,
SGM;Hohenzollern-Sigmaringen;;;;;;;;;;;;;;;;;;;x;;;;;;;;;;;;;;;;;;;;;;;;;;;;;;;;;;;;;;;;,,,,,,,,,,,,,,,,,,,,,,
SGM_ADJ;Sigmarinian;;;;;;;;;;;;;;;;;;;x;;;;;;;;;;;;;;;;;;;;;;;;;;;;;;;;;;;;;;;;,,,,,,,,,,,,,,,,,,,,,,
FRO;Faroe Islands;;;;;;;;;;;;;;;;;;;x;;;;;;;;;;;;;;;;;;;;;;;;;;;;;;;;;;;;;;;;,,,,,,,,,,,,,,,,,,,,,,
FRO_ADJ;Faroese;;;;;;;;;;;;;;;;;;;x;;;;;;;;;;;;;;;;;;;;;;;;;;;;;;;;;;;;;;;;,,,,,,,,,,,,,,,,,,,,,,
FRO_liberal;Sj·lvst˝risflokkurin;;;;;;;;;;;;;;;;;;;;;;;;;;X,,,,,,,,,,,,,,,,;;;;;;;;;;;;;;;;;;;;;;;;;;;;;;;;;,,,,,,
FRO_conservative;Sambandsflokkurin;;;;;;;;;;;;;;;;;;;;;;;;;;X,,,,,,,,,,,,,,,,;;;;;;;;;;;;;;;;;;;;;;;;;;;;;;;;;,,,,,,
FRO_reactionary;Hin F¯royski Flokkurin;;;;;;;;;;;;;;;;;;;;;;;;;;X,,,,,,,,,,,,,,,,;;;;;;;;;;;;;;;;;;;;;;;;;;;;;;;;;,,,,,,
FRO_socialist;Javnaarflokkurin;;;;;;;;;;;;;;;;;;;;;;;;;;X,,,,,,,,,,,,,,,,;;;;;;;;;;;;;;;;;;;;;;;;;;;;;;;;;,,,,,,
FRO_anarcho_liberal;Vinnuflokkurin;;;;;;;;;;;;;;;;;;;;;;;;;;X,,,,,,,,,,,,,,,,;;;;;;;;;;;;;;;;;;;;;;;;;;;;;;;;;,,,,,,
FRO_communist;Kommunistiski Flokkur F¯roya;;;;;;;;;;;;;;;;;;;;;;;;;;X,,,,,,,,,,,,,,,,;;;;;;;;;;;;;;;;;;;;;;;;;;;;;;;;;,,,,,,
FRO_fascist;Loysingarflokkurin;;;;;;;;;;;;;;;;;;;;;;;;;;X,,,,,,,,,,,,,,,,;;;;;;;;;;;;;;;;;;;;;;;;;;;;;;;;;,,,,,,
RUS_proletarian_dictatorship;The Soviet Union;;;;;;;;;;;;;;;;;;;x;;;;;;;;;;;;;;;;;;;;;;;;;;;;;;;;;;;;;;;;,,,,,,,,,,,,,,,,,,,,,,
NCT;Romanda;;;;;;;;;;;;;;;;;;;;;;x;;;;;;;;;;;;;;;;;;;;;;;;;;;;;;;;;;;;;,,,,,,,,,,,,,,,,,,,,,,
NCT_ADJ;Romandian;;;;;;;;;;;;;;;;;;;;;;x;;;;;;;;;;;;;;;;;;;;;;;;;;;;;;;;;;;;;,,,,,,,,,,,,,,,,,,,,,,
UBD;The United Baltic Provinces;;;;;;;;;;;;;;;;;;;;;;x;;;;;;;;;;;;;;;;;;;;;;;;;;;;;;;;;;;;;,,,,,,,,,,,,,,,,,,,,,,
UBD_democracy;The Baltic Union;;;;;;;;;;;;;;;;;;;;;;x;;;;;;;;;;;;;;;;;;;;;;;;;;;;;;;;;;;;;,,,,,,,,,,,,,,,,,,,,,,
UBD_proletarian_dictatorship;The Baltic Worker's Union;;;;;;;;;;;;;;;;;;;;;;x;;;;;;;;;;;;;;;;;;;;;;;;;;;;;;;;;;;;;,,,,,,,,,,,,,,,,,,,,,,
UBD_fascist;Baltic Fascist Union;;;;;;;;;;;;;;;;;;;;;;x;;;;;;;;;;;;;;;;;;;;;;;;;;;;;;;;;;;;;,,,,,,,,,,,,,,,,,,,,,,
UBD_communist;Baltic Communist Party;;;;;;;;;;;;;;;;;;;;;;x;;;;;;;;;;;;;;;;;;;;;;;;;;;;;;;;;;;;;,,,,,,,,,,,,,,,,,,,,,,
UBD_socialist;Union of Baltic Workers and Socialists;;;;;;;;;;;;;;;;;;;;;;x;;;;;;;;;;;;;;;;;;;;;;;;;;;;;;;;;;;;;,,,,,,,,,,,,,,,,,,,,,,
UBD_socialist_2;Baltic Labour Party;;;;;;;;;;;;;;;;;;;;;;x;;;;;;;;;;;;;;;;;;;;;;;;;;;;;;;;;;;;;,,,,,,,,,,,,,,,,,,,,,,
UBD_anarcho_liberals;Radical Party;;;;;;;;;;;;;;;;;;;;;;x;;;;;;;;;;;;;;;;;;;;;;;;;;;;;;;;;;;;;,,,,,,,,,,,,,,,,,,,,,,
UBD_liberal_2;The All-Baltic Landtag;;;;;;;;;;;;;;;;;;;;;;x;;;;;;;;;;;;;;;;;;;;;;;;;;;;;;;;;;;;;,,,,,,,,,,,,,,,,,,,,,,
UBD_liberal;Progressive Union;;;;;;;;;;;;;;;;;;;;;;x;;;;;;;;;;;;;;;;;;;;;;;;;;;;;;;;;;;;;,,,,,,,,,,,,,,,,,,,,,,
UBD_conservative_2;Union of Landowners and Farmers;;;;;;;;;;;;;;;;;;;;;;x;;;;;;;;;;;;;;;;;;;;;;;;;;;;;;;;;;;;;,,,,,,,,,,,,,,,,,,,,,,
UBD_reactionary;Royalist Faction;;;;;;;;;;;;;;;;;;;;;;x;;;;;;;;;;;;;;;;;;;;;;;;;;;;;;;;;;;;;,,,,,,,,,,,,,,,,,,,,,,
UBD_conservative;German Landtag;;;;;;;;;;;;;;;;;;;;;;x;;;;;;;;;;;;;;;;;;;;;;;;;;;;;;;;;;;;;,,,,,,,,,,,,,,,,,,,,,,
EST_fascist;Vabadussıjalased;;;;;;;;;;;;;;;;;;;;;;x;;;;;;;;;;;;;;;;;;;;;;;;;;;;;;;;;;;;;,,,,,,,,,,,,,,,,,,,,,,
EST_communist;Eestimaa Kommunistlik Partei;;;;;;;;;;;;;;;;;;;;;;x;;;;;;;;;;;;;;;;;;;;;;;;;;;;;;;;;;;;;,,,,,,,,,,,,,,,,,,,,,,
EST_socialist;Eesti Sotsialistlik Tˆˆliste Partei;;;;;;;;;;;;;;;;;;;;;;x;;;;;;;;;;;;;;;;;;;;;;;;;;;;;;;;;;;;;,,,,,,,,,,,,,,,,,,,,,,
EST_socialist_2;Eesti Tˆˆerakond;;;;;;;;;;;;;;;;;;;;;;x;;;;;;;;;;;;;;;;;;;;;;;;;;;;;;;;;;;;;,,,,,,,,,,,,,,,,,,,,,,
EST_anarcho_liberal;Radikaal-Demokraatlik Erakond;;;;;;;;;;;;;;;;;;;;;;x;;;;;;;;;;;;;;;;;;;;;;;;;;;;;;;;;;;;;,,,,,,,,,,,,,,,,,,,,,,
EST_liberal;Asunikkude Partei;;;;;;;;;;;;;;;;;;;;;;x;;;;;;;;;;;;;;;;;;;;;;;;;;;;;;;;;;;;;,,,,,,,,,,,,,,,,,,,,,,
EST_conservative;Pıllumeeste Kogud;;;;;;;;;;;;;;;;;;;;;;x;;;;;;;;;;;;;;;;;;;;;;;;;;;;;;;;;;;;;,,,,,,,,,,,,,,,,,,,,,,
EST_conservative_2;Kristlik Rahvaerakond;;;;;;;;;;;;;;;;;;;;;;x;;;;;;;;;;;;;;;;;;;;;;;;;;;;;;;;;;;;;,,,,,,,,,,,,,,,,,,,,,,
EST_reactionary;Eesti Rojalistlik Partei;;;;;;;;;;;;;;;;;;;;;;x;;;;;;;;;;;;;;;;;;;;;;;;;;;;;;;;;;;;;,,,,,,,,,,,,,,,,,,,,,,
EST_reactionary_2;Isamaaliit;;;;;;;;;;;;;;;;;;;;;;x;;;;;;;;;;;;;;;;;;;;;;;;;;;;;;;;;;;;;,,,,,,,,,,,,,,,,,,,,,,
LIV_fascist;Perkonkrusts;;;;;;;;;;;;;;;;;;;;;;x;;;;;;;;;;;;;;;;;;;;;;;;;;;;;;;;;;;;;,,,,,,,,,,,,,,,,,,,,,,
LIV_communist;Latvijas Komunistiska Partija;;;;;;;;;;;;;;;;;;;;;;x;;;;;;;;;;;;;;;;;;;;;;;;;;;;;;;;;;;;;,,,,,,,,,,,,,,,,,,,,,,
LIV_socialist_2;Mazinieki;;;;;;;;;;;;;;;;;;;;;;x;;;;;;;;;;;;;;;;;;;;;;;;;;;;;;;;;;;;;,,,,,,,,,,,,,,,,,,,,,,
LIV_socialist;LSDSP;;;;;;;;;;;;;;;;;;;;;;x;;;;;;;;;;;;;;;;;;;;;;;;;;;;;;;;;;;;;,,,,,,,,,,,,,,,,,,,,,,
LIV_anarcho_liberal;Latvijas Radikaldemokratu Partija;;;;;;;;;;;;;;;;;;;;;;x;;;;;;;;;;;;;;;;;;;;;;;;;;;;;;;;;;;;;,,,,,,,,,,,,,,,,,,,,,,
LIV_liberal_2;Blodnieka Partija;;;;;;;;;;;;;;;;;;;;;;x;;;;;;;;;;;;;;;;;;;;;;;;;;;;;;;;;;;;;,,,,,,,,,,,,,,,,,,,,,,
LIV_liberal;Demokratiskais Centrs;;;;;;;;;;;;;;;;;;;;;;x;;;;;;;;;;;;;;;;;;;;;;;;;;;;;;;;;;;;;,,,,,,,,,,,,,,,,,,,,,,
LIV_conservative_2;Kristigo Zemnieku un Katolu Partija;;;;;;;;;;;;;;;;;;;;;;x;;;;;;;;;;;;;;;;;;;;;;;;;;;;;;;;;;;;;,,,,,,,,,,,,,,,,,,,,,,
LIV_conservative;Latvieöu Zemnieku Savieniba;;;;;;;;;;;;;;;;;;;;;;x;;;;;;;;;;;;;;;;;;;;;;;;;;;;;;;;;;;;;,,,,,,,,,,,,,,,,,,,,,,
LIV_reactionary_2;Nacionala Apvieniba;;;;;;;;;;;;;;;;;;;;;;x;;;;;;;;;;;;;;;;;;;;;;;;;;;;;;;;;;;;;,,,,,,,,,,,,,,,,,,,,,,
LIV_reactionary;Rojalistu Partija;;;;;;;;;;;;;;;;;;;;;;x;;;;;;;;;;;;;;;;;;;;;;;;;;;;;;;;;;;;;,,,,,,,,,,,,,,,,,,,,,,
HBY;Hobyo;;;;;;;;;;;;;;;;;;;;;;x;;;;;;;;;;;;;;;;;;;;;;;;;;;;;;;;;;;;;,,,,,,,,,,,,,,,,,,,,,,
HBY_ADJ;Somali;;;;;;;;;;;;;;;;;;;;;;x;;;;;;;;;;;;;;;;;;;;;;;;;;;;;;;;;;;;;,,,,,,,,,,,,,,,,,,,,,,
QAT;Qatar;;;;;;;;;;;;;;;;;;;;;;x;;;;;;;;;;;;;;;;;;;;;;;;;;;;;;;;;;;;;,,,,,,,,,,,,,,,,,,,,,,
QAT_ADJ;Qatari;;;;;;;;;;;;;;;;;;;;;;x;;;;;;;;;;;;;;;;;;;;;;;;;;;;;;;;;;;;;,,,,,,,,,,,,,,,,,,,,,,
URU_liberal_2;Colorados;;;;;;;;;;;;;;;;;;;;;;x;;;;;;;;;;;;;;;;;;;;;;;;;;;;;;;;;;;;;,,,,,,,,,,,,,,,,,,,,,,
URU_socialist;Partido Socialista;;;;;;;;;;;;;;;;;x;;;;;;;;;;;;;;;;;;;;;;;;;;;;;;;;;;;;;;;;;;,,,,,,,,,,,,,,,,,,,,,,
URU_communist;Partido Comunista;;;;;;;;;;;;;;;;;;;;;;;;x;;;;;;;;;;;;;;;;;;;;;;;;;;;;;;;;;;;,,,,,,,,,,,,,,,,,,,,,,
LIT_reactionary;Monarchizmas Frakcija;;;;;;;;;;;;x;;;;;;;;;;;;;;;;;;;;;;;;;;;;;;;;;;;;;;;;;;;;;;;,,,,,,,,,,,,,,,,,,,,,,
LIT_reactionary_2;Lietuviu Tautininku Sajunga;;;;;;;;;;;;x;;;;;;;;;;;;;;;;;;;;;;;;;;;;;;;;;;;;;;;;;;;;;;;,,,,,,,,,,,,,,,,,,,,,,
LIT_conservative;Lietuvos Darbo Federacija;;;;;;;;;;;;x;;;;;;;;;;;;;;;;;;;;;;;;;;;;;;;;;;;;;;;;;;;;;;;,,,,,,,,,,,,,,,,,,,,,,
LIT_conservative_2;LKDP;;;;;;;;;;;;x;;;;;;;;;;;;;;;;;;;;;;;;;;;;;;;;;;;;;;;;;;;;;;;,,,,,,,,,,,,,,,,,,,,,,
LIT_anarcho_liberal;Tautos Paûangos Partija;;;;;;;;;;;;x;;;;;;;;;;;;;;;;;;;;;;;;;;;;;;;;;;;;;;;;;;;;;;;,,,,,,,,,,,,,,,,,,,,,,
LIT_liberal;Lietuviu Demokratu Partij;;;;;;;;;;;;x;;;;;;;;;;;;;;;;;;;;;;;;;;;;;;;;;;;;;;;;;;;;;;;,,,,,,,,,,,,,,,,,,,,,,
LIT_liberal_2;Lietuvos Valstieciu Liaudininku Sajunga;;;;;;;;;;;;x;;;;;;;;;;;;;;;;;;;;;;;;;;;;;;;;;;;;;;;;;;;;;;;,,,,,,,,,,,,,,,,,,,,,,
LIT_socialist;LSDP;;;;;;;;;;;;x;;;;;;;;;;;;;;;;;;;;;;;;;;;;;;;;;;;;;;;;;;;;;;;,,,,,,,,,,,,,,,,,,,,,,
LIT_communist;Lietuvos Komunistu Partija;;;;;;;;;;;;x;;;;;;;;;;;;;;;;;;;;;;;;;;;;;;;;;;;;;;;;;;;;;;;,,,,,,,,,,,,,,,,,,,,,,
LIT_fascist;Lietuvos äauliu Sajunga;;;;;;;;;;;;x;;;;;;;;;;;;;;;;;;;;;;;;;;;;;;;;;;;;;;;;;;;;;;;,,,,,,,,,,,,,,,,,,,,,,
KAR;Karen;;;;;;;;;;;;x;;;;;;;;;;;;;;;;;;;;;;;;;;;;;;;;;;;;;;;;;;;;;;;,,,,,,,,,,,,,,,,,,,,,,
KAR_ADJ;Kareni;;;;;;;;;;;;x;;;;;;;;;;;;;;;;;;;;;;;;;;;;;;;;;;;;;;;;;;;;;;;,,,,,,,,,,,,,,,,,,,,,,
BRY;Buryatia;;;;;;;;;;;;x;;;;;;;;;;;;;;;;;;;;;;;;;;;;;;;;;;;;;;;;;;;;;;;,,,,,,,,,,,,,,,,,,,,,,
BRY_ADJ;Buryat;;;;;;;;;;;;x;;;;;;;;;;;;;;;;;;;;;;;;;;;;;;;;;;;;;;;;;;;;;;;,,,,,,,,,,,,,,,,,,,,,,
BRY_conservative;Royal Faction;;;;;;;;;;;;x;;;;;;;;;;;;;;;;;;;;;;;;;;;;;;;;;;;;;;;;;;;;;;;,,,,,,,,,,,,,,,,,,,,,,
BRY_liberal;The Liberal Faction;;;;;;;;;;;;x;;;;;;;;;;;;;;;;;;;;;;;;;;;;;;;;;;;;;;;;;;;;;;;,,,,,,,,,,,,,,,,,,,,,,
BRY_reactionary;The Nationalist Faction;;;;;;;;;;;;x;;;;;;;;;;;;;;;;;;;;;;;;;;;;;;;;;;;;;;;;;;;;;;;,,,,,,,,,,,,,,,,,,,,,,
BRY_anarcho_liberal;The Radical Faction;;;;;;;;;;;;x;;;;;;;;;;;;;;;;;;;;;;;;;;;;;;;;;;;;;;;;;;;;;;;,,,,,,,,,,,,,,,,,,,,,,
BRY_socialist;The Socialist Faction;;;;;;;;;;;;x;;;;;;;;;;;;;;;;;;;;;;;;;;;;;;;;;;;;;;;;;;;;;;;,,,,,,,,,,,,,,,,,,,,,,
BRY_communist;The Communist Faction;;;;;;;;;;;;x;;;;;;;;;;;;;;;;;;;;;;;;;;;;;;;;;;;;;;;;;;;;;;;,,,,,,,,,,,,,,,,,,,,,,
BRY_fascist;The Fascist Faction;;;;;;;;;;;;x;;;;;;;;;;;;;;;;;;;;;;;;;;;;;;;;;;;;;;;;;;;;;;;,,,,,,,,,,,,,,,,,,,,,,
MLD;Maldives;;;;;;;;;;;;;;;;;;x;;;;;;;;;;;;;;;;;;;;;;;;;;;;;;;;;;;;;;;;;,,,,,,,,,,,,,,,,,,,,,,
MLD_ADJ;Maldive;;;;;;;;;;;;;;;;;;x;;;;;;;;;;;;;;;;;;;;;;;;;;;;;;;;;;;;;;;;;,,,,,,,,,,,,,,,,,,,,,,
PAK;Pakistan;;;;;;;;;;;;;;;;;;x;;;;;;;;;;;;;;;;;;;;;;;;;;;;;;;;;;;;;;;;;,,,,,,,,,,,,,,,,,,,,,,
PAK_ADJ;Pakistani;;;;;;;;;;;;;;;;;;x;;;;;;;;;;;;;;;;;;;;;;;;;;;;;;;;;;;;;;;;;,,,,,,,,,,,,,,,,,,,,,,
PAK_conservative;Jamaat-e-Islami Pakistan;;;;;;;;;;;;;;;;;;x;;;;;;;;;;;;;;;;;;;;;;;;;;;;;;;;;;;;;;;;;,,,,,,,,,,,,,,,,,,,,,,
PAK_liberal;Pakistan Tehreek-e-Insaf;;;;;;;;;;;;;;;;;;x;;;;;;;;;;;;;;;;;;;;;;;;;;;;;;;;;;;;;;;;;,,,,,,,,,,,,,,,,,,,,,,
PAK_liberal_2;Muttahida Qaumi;;;;;;;;;;;;;;;;;;x;;;;;;;;;;;;;;;;;;;;;;;;;;;;;;;;;;;;;;;;;,,,,,,,,,,,,,,,,,,,,,,
PAK_anarcho_liberal;Awami National;;;;;;;;;;;;;;;;;;x;;;;;;;;;;;;;;;;;;;;;;;;;;;;;;;;;;;;;;;;;,,,,,,,,,,,,,,,,,,,,,,
PAK_socialist;Pakistan Awami Tehreek;;;;;;;;;;;;;;;;;;x;;;;;;;;;;;;;;;;;;;;;;;;;;;;;;;;;;;;;;;;;,,,,,,,,,,,,,,,,,,,,,,
PAK_socialist_2;Kull Pakistan Kissan;;;;;;;;;;;;;;;;;;x;;;;;;;;;;;;;;;;;;;;;;;;;;;;;;;;;;;;;;;;;,,,,,,,,,,,,,,,,,,,,,,
PAK_communist;Pakistan People's Party;;;;;;;;;;;;;;;;;;x;;;;;;;;;;;;;;;;;;;;;;;;;;;;;;;;;;;;;;;;;,,,,,,,,,,,,,,,,,,,,,,
PAK_fascist;Jamaat Ahle Sunnat;;;;;;;;;;;;;;;;;;x;;;;;;;;;;;;;;;;;;;;;;;;;;;;;;;;;;;;;;;;;,,,,,,,,,,,,,,,,,,,,,,
PAK_reactionary;Jamiat Ulema-e-Islam;;;;;;;;;;;;;;;;;;x;;;;;;;;;;;;;;;;;;;;;;;;;;;;;;;;;;;;;;;;;,,,,,,,,,,,,,,,,,,,,,,
CRL;Chitral;;;;;;;;;;;;;;;;;;x;;;;;;;;;;;;;;;;;;;;;;;;;;;;;;;;;;;;;;;;;,,,,,,,,,,,,,,,,,,,,,,
CRL_ADJ;Chitrali;;;;;;;;;;;;;;;;;;x;;;;;;;;;;;;;;;;;;;;;;;;;;;;;;;;;;;;;;;;;,,,,,,,,,,,,,,,,,,,,,,
MSS;Samos;;;;;;;;;;;;;;;;;;x;;;;;;;;;;;;;;;;;;;;;;;;;;;;;;;;;;;;;;;;;,,,,,,,,,,,,,,,,,,,,,,
MSS_ADJ;Greek;;;;;;;;;;;;;;;;;;x;;;;;;;;;;;;;;;;;;;;;;;;;;;;;;;;;;;;;;;;;,,,,,,,,,,,,,,,,,,,,,,
RDL;Ardalan;;;;;;;;;;;;;;;;;;x;;;;;;;;;;;;;;;;;;;;;;;;;;;;;;;;;;;;;;;;;,,,,,,,,,,,,,,,,,,,,,,
RDL_ADJ;Ardalani;;;;;;;;;;;;;;;;;;x;;;;;;;;;;;;;;;;;;;;;;;;;;;;;;;;;;;;;;;;;,,,,,,,,,,,,,,,,,,,,,,
BTL;Bitlis;;;;;;;;;;;;;;;;;;x;;;;;;;;;;;;;;;;;;;;;;;;;;;;;;;;;;;;;;;;;,,,,,,,,,,,,,,,,,,,,,,
BTL_ADJ;Bitlisi;;;;;;;;;;;;;;;;;;x;;;;;;;;;;;;;;;;;;;;;;;;;;;;;;;;;;;;;;;;;,,,,,,,,,,,,,,,,,,,,,,
BNB;Baban;;;;;;;;;;;;;;;;;;x;;;;;;;;;;;;;;;;;;;;;;;;;;;;;;;;;;;;;;;;;,,,,,,,,,,,,,,,,,,,,,,
BNB_ADJ;Babani;;;;;;;;;;;;;;;;;;x;;;;;;;;;;;;;;;;;;;;;;;;;;;;;;;;;;;;;;;;;,,,,,,,,,,,,,,,,,,,,,,
BDN;Hakkari;;;;;;;;;;;;;;;;;;x;;;;;;;;;;;;;;;;;;;;;;;;;;;;;;;;;;;;;;;;;,,,,,,,,,,,,,,,,,,,,,,
BDN_ADJ;Hakkari;;;;;;;;;;;;;;;;;;x;;;;;;;;;;;;;;;;;;;;;;;;;;;;;;;;;;;;;;;;;,,,,,,,,,,,,,,,,,,,,,,
MKN;Mukriyan;;;;;;;;;;;;;;;;;;x;;;;;;;;;;;;;;;;;;;;;;;;;;;;;;;;;;;;;;;;;,,,,,,,,,,,,,,,,,,,,,,
MKN_ADJ;Mukriyani;;;;;;;;;;;;;;;;;;x;;;;;;;;;;;;;;;;;;;;;;;;;;;;;;;;;;;;;;;;;,,,,,,,,,,,,,,,,,,,,,,
BHT;Bohtan;;;;;;;;;;;;;;;;;;x;;;;;;;;;;;;;;;;;;;;;;;;;;;;;;;;;;;;;;;;;,,,,,,,,,,,,,,,,,,,,,,
BHT_ADJ;Bohtani;;;;;;;;;;;;;;;;;;x;;;;;;;;;;;;;;;;;;;;;;;;;;;;;;;;;;;;;;;;;,,,,,,,,,,,,,,,,,,,,,,
SRN;Soran;;;;;;;;;;;;;;;;;;;x;;;;;;;;;;;;;;;;;;;;;;;;;;;;;;;;;;;;;;;;,,,,,,,,,,,,,,,,,,,,,,
SRN_ADJ;Sorani;;;;;;;;;;;;;;;;;;;x;;;;;;;;;;;;;;;;;;;;;;;;;;;;;;;;;;;;;;;;,,,,,,,,,,,,,,,,,,,,,,
LBG;Limburg;;;;;;;;;;;;;;;;;;;x;;;;;;;;;;;;;;;;;;;;;;;;;;;;;;;;;;;;;;;;,,,,,,,,,,,,,,,,,,,,,,
LBG_ADJ;Limburgian;;;;;;;;;;;;;;;;;;;x;;;;;;;;;;;;;;;;;;;;;;;;;;;;;;;;;;;;;;;;,,,,,,,,,,,,,,,,,,,,,,
EGY_democracy;The Republic of Egypt;;;;;;;;;;;;;;;;;;;x;;;;;;;;;;;;;;;;;;;;;;;;;;;;;;;;;;;;;;;;,,,,,,,,,,,,,,,,,,,,,,
ABK;Abkhazia;;;;;;;;;;;;;;;;;;;x;;;;;;;;;;;;;;;;;;;;;;;;;;;;;;;;;;;;;;;;,,,,,,,,,,,,,,,,,,,,,,
ABK_ADJ;Abkhazian;;;;;;;;;;;;;;;;;;;x;;;;;;;;;;;;;;;;;;;;;;;;;;;;;;;;;;;;;;;;,,,,,,,,,,,,,,,,,,,,,,
ABK_reactionary;Bey Loyalists;;;;;;;;;;;;;;;;;;;x;;;;;;;;;;;;;;;;;;;;;;;;;;;;;;;;;;;;;;;;,,,,,,,,,,,,,,,,,,,,,,
ABK_conservative;Conservative Faction;;;;;;;;;;;;;;;;;;;x;;;;;;;;;;;;;;;;;;;;;;;;;;;;;;;;;;;;;;;;,,,,,,,,,,,,,,,,,,,,,,
ABK_liberal;Reformist Faction;;;;;;;;;;;;;;;;;;;x;;;;;;;;;;;;;;;;;;;;;;;;;;;;;;;;;;;;;;;;,,,,,,,,,,,,,,,,,,,,,,
ABK_anarcho_liberal;Radical Faction;;;;;;;;;;;;;;;;;;;x;;;;;;;;;;;;;;;;;;;;;;;;;;;;;;;;;;;;;;;;,,,,,,,,,,,,,,,,,,,,,,
ABK_socialist;Socialist Party;;;;;;;;;;;;;;;;;;;x;;;;;;;;;;;;;;;;;;;;;;;;;;;;;;;;;;;;;;;;,,,,,,,,,,,,,,,,,,,,,,
ABK_communist;People's Party of Abkhazia;;;;;;;;;;;;;;;;;;;x;;;;;;;;;;;;;;;;;;;;;;;;;;;;;;;;;;;;;;;;,,,,,,,,,,,,,,,,,,,,,,
ABK_fascist;United Abkhazia Party;;;;;;;;;;;;;;;;;;;x;;;;;;;;;;;;;;;;;;;;;;;;;;;;;;;;;;;;;;;;,,,,,,,,,,,,,,,,,,,,,,
QUE_ADJ;Batavian;;;;;;;;;;;;;;;;;;;x;;;;;;;;;;;;;;;;;;;;;;;;;;;;;;;;;;;;;;;;,,,,,,,,,,,,,,,,,,,,,,
LIB_conservative;Republican Party;;;;;;;;;;;;;;;;;;;;;;;;x;;;;;;;;;;;;;;;;;;;;;;;;;;;;;;;;;;;,,,,,,,,,,,,,,,,,,,,,,
LIB_conservative_2;Democratic Party;;;;;;;;;;;;;;;;;;;;;;;x;;;;;;;;;;;;;;;;;;;;;;;;;;;;;;;;;;;;,,,,,,,,,,,,,,,,,,,,,,
LIB_liberal;True Whig Party;;;;;;;;;;;;;;;;;;;;;;x;;;;;;;;;;;;;;;;;;;;;;;;;;;;;;;;;;;;;,,,,,,,,,,,,,,,,,,,,,,
LIB_liberal_2;Pan-African Party;;;;;;;;;;;;;;;;;;x;;;;;;;;;;;;;;;;;;;;;;;;;;;;;;;;;;;;;;;;;,,,,,,,,,,,,,,,,,,,,,,
LIB_socialist;African Revolutionary Party;;;;;;;;;;;;;;;;;;;;;;x;;;;;;;;;;;;;;;;;;;;;;;;;;;;;;;;;;;;;,,,,,,,,,,,,,,,,,,,,,,
LIB_reactionary;Nationalist Party;;;;;;;;;;;;;;;;;;;;;x;;;;;;;;;;;;;;;;;;;;;;;;;;;;;;;;;;;;;;,,,,,,,,,,,,,,,,,,,,,,
LIB_anarcho_liberal;Radical Party;;;;;;;;;;;;;;;;;;;;;;x;;;;;;;;;;;;;;;;;;;;;;;;;;;;;;;;;;;;;,,,,,,,,,,,,,,,,,,,,,,
LIB_communist;Communist Party;;;;;;;;;;;;;;;;;;;;;;x;;;;;;;;;;;;;;;;;;;;;;;;;;;;;;;;;;;;;,,,,,,,,,,,,,,,,,,,,,,
LIB_fascist;Fascist Party;;;;;;;;;;;;;;;;;;;;;;;;;x;;;;;;;;;;;;;;;;;;;;;;;;;;;;;;;;;;,,,,,,,,,,,,,,,,,,,,,,
BAY_reactionary;Ultramontanismus Faction;;;;;;;;;;;;;;;;;;;x;;;;;;;;;;;;;;;;;;;;;;;;;;;;;;;;;;;;;;;;,,,,,,,,,,,,,,,,,,,,,,
BHP;Bahawalpur;;;;;;;;;;;;;;;;;;;;;;;x;;;;;;;;;;;;;;;;;;;;;;;;;;;;;;;;;;;;,,,,,,,,,,,,,,,,,,,,,,
BHP_ADJ;Punjabi;;;;;;;;;;;;;;;;;;;;;;;x;;;;;;;;;;;;;;;;;;;;;;;;;;;;;;;;;;;;,,,,,,,,,,,,,,,,,,,,,,
WEI;Thuringen;;;;;;;;;;;;;;;;;;;;;;;x;;;;;;;;;;;;;;;;;;;;;;;;;;;;;;;;;;;;,,,,,,,,,,,,,,,,,,,,,,
ENG_fascist_dictatorship;The Union of Britain;;;;;;;;;;;;;;;;;;;;;;;;;;;;;;;;;;;;x;;;;;;;;;;;;;;;;;;;;;;;,,,,,,,,,,,,,,,,,,,,,,
ENG_democracy;The British Commonwealth;;;;;;;;;;;;;;;;;x;;;;;;;;;;;;;;;;;;;;;;;;;;;;;;;;;;;;;;;;;;,,,,,,,,,,,,,,,,,,,,,,
ENG_presidential_dictatorship;The British Commonwealth;;;;;;;;;;;;;;;;;x;;;;;;;;;;;;;;;;;;;;;;;;;;;;;;;;;;;;;;;;;;,,,,,,,,,,,,,,,,,,,,,,
ENG_bourgeois_dictatorship;The British Commonwealth;;;;;;;;;;;;;;;;;x;;;;;;;;;;;;;;;;;;;;;;;;;;;;;;;;;;;;;;;;;;,,,,,,,,,,,,,,,,,,,,,,
shilluk;Shilluk;;;;;;;;;;;;;;;;;;;;;;;;;;;;;;;;;;;;x;;;;;;;;;;;;;;;;;;;;;;;,,,,,,,,,,,,,,,,,,,,,,
PBC;Peru-Bolivia;;;;;;;;;;;;;x;;;;;;;;;;;;;;;;;;;;;;;;;;;;;;;;;;;;;;;;;;;;;;,,,,,,,,,,,,,,,,,,,,,,
PBC_absolute_monarchy;Great Peru;;;;;;;;;;;;;x;;;;;;;;;;;;;;;;;;;;;;;;;;;;;;;;;;;;;;;;;;;;;;,,,,,,,,,,,,,,,,,,,,,,
PBC_prussian_constitutionalism;Great Peru;;;;;;;;;;;;;x;;;;;;;;;;;;;;;;;;;;;;;;;;;;;;;;;;;;;;;;;;;;;;,,,,,,,,,,,,,,,,,,,,,,
PBC_hms_government;Peru-Bolivia;;;;;;;;;;;;;x;;;;;;;;;;;;;;;;;;;;;;;;;;;;;;;;;;;;;;;;;;;;;;,,,,,,,,,,,,,,,,,,,,,,
PBC_proletarian_dictatorship;The People's Andine Republic;;;;;;;;;;;;;x;;;;;;;;;;;;;;;;;;;;;;;;;;;;;;;;;;;;;;;;;;;;;;,,,,,,,,,,,,,,,,,,,,,,
PBC_proletarian_dictatorship_ADJ;Andine;;;;;;;;;;;;;;;;;;;;;;;;;;;;;;;;;;;;;;;;;;;;;;;;;;;;;;;;;;;,,,,,,,,,,,,,,,,,,,,,,
PBC_democracy;Andine Federation;;;;;;;;;;;;;;;;;;;;;;;;;;;;;;;;;;;;;;;;;;;;;;;;;;;;;;;;;;;,,,,,,,,,,,,,,,,,,,,,,
PBC_democracy_ADJ;Andine;;;;;;;;;;;;;;;;;;;;;;;;;;;;;;;;;;;;;;;;;;;;;;;;;;;;;;;;;;;,,,,,,,,,,,,,,,,,,,,,,
PBC_ADJ;Andine;;;;;;;;;;;;;;;;;;;;;;;;;;;;;;;;;;;;x;;;;;;;;;;;;;;;;;;;;;;;,,,,,,,,,,,,,,,,,,,,,,
YNN_reactionary_2;Confucianist Tusi;;;;;;;;;;;;;;;;;;;;;;;;;;;;;;;;;;;;x;;;;;;;;;;;;;;;;;;;;;;;,,,,,,,,,,,,,,,,,,,,,,
YNN_liberal_2;Westernizer Tusi;;;;;;;;;;;;;;;;;;;;;;;;;;;;;;;;;;;;x;;;;;;;;;;;;;;;;;;;;;;;,,,,,,,,,,,,,,,,,,,,,,
YNN_conservative_2;Local Tusi;;;;;;;;;;;;;;;;;;;;;;;;;;;;;;;;;;;;x;;;;;;;;;;;;;;;;;;;;;;;,,,,,,,,,,,,,,,,,,,,,,
XIN_reactionary_2;Confucianist Faction;;;;;;;;;;;;;;;;;;;;;;;;;;;;;;;;;;;;x;;;;;;;;;;;;;;;;;;;;;;;,,,,,,,,,,,,,,,,,,,,,,
XIN_conservative_2;Amban Faction;;;;;;;;;;;;;;;;;;;;;;;;;;;;;;;;;;;;x;;;;;;;;;;;;;;;;;;;;;;;,,,,,,,,,,,,,,,,,,,,,,
XIN_liberal_2;Reformer Faction;;;;;;;;;;;;;;;;;;;;;;;;;;;;;;;;;;;;x;;;;;;;;;;;;;;;;;;;;;;;,,,,,,,,,,,,,,,,,,,,,,
KOR;Korea;;;;;;;;;;;;;;;;;;;;;;;;;;;;;;;;;;;;x;;;;;;;;;;;;;;;;;;;;;;;,,,,,,,,,,,,,,,,,,,,,,
KOR_absolute_monarchy;The Kingdom of Joseon;;;;;;;;;;;;;;;;;;;;;;;;;;;;;;;;;;;;x;;;;;;;;;;;;;;;;;;;;;;;,,,,,,,,,,,,,,,,,,,,,,
KOR_proletarian_dictatorship;DPRK;;;;;;;;;;;;;;;;;;;;;;;;;;;;;;;;;;;;x;;;;;;;;;;;;;;;;;;;;;;;,,,,,,,,,,,,,,,,,,,,,,
KOR_reactionary;Bandong;;;;;;;;;;;;;;;;;;x;;;;;;;;;;;;;;;;;;;;;;;;;;;;;;;;;;;;;;;;;,,,,,,,,,,,,,,,,,,,,,,
KOR_liberal;Taewon'gun;;;;;;;;;;;;;;;;;;;;;;;;;;x;;;;;;;;;;;;;;;;;;;;;;;;;;;;;;;;;,,,,,,,,,,,,,,,,,,,,,,
KOR_liberal_2;Songgyungwan;;;;;;;;;;;;;;;;;;;;;;;x;;;;;;;;;;;;;;;;;;;;;;;;;;;;;;;;;;;;,,,,,,,,,,,,,,,,,,,,,,
KOR_conservative;Tong Hak;;;;;;;;;;;;;;;;;;;;;;;;x;;;;;;;;;;;;;;;;;;;;;;;;;;;;;;;;;;;,,,,,,,,,,,,,,,,,,,,,,
KOR_liberal_3;Silhak;;;;;;;;;;;;;;;;;;;;;;;;x;;;;;;;;;;;;;;;;;;;;;;;;;;;;;;;;;;;,,,,,,,,,,,,,,,,,,,,,,
KOR_anarcho_liberal;Geubjinpa;;;;;;;;;;;;;;;;;;;;;;;;;x;;;;;;;;;;;;;;;;;;;;;;;;;;;;;;;;;;,,,,,,,,,,,,,,,,,,,,,,
KOR_conservative_2;Wangdangpa;;;;;;;;;;;;;;;;;;;;;;;;;;;;;x;;;;;;;;;;;;;;;;;;;;;;;;;;;;;;,,,,,,,,,,,,,,,,,,,,,,
KOR_socialist;Sahoe-tang;;;;;;;;;;;;;;;;;;;;;;;x;;;;;;;;;;;;;;;;;;;;;;;;;;;;;;;;;;;;,,,,,,,,,,,,,,,,,,,,,,
KOR_communist;Choson Kongsantang;;;;;;;;;;;;;;;;;;;;;x;;;;;;;;;;;;;;;;;;;;;;;;;;;;;;;;;;;;;;,,,,,,,,,,,,,,,,,,,,,,
KOR_fascist;Pasiseuteu Pati;;;;;;;;;;;;;;;;;;;;x;;;;;;;;;;;;;;;;;;;;;;;;;;;;;;;;;;;;;;;,,,,,,,,,,,,,,,,,,,,,,
SIA_absolute_monarchy;The Rattanakosin Kingdom;;;;;;;;;;;;;;;;;;;;;;x;;;;;;;;;;;;;;;;;;;;;;;;;;;;;;;;;;;;;,,,,,,,,,,,,,,,,,,,,,,
SIA_prussian_constitutionalism;The Kingdom of Siam;;;;;;;;;;;;;;;;;;;;;;x;;;;;;;;;;;;;;;;;;;;;;;;;;;;;;;;;;;;;,,,,,,,,,,,,,,,,,,,,,,
SIA_hms_government;The Kingdom of Siam;;;;;;;;;;;;;;;;;;;;;;x;;;;;;;;;;;;;;;;;;;;;;;;;;;;;;;;;;;;;,,,,,,,,,,,,,,,,,,,,,,
KML;Kumul Khanate;;;;;;;;;;;;;;;;;;;;;;;;;;;;;;;;;;;;;;;;;;;;;;;x,,,,,,,,,;;;;;;;;;;;;,,,,,,,,,,,,,
KML_democracy;Kumul Republic;;;;;;;;;;;;;;;;;;;;;;;;;;;;;;;;;;;;;;;;;;;;;;;x,,,,,,,,,;;;;;;;;;;;;,,,,,,,,,,,,,
KML_bourgeois_dictatorship;Kumul;;;;;;;;;;;;;;;;;;;;;;;;;;;;;;;;;;;;;;;;;;;;;;;x,,,,,,,,,;;;;;;;;;;;;,,,,,,,,,,,,,
KML_proletarian_dictatorship;People's Republic of Kumul;;;;;;;;;;;;;;;;;;;;;;;;;;;;;;;;;;;;;;;;;;;;;;;x,,,,,,,,,;;;;;;;;;;;;,,,,,,,,,,,,,
KML_ADJ;Kumulian;;;;;;;;;;;;;;;;;;;;;;;;;;;;;;;;;;;;;;;;;;;;;;;x,,,,,,,,,;;;;;;;;;;;;,,,,,,,,,,,,,
KML_conservative;Kumul Shah Faction;;;;;;;;;;;;x,,;;;;;;;;;;;;;;;;;;;;;;;;;;;;;;;;;;;;;;;;;;;;;;;,,,,,,,,,,,,,,,,,,,,
KML_liberal;Kumul Reformers;;;;;;;;;;;;x,,;;;;;;;;;;;;;;;;;;;;;;;;;;;;;;;;;;;;;;;;;;;;;;;,,,,,,,,,,,,,,,,,,,,
KML_reactionary;Kumul Fundamentalists;;;;;;;;;;;;x,,;;;;;;;;;;;;;;;;;;;;;;;;;;;;;;;;;;;;;;;;;;;;;;;,,,,,,,,,,,,,,,,,,,,
KML_anarcho_liberal;Kumul Libertarians;;;;;;;;;;;;x,,;;;;;;;;;;;;;;;;;;;;;;;;;;;;;;;;;;;;;;;;;;;;;;;,,,,,,,,,,,,,,,,,,,,
KML_socialist;Kumul Socialists;;;;;;;;;;;;x,,;;;;;;;;;;;;;;;;;;;;;;;;;;;;;;;;;;;;;;;;;;;;;;;,,,,,,,,,,,,,,,,,,,,
KML_communist;Kumul People's Party;;;;;;;;;;;;x,,;;;;;;;;;;;;;;;;;;;;;;;;;;;;;;;;;;;;;;;;;;;;;;;,,,,,,,,,,,,,,,,,,,,
KML_fascist;Kumul National Front;;;;;;;;;;;;x,,;;;;;;;;;;;;;;;;;;;;;;;;;;;;;;;;;;;;;;;;;;;;;;;,,,,,,,,,,,,,,,,,,,,
PROV2281;Esmeraldas;;;;;;;;;;;;;;;;;;;;;;x;;;;;;;;;;;;;;;;;;;;;;;;;;;;;;;;;;;;;,,,,,,,,,,,,,,,,,,,,,,
PROV1363;Pakse;;;;;;;;;;;;;;;;;;;;;;x;;;;;;;;;;;;;;;;;;;;;;;;;;;;;;;;;;;;;,,,,,,,,,,,,,,,,,,,,,,
PROV1364;Phnom Penh;;;;;;;;;;;;;;;;;;;;;;x;;;;;;;;;;;;;;;;;;;;;;;;;;;;;;;;;;;;;,,,,,,,,,,,,,,,,,,,,,,
PROV1464;Jolo;;;;;;;;;;;;;;;;;;;;;;x;;;;;;;;;;;;;;;;;;;;;;;;;;;;;;;;;;;;;,,,,,,,,,,,,,,,,,,,,,,
ATJ;Aceh;;;;;;;;;;;;;;;;;;;;;;x;;;;;;;;;;;;;;;;;;;;;;;;;;;;;;;;;;;;;,,,,,,,,,,,,,,,,,,,,,,
ATJ_ADJ;Acehnese;;;;;;;;;;;;;;;;;;;;;;;x;;;;;;;;;;;;;;;;;;;;;;;;;;;;;;;;;;;;,,,,,,,,,,,,,,,,,,,,,,
JOH;Johor;;;;;;;;;;;;;;;;;;;;;;x;;;;;;;;;;;;;;;;;;;;;;;;;;;;;;;;;;;;;,,,,,,,,,,,,,,,,,,,,,,
UCA;The Andronican Federation;;;;;;;;;;;;;;;;;;;;;;x;;;;;;;;;;;;;;;;;;;;;;;;;;;;;;;;;;;;;,,,,,,,,,,,,,,,,,,,,,,
LHJ;Hormuz;;;;;;;;;;;;;;;;;;;;;;x;;;;;;;;;;;;;;;;;;;;;;;;;;;;;;;;;;;;;,,,,,,,,,,,,,,,,,,,,,,
LHJ_ADJ;Hormuzi;;;;;;;;;;;;;;;;;;;;;;x;;;;;;;;;;;;;;;;;;;;;;;;;;;;;;;;;;;;;,,,,,,,,,,,,,,,,,,,,,,
FDL;Fadhli;;;;;;;;;;;;;;;;;;;;;;x;;;;;;;;;;;;;;;;;;;;;;;;;;;;;;;;;;;;;,,,,,,,,,,,,,,,,,,,,,,
FDL_ADJ;Fadhlii;;;;;;;;;;;;;;;;;;;;;;x;;;;;;;;;;;;;;;;;;;;;;;;;;;;;;;;;;;;;,,,,,,,,,,,,,,,,,,,,,,
KTH;Kathiri;;;;;;;;;;;;;;;;;;;;;;x;;;;;;;;;;;;;;;;;;;;;;;;;;;;;;;;;;;;;,,,,,,,,,,,,,,,,,,,,,,
KTH_ADJ;Kathirii;;;;;;;;;;;;;;;;;;;;;;x;;;;;;;;;;;;;;;;;;;;;;;;;;;;;;;;;;;;;,,,,,,,,,,,,,,,,,,,,,,
MHR;Mahra;;;;;;;;;;;;;;;;;;;;;;x;;;;;;;;;;;;;;;;;;;;;;;;;;;;;;;;;;;;;,,,,,,,,,,,,,,,,,,,,,,
MHR_ADJ;Mahrai;;;;;;;;;;;;;;;;;;;;;;x;;;;;;;;;;;;;;;;;;;;;;;;;;;;;;;;;;;;;,,,,,,,,,,,,,,,,,,,,,,
SBA;Buenos Aires;;;;;;;;;;;;;;;;;;;;;;;;;;;;;;;;;;;;;;;;;;;;;;x,,,,,,,,,;;;;;;;;;;;;;,,,,,,,,,,,,,
SBA_ADJ;Porteno;;;;;;;;;;;;;;;;;;;;;;;;;;;;;;;;;;;;;;;;;;;;;;;;;;x,,,,,,,;;;;;;;;;,,,,,,,,,,,,,,,
BRZ_absolute_monarchy;The Empire of Brazil;;;;;;;;;;;;;;;;;;;;;;;;;;;;;;;;;;;;;;;;;;;;;;;;;;;;x,,,,,,;;;;;;;,,,,,,,,,,,,,,,,
BRZ_prussian_constitutionalism;The Empire of Brazil;;;;;;;;;;;;;;;;;;;;;;;;;;;;;;;;;;;;;;;;;;;;;;;;;;;x,,,,,,,,,;;;;;;;;,,,,,,,,,,,,,
BRZ_hms_government;The Empire of Brazil;;;;;;;;;;;;;;;;;;;;;;;;;;;;;;;;;;;;;;;;;;;;;;;;;;;;;;;;;;;X,,,,,,,,,,,,,,,,,,,,,,
BRZ_dominion;The Kingdom of Brazil;;;;;;;;;;;;;;;;;;;;;;;;;;;;;;;;;;;;;;;;;;;;;;;;;;;;;;;;;;;X,,,,,,,,,,,,,,,,,,,,,,
BRZ_colonial_company;Brazil;;;;;;;;;;;;;;;;;;;;;;;;;;;;;;;;;;;;;;;;;;;;;;;;;;;;;;;;;;;X,,,,,,,,,,,,,,,,,,,,,,
ARC;Theudericsland;;;;;;;;;;;;;;;;;;;;;;;;;;;;;;;;;;;;;;;;;;;;;;;x,,,,,,,,,;;;;;;;;;;;;,,,,,,,,,,,,,
ARC_democracy;Platinisshe Republiek;;;;;;;;;;;;;;;;;;;;;;;;;;;;;;;;;;;;;;;;;;;;;;;x,,,,,,,,,;;;;;;;;;;;;,,,,,,,,,,,,,
ARC_presidential_dictatorship;Platinisshe Freijstat;;;;;;;;;;;;;;;;;;;;;;;;;;;;;;;;;;;;;;;;;;;;;;;x,,,,,,,,,;;;;;;;;;;;;,,,,,,,,,,,,,
ARC_proletarian_dictatorship;Platinisshe Volcsrepubliek;;;;;;;;;;;;;;;;;;;;;;;;;;;;;;;;;;;;;;;;;;;;;;;x,,,,,,,,,;;;;;;;;;;;;,,,,,,,,,,,,,
ARC_ADJ;Platinisshe;;;;;;;;;;;;;;;;;;;;;;;;;;;;;;;;;;;;;;;;;;;;;;;x,,,,,,,,,;;;;;;;;;;;;,,,,,,,,,,,,,
ARG;Groot Platinisshe Statt;;;;;;;;;;;;;;;;;;;;;;;;;;;;;;;;;;;;;;;;;;;;;;;x,,,,,,,,,;;;;;;;;;;;;,,,,,,,,,,,,,
ARG_democracy;Platinisshe Republiek;;;;;;;;;;;;;;;;;;;;;;;;;;;;;;;;;;;;;;;;;;;;;;;x,,,,,,,,,;;;;;;;;;;;;,,,,,,,,,,,,,
ARG_presidential_dictatorship;Platinisshe Freijstat;;;;;;;;;;;;;;;;;;;;;;;;;;;;;;;;;;;;;;;;;;;;;;;x,,,,,,,,,;;;;;;;;;;;;,,,,,,,,,,,,,
ARG_proletarian_dictatorship;Platinisshe Volcsrepubliek;;;;;;;;;;;;;;;;;;;;;;;;;;;;;;;;;;;;;;;;;;;;;;;x,,,,,,,,,;;;;;;;;;;;;,,,,,,,,,,,,,
ARC_ADJ;ﬁulian;;;;;;;;;;;;;;;;;;;;;;;;;;;;;;;;;;;;;;;;;;;;;;;x,,,,,,,,,;;;;;;;;;;;;,,,,,,,,,,,,,
CRT;Corrientes;;;;;;;;;;;;;;;;;;;;;;;;;;;;;;;;;;;;;;;;;;;;;;;x,,,,,,,,,;;;;;;;;;;;;,,,,,,,,,,,,,
CRT_ADJ;Entrerriano;;;;;;;;;;;;;;;;;;;;;;;;;;;;;;;;;;;;;;;;;;;;;;;x,,,,,,,,,;;;;;;;;;;;;,,,,,,,,,,,,,
DAR_absolute_monarchy;Sultanate of Darfur;;;;;;;;;;;;;;;;;;;;;;;;;;;;;;;;;;;;;;;;;;;;;;;x,,,,,,,,,;;;;;;;;;;;;,,,,,,,,,,,,,
DAR_prussian_constitutionalism;Sultanate of Darfur;;;;;;;;;;;;;;;;;;;;;;;;;;;;;;;;;;;;;;;;;;;;;;;x,,,,,,,,,;;;;;;;;;;;;,,,,,,,,,,,,,
DAR_hms_government;Sultanate of Darfur;;;;;;;;;;;;;;;;;;;;;;;;;;;;;;;;;;;;;;;;;;;;;;;x,,,,,,,,,;;;;;;;;;;;;,,,,,,,,,,,,,
DAM_absolute_monarchy;Damagaram Sultanate;;;;;;;;;;;;;;;;;;;;;;;;;;;;;;;;;;;;;;;;;;;;;;;x,,,,,,,,,;;;;;;;;;;;;,,,,,,,,,,,,,
DAM_prussian_constitutionalism;Damagaram Sultanate;;;;;;;;;;;;;;;;;;;;;;;;;;;;;;;;;;;;;;;;;;;;;;;x,,,,,,,,,;;;;;;;;;;;;,,,,,,,,,,,,,
DAM_hms_government;Damagaram Sultanate;;;;;;;;;;;;;;;;;;;;;;;;;;;;;;;;;;;;;;;;;;;;;;;x,,,,,,,,,;;;;;;;;;;;;,,,,,,,,,,,,,
SOK_absolute_monarchy;Sokoto Kingdom;;;;;;;;;;;;;;;;;;;;;;;;;;;;;;;;;;;;;;;;;;;;;;;x,,,,,,,,,;;;;;;;;;;;;,,,,,,,,,,,,,
SOK_prussian_constitutionalism;Sokoto Kingdom;;;;;;;;;;;;;;;;;;;;;;;;;;;;;;;;;;;;;;;;;;;;;;;x,,,,,,,,,;;;;;;;;;;;;,,,,,,,,,,,,,
SOK_hms_government;Sokoto Kingdom;;;;;;;;;;;;;;;;;;;;;;;;;;;;;;;;;;;;;;;;;;;;;;;x,,,,,,,,,;;;;;;;;;;;;,,,,,,,,,,,,,
KBO_absolute_monarchy;Agisymban Empire;;;;;;;;;;;;;;;;;;;;;;;;;;;;;;;;;;;;;;;;;;;;;;;x,,,,,,,,,;;;;;;;;;;;;,,,,,,,,,,,,,
KBO_prussian_constitutionalism;Agisymban Empire;;;;;;;;;;;;;;;;;;;;;;;;;;;;;;;;;;;;;;;;;;;;;;;x,,,,,,,,,;;;;;;;;;;;;,,,,,,,,,,,,,
KBO_hms_government;Agisymba;;;;;;;;;;;;;;;;;;;;;;;;;;;;;;;;;;;;;;;;;;;;;;;x,,,,,,,,,;;;;;;;;;;;;,,,,,,,,,,,,,
WAD_absolute_monarchy;Wadai Empire;;;;;;;;;;;;;;;;;;;;;;;;;;;;;;;;;;;;;;;;;;;;;;;x,,,,,,,,,;;;;;;;;;;;;,,,,,,,,,,,,,
WAD_prussian_constitutionalism;Wadai Sultanate;;;;;;;;;;;;;;;;;;;;;;;;;;;;;;;;;;;;;;;;;;;;;;;x,,,,,,,,,;;;;;;;;;;;;,,,,,,,,,,,,,
WAD_hms_government;Wadai Sultanate;;;;;;;;;;;;;;;;;;;;;;;;;;;;;;;;;;;;;;;;;;;;;;;x,,,,,,,,,;;;;;;;;;;;;,,,,,,,,,,,,,
DMW;Adamawa;;;;;;;;;;;;;;;;;;;;;;;;;;;;;;;;;;;;;;;;;;;;;;;x,,,,,,,,,;;;;;;;;;;;;,,,,,,,,,,,,,
DMW_ADJ;Adamawan;;;;;;;;;;;;;;;;;;;;;;;;;;;;;;;;;;;;;;;;;;;;;;;x,,,,,,,,,;;;;;;;;;;;;,,,,,,,,,,,,,
DMW_absolute_monarchy;Adamawa Emirate;;;;;;;;;;;;;;;;;;;;;;;;;;;;;;;;;;;;;;;;;;;;;;;x,,,,,,,,,;;;;;;;;;;;;,,,,,,,,,,,,,
DMW_prussian_constitutionalism;Adamawa Emirate;;;;;;;;;;;;;;;;;;;;;;;;;;;;;;;;;;;;;;;;;;;;;;;x,,,,,,,,,;;;;;;;;;;;;,,,,,,,,,,,,,
DMW_hms_government;Adamawa Emirate;;;;;;;;;;;;;;;;;;;;;;;;;;;;;;;;;;;;;;;;;;;;;;;x,,,,,,,,,;;;;;;;;;;;;,,,,,,,,,,,,,
DMW_democracy;Adamawa Republic;;;;;;;;;;;;;;;;;;;;;;;;;;;;;;;;;;;;;;;;;;;;;;;x,,,,,,,,,;;;;;;;;;;;;,,,,,,,,,,,,,
DMW_fascist;Adamawa Caliphate;;;;;;;;;;;;;;;;;;;;;;;;;;;;;;;;;;;;;;;;;;;;;;;x,,,,,,,,,;;;;;;;;;;;;,,,,,,,,,,,,,
DMW_communist;Socialist Republic of Adamawa;;;;;;;;;;;;;;;;;;;;;;;;;;;;;;;;;;;;;;;;;;;;;;;x,,,,,,,,,;;;;;;;;;;;;,,,,,,,,,,,,,
BRM;Baguirmi;;;;;;;;;;;;;;;;;;;;;;;;;;;;;;;;;;;;;;;;;;;;;;;x,,,,,,,,,;;;;;;;;;;;;,,,,,,,,,,,,,
BRM_ADJ;Baguirmi;;;;;;;;;;;;;;;;;;;;;;;;;;;;;;;;;;;;;;;;;;;;;;;x,,,,,,,,,;;;;;;;;;;;;,,,,,,,,,,,,,
BRM_absolute_monarchy;Baguirmi Sultanate;;;;;;;;;;;;;;;;;;;;;;;;;;;;;;;;;;;;;;;;;;;;;;;x,,,,,,,,,;;;;;;;;;;;;,,,,,,,,,,,,,
BRM_prussian_constitutionalism;Baguirmi Sultanate;;;;;;;;;;;;;;;;;;;;;;;;;;;;;;;;;;;;;;;;;;;;;;;x,,,,,,,,,;;;;;;;;;;;;,,,,,,,,,,,,,
BRM_hms_government;Baguirmi Sultanate;;;;;;;;;;;;;;;;;;;;;;;;;;;;;;;;;;;;;;;;;;;;;;;x,,,,,,,,,;;;;;;;;;;;;,,,,,,,,,,,,,
BRM_democracy;Baguirmi Republic;;;;;;;;;;;;;;;;;;;;;;;;;;;;;;;;;;;;;;;;;;;;;;;x,,,,,,,,,;;;;;;;;;;;;,,,,,,,,,,,,,
BRM_fascist;Baguirmi;;;;;;;;;;;;;;;;;;;;;;;;;;;;;;;;;;;;;;;;;;;;;;;x,,,,,,,,,;;;;;;;;;;;;,,,,,,,,,,,,,
BRM_communist;Socialist Republic of Baguirmi;;;;;;;;;;;;;;;;;;;;;;;;;;;;;;;;;;;;;;;;;;;;;;;x,,,,,,,,,;;;;;;;;;;;;,,,,,,,,,,,,,
SHK;Shilluk;;;;;;;;;;;;;;;;;;;;;;;;;;;;;;;;;;;;;;;;;;;;;;;x,,,,,,,,,;;;;;;;;;;;;,,,,,,,,,,,,,
SHK_ADJ;Shilluki;;;;;;;;;;;;;;;;;;;;;;;;;;;;;;;;;;;;;;;;;;;;;;;x,,,,,,,,,;;;;;;;;;;;;,,,,,,,,,,,,,
SHK_absolute_monarchy;Shilluk Kingdom;;;;;;;;;;;;;;;;;;;;;;;;;;;;;;;;;;;;;;;;;;;;;;;x,,,,,,,,,;;;;;;;;;;;;,,,,,,,,,,,,,
SHK_prussian_constitutionalism;Shilluk Kingdom;;;;;;;;;;;;;;;;;;;;;;;;;;;;;;;;;;;;;;;;;;;;;;;x,,,,,,,,,;;;;;;;;;;;;,,,,,,,,,,,,,
SHK_hms_government;Shilluk Kingdom;;;;;;;;;;;;;;;;;;;;;;;;;;;;;;;;;;;;;;;;;;;;;;;x,,,,,,,,,;;;;;;;;;;;;,,,,,,,,,,,,,
SHK_conservative;Shilluk Podh Faction;;;;;;;;;;;;;;;;;;;;;;;;;;;;;;;;;;;;;;;;;;;;;;;x,,,,,,,,,;;;;;;;;;;;;,,,,,,,,,,,,,
SHK_liberal;Reformist Faction;;;;;;;;;;;;;;;;;;;;;;;;;;;;;;;;;;;;;;;;;;;;;;;x,,,,,,,,,;;;;;;;;;;;;,,,,,,,,,,,,,
SHK_reactionary;Royal Holiness Faction;;;;;;;;;;;;;;;;;;;;;;;;;;;;;;;;;;;;;;;;;;;;;;;x,,,,,,,,,;;;;;;;;;;;;,,,,,,,,,,,,,
SHK_anarcho_liberal;Shilluk Libertarian Front;;;;;;;;;;;;;;;;;;;;;;;;;;;;;;;;;;;;;;;;;;;;;;;x,,,,,,,,,;;;;;;;;;;;;,,,,,,,,,,,,,
SHK_socialist;Shilluk Socialist Front;;;;;;;;;;;;;;;;;;;;;;;;;;;;;;;;;;;;;;;;;;;;;;;x,,,,,,,,,;;;;;;;;;;;;,,,,,,,,,,,,,
SHK_communist;Shilluk People's Front;;;;;;;;;;;;;;;;;;;;;;;;;;;;;;;;;;;;;;;;;;;;;;;x,,,,,,,,,;;;;;;;;;;;;,,,,,,,,,,,,,
SHK_fascist;Shilluk National Front;;;;;;;;;;;;;;;;;;;;;;;;;;;;;;;;;;;;;;;;;;;;;;;x,,,,,,,,,;;;;;;;;;;;;,,,,,,,,,,,,,
MUG_absolute_monarchy;The Mughal Empire;;;;;;;;;;;;;;;;;;;;;;;;;;;;;;;;;;;;;;;;;;;;;;;x,,,,,,,,,;;;;;;;;;;;;,,,,,,,,,,,,,
MUG_prussian_constitutionalism;The Mughal Empire;;;;;;;;;;;;;;;;;;;;;;;;;;;;;;;;;;;;;;;;;;;;;;;x,,,,,,,,,;;;;;;;;;;;;,,,,,,,,,,,,,
MUG_fascist_dictatorship;The Gurkani Republic;;;;;;;;;;;;;;;;;;;;;;;;;;;;;;;;;;;;;;;;;;;;;;;x,,,,,,,,,;;;;;;;;;;;;,,,,,,,,,,,,,
MUG_proletarian_dictatorship;People's Republic of Mughalistan;;;;;;;;;;;;;;;;;;;;;;;;;;;;;;;;;;;;;;;;;;;;;;;x,,,,,,,,,;;;;;;;;;;;;,,,,,,,,,,,,,
MUG_conservative;Mir Saman;;;;;;;;;;;;;;;;;;;;;;;x;;;;;;;;;;;;;;;;;;;;;;;;;;;;;;;;;;;;,,,,,,,,,,,,,,,,,,,,,,
MUG_liberal;Hanafi;;;;;;;;;;;;;;;;;;;;;x;;;;;;;;;;;;;;;;;;;;;;;;;;;;;;;;;;;;;;,,,,,,,,,,,,,,,,,,,,,,
MUG_reactionary;Mir Bakshi;;;;;;;;;;;;;;;;;;;;;;;x;;;;;;;;;;;;;;;;;;;;;;;;;;;;;;;;;;;;,,,,,,,,,,,,,,,,,,,,,,
MUG_anarcho_liberal;The Radical Party;;;;;;;;;;;;;;;;;;;;;;;x;;;;;;;;;;;;;;;;;;;;;;;;;;;;;;;;;;;;,,,,,,,,,,,,,,,,,,,,,,
MUG_socialist;The Socialist Party;;;;;;;;;;;;;;;;;;;;;;;x;;;;;;;;;;;;;;;;;;;;;;;;;;;;;;;;;;;;,,,,,,,,,,,,,,,,,,,,,,
MUG_communist;The Communist Party;;;;;;;;;;;;;;;;;;;;;x;;;;;;;;;;;;;;;;;;;;;;;;;;;;;;;;;;;;;;,,,,,,,,,,,,,,,,,,,,,,
MUG_fascist;The Fascist Party;;;;;;;;;;;;;;;;;;;;;x;;;;;;;;;;;;;;;;;;;;;;;;;;;;;;;;;;;;;;,,,,,,,,,,,,,,,,,,,,,,
WRL;Warsangali;;;;;;;;;;;;;;;;;;;;;;;;;;;;;;;;;;;;;;;;;;;;;;;x,,,,,,,,,;;;;;;;;;;;;,,,,,,,,,,,,,
WRL_ADJ;Somali;;;;;;;;;;;;;;;;;;;;;;;;;;;;;;;;;;;;;;;;;;;;;;;x,,,,,,,,,;;;;;;;;;;;;,,,,,,,,,,,,,
CAN_liberal;Liberal Party;Parti lib?al;Liberale Partei;;Partido Liberal;;;;;;;;;x;;;;;;;;;;;;;;;;;;;;;;;;;;;;;;;;;;;;;;;;;;;;;;,,,,,,,,,,,,,,,,,,,,,,
CAN_conservative;Conservative Party;Parti conservateur;Conservative Party;;Partido conservador;;;;;;;;;x;;;;;;;;;;;;;;;;;;;;;;;;;;;;;;;;;;;;;;;;;;;;;;,,,,,,,,,,,,,,,,,,,,,,
CAN_reactionary;Nationalist Party;Parti nationaliste;Nationalist Party;;Partido Nacionalista;;;;;;;;;x;;;;;;;;;;;;;;;;;;;;;;;;;;;;;;;;;;;;;;;;;;;;;;,,,,,,,,,,,,,,,,,,,,,,
CAN_anarcho_liberal;One Big Union;Parti radical;Radical Party;;Partido Radical;;;;;;;;;x;;;;;;;;;;;;;;;;;;;;;;;;;;;;;;;;;;;;;;;;;;;;;;,,,,,,,,,,,,,,,,,,,,,,
CAN_socialist;Socialist Party;Parti socialiste;Socialist Party;;Partido Socialista;;;;;;;;;x;;;;;;;;;;;;;;;;;;;;;;;;;;;;;;;;;;;;;;;;;;;;;;,,,,,,,,,,,,,,,,,,,,,,
CAN_communist;Communist Party;Parti communiste;Communist Party;;Partido Comunista;;;;;;;;;x;;;;;;;;;;;;;;;;;;;;;;;;;;;;;;;;;;;;;;;;;;;;;;,,,,,,,,,,,,,,,,,,,,,,
CAN_fascist;National Unity Party;;;;;;;;;;;;;;;;;;;;;;;;;;;;;;;;;;;;;x;;;;;;;;;;;;;;;;;;;;;;,,,,,,,,,,,,,,,,,,,,,,
BRZ_liberal;Partido Liberal;Partido Liberal;Partido Liberal;;Partido Liberal;;;;;;;;;x;;;;;;;;;;;;;;;;;;;;;;;;;;;;;;;;;;;;;;;;;;;;;;,,,,,,,,,,,,,,,,,,,,,,
BRZ_conservative;Partido Conservador;;;;;;;;;;;;;;;x;;;;;;;;;;;;;;;;;;;;;;;;;;;;;;;;;;;;;;;;;;;;,,,,,,,,,,,,,,,,,,,,,,
BRZ_reactionary;Partido Restaurador;;;;;;;;;;;;;;;;;;x;;;;;;;;;;;;;;;;;;;;;;;;;;;;;;;;;;;;;;;;;,,,,,,,,,,,,,,,,,,,,,,
BRZ_reactionary2;Partido Republicano Riograndense;;;;;;;;;;;;;;;;;;x;;;;;;;;;;;;;;;;;;;;;;;;;;;;;;;;;;;;;;;;;,,,,,,,,,,,,,,,,,,,,,,
BRZ_conservative_2;Partido Republicano Paulista;;;;;;;;;;;;;;;;;;;;;;;;x;;;;;;;;;;;;;;;;;;;;;;;;;;;;;;;;;;;,,,,,,,,,,,,,,,,,,,,,,
BRZ_liberal_2;Partido Republicano Carioca;;;;;;;;;;;;;;;;;;;;;;;;x;;;;;;;;;;;;;;;;;;;;;;;;;;;;;;;;;;;,,,,,,,,,,,,,,,,,,,,,,
BRZ_anarcho_liberal;Partido Anarquista;;;;;;;;;;;;;;;;;;;;;;;x;;;;;;;;;;;;;;;;;;;;;;;;;;;;;;;;;;;;,,,,,,,,,,,,,,,,,,,,,,
BRZ_socialist;Partido Socialista;;;;;;;;;;;;;;;;x;;;;;;;;;;;;;;;;;;;;;;;;;;;;;;;;;;;;;;;;;;;,,,,,,,,,,,,,,,,,,,,,,
BRZ_communist;Partido Comunista;;;;;;;;;;;;;;;x;;;;;;;;;;;;;;;;;;;;;;;;;;;;;;;;;;;;;;;;;;;;,,,,,,,,,,,,,,,,,,,,,,
BRZ_fascist;AÁ„o Integralista Brasileira;;;;;;;;;;;;;;;;;;;;;;;;;;;;;;;;x;;;;;;;;;;;;;;;;;;;;;;;;;;;,,,,,,,,,,,,,,,,,,,,,,
PNB;Pernambuco;;;;;;;;;;;;;x,,,,,,,,,,,,,,,,,,,,,,;;;;;;;;;;;;;;;;;;;;;;;;;;;;;;;;;;;;;;;;;;;;;;
PNB_ADJ;Pernambucano;;;;;;;;;;;;;x,,,,,,,,,,,,,,,,,,,,,,;;;;;;;;;;;;;;;;;;;;;;;;;;;;;;;;;;;;;;;;;;;;;;
SWI_communist;Kommunistische Partei;;;;;;;;;;;;;x,,,,,,,,,,,,,,,,,,,,,,;;;;;;;;;;;;;;;;;;;;;;;;;;;;;;;;;;;;;;;;;;;;;;
SWI_fascist;Nationale Front;;;;;;;;;;;;;x,,,,,,,,,,,,,,,,,,,,,,;;;;;;;;;;;;;;;;;;;;;;;;;;;;;;;;;;;;;;;;;;;;;;
FRA_fascist;Parti Franciste;;;;;;;;;;;;;;;;x,,,,,,,,,,,,,,,,,,,,,,;;;;;;;;;;;;;;;;;;;;;;;;;;;;;;;;;;;;;;;;;;;
FRA_reactionary_2;Droite Nationaliste;;;;;;;;;;;;;;x,,,,,,,,,,,,,,,,,,,,,,;;;;;;;;;;;;;;;;;;;;;;;;;;;;;;;;;;;;;;;;;;;;;
FRA_anarcho_liberal;RÈpublicain Radical;;;;;;;;;;;;;x,,,,,,,,,,,,,,,,,,,,,,;;;;;;;;;;;;;;;;;;;;;;;;;;;;;;;;;;;;;;;;;;;;;;
GER_fascist;NSDAP;;;;;;;;;;;;;;;;;;;;;;;;;x;;;;;;;;;;;;;;;;;;;;;;;;;;;;;;;;;;,,,,,,,,,,,,,,,,,,,,,,
POL_fascist;ONR-Falanga;;;;;;;;;;;;;;;;;;;;;;;;;x;;;;;;;;;;;;;;;;;;;;;;;;;;;;;;;;;;,,,,,,,,,,,,,,,,,,,,,,
HAI_conservative;Parti National;;;;;;;;;;;;;;;;;;;x;;;;;;;;;;;;;;;;;;;;;;;;;;;;;;;;;;;;;;;;,,,,,,,,,,,,,,,,,,,,,,
HAI_liberal;Parti Liberal;;;;;;;;;;;;;;;;;;;x;;;;;;;;;;;;;;;;;;;;;;;;;;;;;;;;;;;;;;;;,,,,,,,,,,,,,,,,,,,,,,
HAI_reactionary;Haitien Nationaliste Parti;;;;;;;;;;;;;;;;;;;x;;;;;;;;;;;;;;;;;;;;;;;;;;;;;;;;;;;;;;;;,,,,,,,,,,,,,,,,,,,,,,
HAI_anarcho_liberal;Parti Radical;;;;;;;;;;;;;;;;;;;;x;;;;;;;;;;;;;;;;;;;;;;;;;;;;;;;;;;;;;;;,,,,,,,,,,,,,,,,,,,,,,
HAI_socialist;Parti Socialiste;;;;;;;;;;;;;;;;;;;;;;;;;x;;;;;;;;;;;;;;;;;;;;;;;;;;;;;;;;;;,,,,,,,,,,,,,,,,,,,,,,
HAI_communist;Parti Communiste Haitien;;;;;;;;;;;;;;;;;;;;;;;;;;;;;;x;;;;;;;;;;;;;;;;;;;;;;;;;;;;;,,,,,,,,,,,,,,,,,,,,,,
HAI_fascist;Parti Fasciste;;;;;;;;;;;;;;;;;;;;x;;;;;;;;;;;;;;;;;;;;;;;;;;;;;;;;;;;;;;;,,,,,,,,,,,,,,,,,,,,,,
CHK;Champassak;Champassak;Champassak;Champasak;Champasak;Champassak;Champassak;Champassak;;;;;;x;;;;;;;;;;;;;;;;;;;;;;;;;;;;;;;;;;;;;;;;;;;;;;,,,,,,,,,,,,,,,,,,,,,,
CHK_ADJ;Champassaki;champassak;Champassaki;Champasak;Champassak;Champassaki;Champassakijsk˝;;;;;;x;;;;;;;;;;;;;;;;;;;;;;;;;;;;;;;;;;;;;;;;;;;;;;;,,,,,,,,,,,,,,,,,,,,,,
CHK_conservative;Royal Faction;;;;;;;;;;;;x;;;;;;;;;;;;;;;;;;;;;;;;;;;;;;;;;;;;;;;;;;;;;;;,,,,,,,,,,,,,,,,,,,,,,
CHK_liberal;The Liberal Faction;;;;;;;;;;;;x;;;;;;;;;;;;;;;;;;;;;;;;;;;;;;;;;;;;;;;;;;;;;;;,,,,,,,,,,,,,,,,,,,,,,
CHK_reactionary;The Nationalist Faction;;;;;;;;;;;;x;;;;;;;;;;;;;;;;;;;;;;;;;;;;;;;;;;;;;;;;;;;;;;;,,,,,,,,,,,,,,,,,,,,,,
CHK_anarcho_liberal;The Radical Faction;;;;;;;;;;;;x;;;;;;;;;;;;;;;;;;;;;;;;;;;;;;;;;;;;;;;;;;;;;;;,,,,,,,,,,,,,,,,,,,,,,
CHK_socialist;The Socialist Faction;;;;;;;;;;;;x;;;;;;;;;;;;;;;;;;;;;;;;;;;;;;;;;;;;;;;;;;;;;;;,,,,,,,,,,,,,,,,,,,,,,
CHK_communist;The Communist Faction;;;;;;;;;;;;x;;;;;;;;;;;;;;;;;;;;;;;;;;;;;;;;;;;;;;;;;;;;;;;,,,,,,,,,,,,,,,,,,,,,,
CHK_fascist;The Fascist Faction;;;;;;;;;;;;x;;;;;;;;;;;;;;;;;;;;;;;;;;;;;;;;;;;;;;;;;;;;;;;,,,,,,,,,,,,,,,,,,,,,,
CRO_conservative;Hrvatska Stranka Prava;;;;;;;;;;;;;;;;;;;;;;;;;;;x;;;;;;;;;;;;;;;;;;;;;;;;;;;;;;;;,,,,,,,,,,,,,,,,,,,,,,
CRO_liberal;Narodna Stranka;;;;;;;;;;;;;;;;;;;;;;x;;;;;;;;;;;;;;;;;;;;;;;;;;;;;;;;;;;;;,,,,,,,,,,,,,,,,,,,,,,
CRO_reactionary;Nacionalisticka Partija;;;;;;;;;;;;;;;;;;;;;;;;x;;;;;;;;;;;;;;;;;;;;;;;;;;;;;;;;;;;,,,,,,,,,,,,,,,,,,,,,,
CRO_anarcho_liberal;Anarhisticki Partija;;;;;;;;;;;;;;;;;;;;;;x;;;;;;;;;;;;;;;;;;;;;;;;;;;;;;;;;;;;;,,,,,,,,,,,,,,,,,,,,,,
CRO_socialist;Socijalisticka Partija;;;;;;;;;;;;;;;;;;;x;;;;;;;;;;;;;;;;;;;;;;;;;;;;;;;;;;;;;;;;,,,,,,,,,,,,,,,,,,,,,,
CRO_communist;Komunisticka Partija;;;;;;;;;;;;;;;;;;;;;;;;;;;x;;;;;;;;;;;;;;;;;;;;;;;;;;;;;;;;,,,,,,,,,,,,,,,,,,,,,,
CRO_fascist;Ustasha;;;;;;;;;;;;;;;;;;;;x;;;;;;;;;;;;;;;;;;;;;;;;;;;;;;;;;;;;;;;,,,,,,,,,,,,,,,,,,,,,,
D01;$REGION$;;Das Kˆnigreich von $REGION$;;;;;;;;x;;;;;;;;;;;;;;;;;;;;;;;;;;;;;;;;;;;;;;;;;;;;;;;;;,,,,,,,,,,,,,,,,,,,,,,
D01_ADJ;$REGION$;;kˆnigstreu;;;;;;;;x;;;;;;;;;;;;;;;;;;;;;;;;;;;;;;;;;;;;;;;;;;;;;;;;;,,,,,,,,,,,,,,,,,,,,,,
D02;The Confederation of $REGION$;;Die Konfˆderation von $REGION$;;;;;;;;x;;;;;;;;;;;;;;;;;;;;;;;;;;;;;;;;;;;;;;;;;;;;;;;;;,,,,,,,,,,,,,,,,,,,,,,
D02_ADJ;$REGION$;;konfˆderiert;;;;;;;;x;;;;;;;;;;;;;;;;;;;;;;;;;;;;;;;;;;;;;;;;;;;;;;;;;,,,,,,,,,,,,,,,,,,,,,,
D03;Commonwealth of $REGION$;;Commonwealth von $REGION$;;;;;;;;x;;;;;;;;;;;;;;;;;;;;;;;;;;;;;;;;;;;;;;;;;;;;;;;;;,,,,,,,,,,,,,,,,,,,,,,
D03_ADJ;Commonwealth;;Commonwealth-;;;;;;;;x;;;;;;;;;;;;;;;;;;;;;;;;;;;;;;;;;;;;;;;;;;;;;;;;;,,,,,,,,,,,,,,,,,,,,,,
D04;$REGION$;;Die Republik von $REGION$;;;;;;;;x;;;;;;;;;;;;;;;;;;;;;;;;;;;;;;;;;;;;;;;;;;;;;;;;;,,,,,,,,,,,,,,,,,,,,,,
D04_ADJ;$REGION$;;republikanisch;;;;;;;;x;;;;;;;;;;;;;;;;;;;;;;;;;;;;;;;;;;;;;;;;;;;;;;;;;,,,,,,,,,,,,,,,,,,,,,,
D05;$REGION$ Free State;;Der $REGION$-Staat;;;;;;;;x;;;;;;;;;;;;;;;;;;;;;;;;;;;;;;;;;;;;;;;;;;;;;;;;;,,,,,,,,,,,,,,,,,,,,,,
D05_ADJ;$REGION$;;staatlich;;;;;;;;x;;;;;;;;;;;;;;;;;;;;;;;;;;;;;;;;;;;;;;;;;;;;;;;;;,,,,,,,,,,,,,,,,,,,,,,
D06;$REGION$;;Die Volksrepublik von $REGION$;;;;;;;;x;;;;;;;;;;;;;;;;;;;;;;;;;;;;;;;;;;;;;;;;;;;;;;;;;,,,,,,,,,,,,,,,,,,,,,,
D06_ADJ;$REGION$;;republikanisch;;;;;;;;x;;;;;;;;;;;;;;;;;;;;;;;;;;;;;;;;;;;;;;;;;;;;;;;;;,,,,,,,,,,,,,,,,,,,,,,
D07;The Free State of $REGION$;;Der Freistaat von $REGION$;;;;;;;;x;;;;;;;;;;;;;;;;;;;;;;;;;;;;;;;;;;;;;;;;;;;;;;;;;,,,,,,,,,,,,,,,,,,,,,,
D07_ADJ;$REGION$;;freistaatlich;;;;;;;;x;;;;;;;;;;;;;;;;;;;;;;;;;;;;;;;;;;;;;;;;;;;;;;;;;,,,,,,,,,,,,,,,,,,,,,,
D08;$REGION$;;Der Groﬂstaat von $REGION$;;;;;;;;x;;;;;;;;;;;;;;;;;;;;;;;;;;;;;;;;;;;;;;;;;;;;;;;;;,,,,,,,,,,,,,,,,,,,,,,
D08_ADJ;$REGION$;;groﬂstaatlich;;;;;;;;x;;;;;;;;;;;;;;;;;;;;;;;;;;;;;;;;;;;;;;;;;;;;;;;;;,,,,,,,,,,,,,,,,,,,,,,
D09;$REGION$;;Der Staat von $REGION$;;;;;;;;x;;;;;;;;;;;;;;;;;;;;;;;;;;;;;;;;;;;;;;;;;;;;;;;;;,,,,,,,,,,,,,,,,,,,,,,
D09_ADJ;$REGION$;;staatlich;;;;;;;;x;;;;;;;;;;;;;;;;;;;;;;;;;;;;;;;;;;;;;;;;;;;;;;;;;,,,,,,,,,,,,,,,,,,,,,,
D10;$REGION$;;Das F¸rstentum von $REGION$;;;;;;;;x;;;;;;;;;;;;;;;;;;;;;;;;;;;;;;;;;;;;;;;;;;;;;;;;;,,,,,,,,,,,,,,,,,,,,,,
D10_ADJ;$REGION$;;f¸rstlich;;;;;;;;x;;;;;;;;;;;;;;;;;;;;;;;;;;;;;;;;;;;;;;;;;;;;;;;;;,,,,,,,,,,,,,,,,,,,,,,
D11;$REGION$;;Die Demokratische Republik von $REGION$;;;;;;;;x;;;;;;;;;;;;;;;;;;;;;;;;;;;;;;;;;;;;;;;;;;;;;;;;;,,,,,,,,,,,,,,,,,,,,,,
D11_ADJ;$REGION$;;depublikanisch;;;;;;;;x;;;;;;;;;;;;;;;;;;;;;;;;;;;;;;;;;;;;;;;;;;;;;;;;;,,,,,,,,,,,,,,,,,,,,,,
D12;The $REGION$ Union;;Die $REGION$-Union;;;;;;;;x;;;;;;;;;;;;;;;;;;;;;;;;;;;;;;;;;;;;;;;;;;;;;;;;;,,,,,,,,,,,,,,,,,,,,,,
D12_ADJ;$REGION$;;Unions-;;;;;;;;x;;;;;;;;;;;;;;;;;;;;;;;;;;;;;;;;;;;;;;;;;;;;;;;;;,,,,,,,,,,,,,,,,,,,,,,
D13;$REGION$;;Das $REGION$-Kˆnigreich;;;;;;;;x;;;;;;;;;;;;;;;;;;;;;;;;;;;;;;;;;;;;;;;;;;;;;;;;;,,,,,,,,,,,,,,,,,,,,,,
D13_ADJ;$REGION$;;kˆnigstreu;;;;;;;;x;;;;;;;;;;;;;;;;;;;;;;;;;;;;;;;;;;;;;;;;;;;;;;;;;,,,,,,,,,,,,,,,,,,,,,,
D14;The Dominion of $REGION$;;Das Dominion von $REGION$;;;;;;;;x;;;;;;;;;;;;;;;;;;;;;;;;;;;;;;;;;;;;;;;;;;;;;;;;;,,,,,,,,,,,,,,,,,,,,,,
D14_ADJ;Dominion;;Dominions-;;;;;;;;x;;;;;;;;;;;;;;;;;;;;;;;;;;;;;;;;;;;;;;;;;;;;;;;;;,,,,,,,,,,,,,,,,,,,,,,
D15;$REGION$;;Das Groﬂherzogtum von $REGION$;;;;;;;;x;;;;;;;;;;;;;;;;;;;;;;;;;;;;;;;;;;;;;;;;;;;;;;;;;,,,,,,,,,,,,,,,,,,,,,,
D15_ADJ;$REGION$;;groﬂherzogstreu;;;;;;;;x;;;;;;;;;;;;;;;;;;;;;;;;;;;;;;;;;;;;;;;;;;;;;;;;;,,,,,,,,,,,,,,,,,,,,,,
D16;The $REGION$ Commonwealth;;Die $REGION$-Nation;;;;;;;;x;;;;;;;;;;;;;;;;;;;;;;;;;;;;;;;;;;;;;;;;;;;;;;;;;,,,,,,,,,,,,,,,,,,,,,,
D16_ADJ;$REGION$;;national;;;;;;;;x;;;;;;;;;;;;;;;;;;;;;;;;;;;;;;;;;;;;;;;;;;;;;;;;;,,,,,,,,,,,,,,,,,,,,,,
D17;The $REGION$ Federation;;Die $REGION$-Fˆderation;;;;;;;;x;;;;;;;;;;;;;;;;;;;;;;;;;;;;;;;;;;;;;;;;;;;;;;;;;,,,,,,,,,,,,,,,,,,,,,,
D17_ADJ;$REGION$;;Fˆderations-;;;;;;;;x;;;;;;;;;;;;;;;;;;;;;;;;;;;;;;;;;;;;;;;;;;;;;;;;;,,,,,,,,,,,,,,,,,,,,,,
D18;The United States of $REGION$;;Die Vereinigten Staaten von $REGION$;;;;;;;;x;;;;;;;;;;;;;;;;;;;;;;;;;;;;;;;;;;;;;;;;;;;;;;;;;,,,,,,,,,,,,,,,,,,,,,,
D18_ADJ;$REGION$;;Unions-;;;;;;;;x;;;;;;;;;;;;;;;;;;;;;;;;;;;;;;;;;;;;;;;;;;;;;;;;;,,,,,,,,,,,,,,,,,,,,,,
D19;The Union of $REGION$;;Die Demokratische Union von $REGION$;;;;;;;;x;;;;;;;;;;;;;;;;;;;;;;;;;;;;;;;;;;;;;;;;;;;;;;;;;,,,,,,,,,,,,,,,,,,,,,,
D19_ADJ;$REGION$;;Unions-;;;;;;;;x;;;;;;;;;;;;;;;;;;;;;;;;;;;;;;;;;;;;;;;;;;;;;;;;;,,,,,,,,,,,,,,,,,,,,,,
D20;$REGION$;;Das F¸rstentum von $REGION$;;;;;;;;x;;;;;;;;;;;;;;;;;;;;;;;;;;;;;;;;;;;;;;;;;;;;;;;;;,,,,,,,,,,,,,,,,,,,,,,
D20_ADJ;$REGION$;;f¸rstlich;;;;;;;;x;;;;;;;;;;;;;;;;;;;;;;;;;;;;;;;;;;;;;;;;;;;;;;;;;,,,,,,,,,,,,,,,,,,,,,,
D21;$REGION$;;Die Union von $REGION$;;;;;;;;x;;;;;;;;;;;;;;;;;;;;;;;;;;;;;;;;;;;;;;;;;;;;;;;;;,,,,,,,,,,,,,,,,,,,,,,
D21_ADJ;$REGION$;;Unions-;;;;;;;;x;;;;;;;;;;;;;;;;;;;;;;;;;;;;;;;;;;;;;;;;;;;;;;;;;,,,,,,,,,,,,,,,,,,,,,,
D22;$REGION$;;Die Demokratische Volksrepublik von $REGION$;;;;;;;;x;;;;;;;;;;;;;;;;;;;;;;;;;;;;;;;;;;;;;;;;;;;;;;;;;,,,,,,,,,,,,,,,,,,,,,,
D22_ADJ;$REGION$;;demokratisch-republikanisch;;;;;;;;x;;;;;;;;;;;;;;;;;;;;;;;;;;;;;;;;;;;;;;;;;;;;;;;;;,,,,,,,,,,,,,,,,,,,,,,
D23;$REGION$;;Das $REGION$-Gebiet;;;;;;;;x;;;;;;;;;;;;;;;;;;;;;;;;;;;;;;;;;;;;;;;;;;;;;;;;;,,,,,,,,,,,,,,,,,,,,,,
D23_ADJ;$REGION$;;ortsans‰ssig;;;;;;;;x;;;;;;;;;;;;;;;;;;;;;;;;;;;;;;;;;;;;;;;;;;;;;;;;;,,,,,,,,,,,,,,,,,,,,,,
D24;$REGION$;;Die Glorreiche Union von $REGION$;;;;;;;;x;;;;;;;;;;;;;;;;;;;;;;;;;;;;;;;;;;;;;;;;;;;;;;;;;,,,,,,,,,,,,,,,,,,,,,,
D24_ADJ;$REGION$;;glorreich;;;;;;;;x;;;;;;;;;;;;;;;;;;;;;;;;;;;;;;;;;;;;;;;;;;;;;;;;;,,,,,,,,,,,,,,,,,,,,,,
D25;$REGION$;;Das m‰chtige Gebiet von $REGION$;;;;;;;;x;;;;;;;;;;;;;;;;;;;;;;;;;;;;;;;;;;;;;;;;;;;;;;;;;,,,,,,,,,,,,,,,,,,,,,,
D25_ADJ;$REGION$;;m‰chtig;;;;;;;;x;;;;;;;;;;;;;;;;;;;;;;;;;;;;;;;;;;;;;;;;;;;;;;;;;,,,,,,,,,,,,,,,,,,,,,,
D26;The $REGION$ Free State;;Der $REGION$-Freistaat;;;;;;;;x;;;;;;;;;;;;;;;;;;;;;;;;;;;;;;;;;;;;;;;;;;;;;;;;;,,,,,,,,,,,,,,,,,,,,,,
D26_ADJ;$REGION$;;freistaatlich;;;;;;;;x;;;;;;;;;;;;;;;;;;;;;;;;;;;;;;;;;;;;;;;;;;;;;;;;;,,,,,,,,,,,,,,,,,,,,,,
D27;The $REGION$ Commonwealth;;$REGION$-Commonwealth;;;;;;;;x;;;;;;;;;;;;;;;;;;;;;;;;;;;;;;;;;;;;;;;;;;;;;;;;;,,,,,,,,,,,,,,,,,,,,,,
D27_ADJ;Commonwealth;;Commonwealth-;;;;;;;;x;;;;;;;;;;;;;;;;;;;;;;;;;;;;;;;;;;;;;;;;;;;;;;;;;,,,,,,,,,,,,,,,,,,,,,,
D28;The $REGION$ Confederacy;;Die $REGION$-Konfˆderation;;;;;;;;x;;;;;;;;;;;;;;;;;;;;;;;;;;;;;;;;;;;;;;;;;;;;;;;;;,,,,,,,,,,,,,,,,,,,,,,
D28_ADJ;Confederate;;konfˆderiert;;;;;;;;x;;;;;;;;;;;;;;;;;;;;;;;;;;;;;;;;;;;;;;;;;;;;;;;;;,,,,,,,,,,,,,,,,,,,,,,
D29;$REGION$;;Das Freie Volk von $REGION$;;;;;;;;x;;;;;;;;;;;;;;;;;;;;;;;;;;;;;;;;;;;;;;;;;;;;;;;;;,,,,,,,,,,,,,,,,,,,,,,
D29_ADJ;$REGION$;;frei;;;;;;;;x;;;;;;;;;;;;;;;;;;;;;;;;;;;;;;;;;;;;;;;;;;;;;;;;;,,,,,,,,,,,,,,,,,,,,,,
D30;$REGION$;;Die $REGION$-Republik;;;;;;;;x;;;;;;;;;;;;;;;;;;;;;;;;;;;;;;;;;;;;;;;;;;;;;;;;;,,,,,,,,,,,,,,,,,,,,,,
D30_ADJ;$REGION$;;republikanisch;;;;;;;;x;;;;;;;;;;;;;;;;;;;;;;;;;;;;;;;;;;;;;;;;;;;;;;;;;,,,,,,,,,,,,,,,,,,,,,,
D31;$REGION$;;Die Heilige Union von $REGION$;;;;;;;;x;;;;;;;;;;;;;;;;;;;;;;;;;;;;;;;;;;;;;;;;;;;;;;;;;,,,,,,,,,,,,,,,,,,,,,,
D31_ADJ;$REGION$;;zelotisch;;;;;;;;x;;;;;;;;;;;;;;;;;;;;;;;;;;;;;;;;;;;;;;;;;;;;;;;;;,,,,,,,,,,,,,,,,,,,,,,
D32;Union of $REGION$;;Die Volks-Union von $REGION$;;;;;;;;x;;;;;;;;;;;;;;;;;;;;;;;;;;;;;;;;;;;;;;;;;;;;;;;;;,,,,,,,,,,,,,,,,,,,,,,
D32_ADJ;$REGION$;;Unions-;;;;;;;;x;;;;;;;;;;;;;;;;;;;;;;;;;;;;;;;;;;;;;;;;;;;;;;;;;,,,,,,,,,,,,,,,,,,,,,,
D33;$REGION$ Federation;;Die Fˆderationsstaaten von $REGION$;;;;;;;;x;;;;;;;;;;;;;;;;;;;;;;;;;;;;;;;;;;;;;;;;;;;;;;;;;,,,,,,,,,,,,,,,,,,,,,,
D33_ADJ;Federation;;Fˆderations-;;;;;;;;x;;;;;;;;;;;;;;;;;;;;;;;;;;;;;;;;;;;;;;;;;;;;;;;;;,,,,,,,,,,,,,,,,,,,,,,
D34;$REGION$;;Der $REGION$-Fˆderationsstaat;;;;;;;;x;;;;;;;;;;;;;;;;;;;;;;;;;;;;;;;;;;;;;;;;;;;;;;;;;,,,,,,,,,,,,,,,,,,,,,,
D34_ADJ;$REGION$;;Fˆderations-;;;;;;;;x;;;;;;;;;;;;;;;;;;;;;;;;;;;;;;;;;;;;;;;;;;;;;;;;;,,,,,,,,,,,,,,,,,,,,,,
D35;The $REGION$ Confederation;;Die $REGION$-Konfˆderation;;;;;;;;x;;;;;;;;;;;;;;;;;;;;;;;;;;;;;;;;;;;;;;;;;;;;;;;;;,,,,,,,,,,,,,,,,,,,,,,
D35_ADJ;$REGION$;;konfˆderiert;;;;;;;;x;;;;;;;;;;;;;;;;;;;;;;;;;;;;;;;;;;;;;;;;;;;;;;;;;,,,,,,,,,,,,,,,,,,,,,,
D36;The $REGION$ Federation;;Die $REGION$-Fˆderation;;;;;;;;x;;;;;;;;;;;;;;;;;;;;;;;;;;;;;;;;;;;;;;;;;;;;;;;;;,,,,,,,,,,,,,,,,,,,,,,
D36_ADJ;$REGION$;;Fˆderations-;;;;;;;;x;;;;;;;;;;;;;;;;;;;;;;;;;;;;;;;;;;;;;;;;;;;;;;;;;,,,,,,,,,,,,,,,,,,,,,,
D37;The $REGION$ Union;;Die Fromme Union von $REGION$;;;;;;;;x;;;;;;;;;;;;;;;;;;;;;;;;;;;;;;;;;;;;;;;;;;;;;;;;;,,,,,,,,,,,,,,,,,,,,,,
D37_ADJ;$REGION$;;fromm;;;;;;;;x;;;;;;;;;;;;;;;;;;;;;;;;;;;;;;;;;;;;;;;;;;;;;;;;;,,,,,,,,,,,,,,,,,,,,,,
D38;$REGION$;;$REGION$-Land;;;;;;;;x;;;;;;;;;;;;;;;;;;;;;;;;;;;;;;;;;;;;;;;;;;;;;;;;;,,,,,,,,,,,,,,,,,,,,,,
D38_ADJ;$REGION$;;Landes-;;;;;;;;x;;;;;;;;;;;;;;;;;;;;;;;;;;;;;;;;;;;;;;;;;;;;;;;;;,,,,,,,,,,,,,,,,,,,,,,
D39;$REGION$;;Die Republik der Ruhe von $REGION$;;;;;;;;x;;;;;;;;;;;;;;;;;;;;;;;;;;;;;;;;;;;;;;;;;;;;;;;;;,,,,,,,,,,,,,,,,,,,,,,
D39_ADJ;$REGION$;;ruhig;;;;;;;;x;;;;;;;;;;;;;;;;;;;;;;;;;;;;;;;;;;;;;;;;;;;;;;;;;,,,,,,,,,,,,,,,,,,,,,,
D40;$REGION$;;Das Geheime Kˆnigreich von $REGION$;;;;;;;;x;;;;;;;;;;;;;;;;;;;;;;;;;;;;;;;;;;;;;;;;;;;;;;;;;,,,,,,,,,,,,,,,,,,,,,,
D40_ADJ;$REGION$;;geheim;;;;;;;;x;;;;;;;;;;;;;;;;;;;;;;;;;;;;;;;;;;;;;;;;;;;;;;;;;,,,,,,,,,,,,,,,,,,,,,,
D41;$REGION$;;Die Kommune von $REGION$;;;;;;;;x;;;;;;;;;;;;;;;;;;;;;;;;;;;;;;;;;;;;;;;;;;;;;;;;;,,,,,,,,,,,,,,,,,,,,,,
D41_ADJ;$REGION$;;kommunistisch;;;;;;;;x;;;;;;;;;;;;;;;;;;;;;;;;;;;;;;;;;;;;;;;;;;;;;;;;;,,,,,,,,,,,,,,,,,,,,,,
D42;Dominion of $REGION$;;Die $REGION$-Kommune;;;;;;;;x;;;;;;;;;;;;;;;;;;;;;;;;;;;;;;;;;;;;;;;;;;;;;;;;;,,,,,,,,,,,,,,,,,,,,,,
D42_ADJ;$REGION$;;kommunistisch;;;;;;;;x;;;;;;;;;;;;;;;;;;;;;;;;;;;;;;;;;;;;;;;;;;;;;;;;;,,,,,,,,,,,,,,,,,,,,,,
D43;$REGION$;;Die Arbeiter-Union von $REGION$;;;;;;;;x;;;;;;;;;;;;;;;;;;;;;;;;;;;;;;;;;;;;;;;;;;;;;;;;;,,,,,,,,,,,,,,,,,,,,,,
D43_ADJ;$REGION$;;Arbeiter-;;;;;;;;x;;;;;;;;;;;;;;;;;;;;;;;;;;;;;;;;;;;;;;;;;;;;;;;;;,,,,,,,,,,,,,,,,,,,,,,
D44;$REGION$;;Die Landgrafschaft von $REGION$;;;;;;;;x;;;;;;;;;;;;;;;;;;;;;;;;;;;;;;;;;;;;;;;;;;;;;;;;;,,,,,,,,,,,,,,,,,,,,,,
D44_ADJ;$REGION$;;landgrafschaftlich;;;;;;;;x;;;;;;;;;;;;;;;;;;;;;;;;;;;;;;;;;;;;;;;;;;;;;;;;;,,,,,,,,,,,,,,,,,,,,,,
D45;$REGION$;;Die Nation von $REGION$;;;;;;;;x;;;;;;;;;;;;;;;;;;;;;;;;;;;;;;;;;;;;;;;;;;;;;;;;;,,,,,,,,,,,,,,,,,,,,,,
D45_ADJ;$REGION$;;national;;;;;;;;x;;;;;;;;;;;;;;;;;;;;;;;;;;;;;;;;;;;;;;;;;;;;;;;;;,,,,,,,,,,,,,,,,,,,,,,
D46;$REGION$;;Die Heilige Region von $REGION$;;;;;;;;x;;;;;;;;;;;;;;;;;;;;;;;;;;;;;;;;;;;;;;;;;;;;;;;;;,,,,,,,,,,,,,,,,,,,,,,
D46_ADJ;$REGION$;;zelotisch;;;;;;;;x;;;;;;;;;;;;;;;;;;;;;;;;;;;;;;;;;;;;;;;;;;;;;;;;;,,,,,,,,,,,,,,,,,,,,,,
D47;The $REGION$ Dominion;;Das $REGION$-Dominion;;;;;;;;x;;;;;;;;;;;;;;;;;;;;;;;;;;;;;;;;;;;;;;;;;;;;;;;;;,,,,,,,,,,,,,,,,,,,,,,
D47_ADJ;$REGION$;;beherrschend;;;;;;;;x;;;;;;;;;;;;;;;;;;;;;;;;;;;;;;;;;;;;;;;;;;;;;;;;;,,,,,,,,,,,,,,,,,,,,,,
D48;$REGION$;;Der Volksstaat von $REGION$;;;;;;;;x;;;;;;;;;;;;;;;;;;;;;;;;;;;;;;;;;;;;;;;;;;;;;;;;;,,,,,,,,,,,,,,,,,,,,,,
D48_ADJ;$REGION$;;vˆlkisch;;;;;;;;x;;;;;;;;;;;;;;;;;;;;;;;;;;;;;;;;;;;;;;;;;;;;;;;;;,,,,,,,,,,,,,,,,,,,,,,
D49;$REGION$;;Das Hohe Kˆnigreich von $REGION$;;;;;;;;x;;;;;;;;;;;;;;;;;;;;;;;;;;;;;;;;;;;;;;;;;;;;;;;;;,,,,,,,,,,,,,,,,,,,,,,
D49_ADJ;$REGION$;;hochkˆniglich;;;;;;;;x;;;;;;;;;;;;;;;;;;;;;;;;;;;;;;;;;;;;;;;;;;;;;;;;;,,,,,,,,,,,,,,,,,,,,,,
D50;$REGION$;;Das Kleinere F¸rstentum von $REGION$;;;;;;;;x;;;;;;;;;;;;;;;;;;;;;;;;;;;;;;;;;;;;;;;;;;;;;;;;;,,,,,,,,,,,,,,,,,,,,,,
D50_ADJ;$REGION$;;f¸rstlich;;;;;;;;x;;;;;;;;;;;;;;;;;;;;;;;;;;;;;;;;;;;;;;;;;;;;;;;;;,,,,,,,,,,,,,,,,,,,,,,
ABU;United Arab Emirates;;;;;;;;;;;;x;;;;;;;;;;;;;;;;;;;;;;;;;;;;;;;;;;;;;;;;;;;;;;;,,,,,,,,,,,,,,,,,,,,,,
ABU_ADJ;Emirati;;;;;;;;;;;;x;;;;;;;;;;;;;;;;;;;;;;;;;;;;;;;;;;;;;;;;;;;;;;;,,,,,,,,,,,,,,,,,,,,,,
ABU_absolute_monarchy;The Trucial States;;;;;;;;;;;;x;;;;;;;;;;;;;;;;;;;;;;;;;;;;;;;;;;;;;;;;;;;;;;;,,,,,,,,,,,,,,,,,,,,,,
ABU_absolute_monarchy_ADJ;Trucial;;;;;;;;;;;;x;;;;;;;;;;;;;;;;;;;;;;;;;;;;;;;;;;;;;;;;;;;;;;;,,,,,,,,,,,,,,,,,,,,,,
ABU_bourgeois_dictatorship;United Arab Councils;;;;;;;;;;;;x;;;;;;;;;;;;;;;;;;;;;;;;;;;;;;;;;;;;;;;;;;;;;;;,,,,,,,,,,,,,,,,,,,,,,
ABU_bourgeois_dictatorship_ADJ;Arabic;;;;;;;;;;;;x;;;;;;;;;;;;;;;;;;;;;;;;;;;;;;;;;;;;;;;;;;;;;;;,,,,,,,,,,,,,,,,,,,,,,
ABU_fascist_dictatorship;The Emirate;;;;;;;;;;;;x;;;;;;;;;;;;;;;;;;;;;;;;;;;;;;;;;;;;;;;;;;;;;;;,,,,,,,,,,,,,,,,,,,,,,
ABU_fascist_dictatorship_ADJ;Emirati;;;;;;;;;;;;x;;;;;;;;;;;;;;;;;;;;;;;;;;;;;;;;;;;;;;;;;;;;;;;,,,,,,,,,,,,,,,,,,,,,,
ABU_proletarian_dictatorship;People's Arabic Republic;;;;;;;;;;;;x;;;;;;;;;;;;;;;;;;;;;;;;;;;;;;;;;;;;;;;;;;;;;;;,,,,,,,,,,,,,,,,,,,,,,
ABU_proletarian_dictatorship_ADJ;Arabic;;;;;;;;;;;;x;;;;;;;;;;;;;;;;;;;;;;;;;;;;;;;;;;;;;;;;;;;;;;;,,,,,,,,,,,,,,,,,,,,,,
ACR;Acre;;;;;;;;;;;;;x;;;;;;;;;;;;;;;;;;;;;;;;;;;;;;;;;;;;;;;;;;;;;;,,,,,,,,,,,,,,,,,,,,,,
ACR_ADJ;Acrean;;;;;;;;;;;;;x;;;;;;;;;;;;;;;;;;;;;;;;;;;;;;;;;;;;;;;;;;;;;;,,,,,,,,,,,,,,,,,,,,,,
ACR_liberal;Partido Liberal;Partido Liberal;Partido Liberal;;;;;;;;;;;;x;;;;;;;;;;;;;;;;;;;;;;;;;;;;;;;;;;;;;;;;;;;;;,,,,,,,,,,,,,,,,,,,,,,
ACR_conservative;Partido Conservador;Partido Conservador;Partido Conservador;;;;;;;;;;;;x;;;;;;;;;;;;;;;;;;;;;;;;;;;;;;;;;;;;;;;;;;;;;,,,,,,,,,,,,,,,,,,,,,,
ACR_reactionary;Partido Caramuru;Partido Caramuru;Partido Caramuru;;;;;;;;;;;;x;;;;;;;;;;;;;;;;;;;;;;;;;;;;;;;;;;;;;;;;;;;;;,,,,,,,,,,,,,,,,,,,,,,
ACR_anarcho_liberal;Partido Radical;Partido Radical;Partido Radical;;;;;;;;;;;;x;;;;;;;;;;;;;;;;;;;;;;;;;;;;;;;;;;;;;;;;;;;;;,,,,,,,,,,,,,,,,,,,,,,
ACR_socialist;Partido Socialist;Partido socialiste;Partido Socialist;;;;;;;;;;;;x;;;;;;;;;;;;;;;;;;;;;;;;;;;;;;;;;;;;;;;;;;;;;,,,,,,,,,,,,,,,,,,,,,,
ACR_communist;Partido Communist;Partido communiste;Partido Communist;;;;;;;;;;;;x;;;;;;;;;;;;;;;;;;;;;;;;;;;;;;;;;;;;;;;;;;;;;,,,,,,,,,,,,,,,,,,,,,,
ACR_fascist;Partido Fascist;Partido fasciste;Partido Fascist;;;;;;;;;;;;x;;;;;;;;;;;;;;;;;;;;;;;;;;;;;;;;;;;;;;;;;;;;;,,,,,,,,,,,,,,,,,,,,,,
EZO;Ezo;;;;;;;;;;;;;x;;;;;;;;;;;;;;;;;;;;;;;;;;;;;;;;;;;;;;;;;;;;;;,,,,,,,,,,,,,,,,,,,,,,
EZO_ADJ;Ezo;;;;;;;;;;;;;x;;;;;;;;;;;;;;;;;;;;;;;;;;;;;;;;;;;;;;;;;;;;;;,,,,,,,,,,,,,,,,,,,,,,
EZO_democracy;The Republic of Ezo;;;;;;;;;;;;x;;;;;;;;;;;;;;;;;;;;;;;;;;;;;;;;;;;;;;;;;;;;;;;,,,,,,,,,,,,,,,,,,,,,,
EZO_presidential_dictatorship;The Republic of Ezo;;;;;;;;;;;;x;;;;;;;;;;;;;;;;;;;;;;;;;;;;;;;;;;;;;;;;;;;;;;;,,,,,,,,,,,,,,,,,,,,,,
EZO_fascist_dictatorship;The Shogunate;;;;;;;;;;;;x;;;;;;;;;;;;;;;;;;;;;;;;;;;;;;;;;;;;;;;;;;;;;;;,,,,,,,,,,,,,,,,,,,,,,
EZO_proletarian_dictatorship;The People's Republic of Ezo;;;;;;;;;;;;x;;;;;;;;;;;;;;;;;;;;;;;;;;;;;;;;;;;;;;;;;;;;;;;,,,,,,,,,,,,,,,,,,,,,,
EZO_conservative;Shinsengumi;;;;;;;;;;;;;x;;;;;;;;;;;;;;;;;;;;;;;;;;;;;;;;;;;;;;;;;;;;;;,,,,,,,,,,,,,,,,,,,,,,
EZO_liberal;Shishi;;;;;;;;;;;;x;;;;;;;;;;;;;;;;;;;;;;;;;;;;;;;;;;;;;;;;;;;;;;;,,,,,,,,,,,,,,,,,,,,,,
EZO_socialist;Progressive Party;;;;;;;;;;;;;x;;;;;;;;;;;;;;;;;;;;;;;;;;;;;;;;;;;;;;;;;;;;;;,,,,,,,,,,,,,,,,,,,,,,
EZO_communist;Communist Party;;;;;;;;;;;;;x;;;;;;;;;;;;;;;;;;;;;;;;;;;;;;;;;;;;;;;;;;;;;;,,,,,,,,,,,,,,,,,,,,,,
EZO_reactionary;Bakufu Faction;;;;;;;;;;;;;x;;;;;;;;;;;;;;;;;;;;;;;;;;;;;;;;;;;;;;;;;;;;;;,,,,,,,,,,,,,,,,,,,,,,
EZO_anarcho_liberal;Radical Party;;;;;;;;;;;;;x;;;;;;;;;;;;;;;;;;;;;;;;;;;;;;;;;;;;;;;;;;;;;;,,,,,,,,,,,,,,,,,,,,,,
EZO_fascist;Kokutai Faction;;;;;;;;;;;;;x;;;;;;;;;;;;;;;;;;;;;;;;;;;;;;;;;;;;;;;;;;;;;;,,,,,,,,,,,,,,,,,,,,,,
AKH;Astrakhan;;;;;;;;;;;;x;;;;;;;;;;;;;;;;;;;;;;;;;;;;;;;;;;;;;;;;;;;;;;;,,,,,,,,,,,,,,,,,,,,,,
AKH_ADJ;Astrakhan;;;;;;;;;;;;x;;;;;;;;;;;;;;;;;;;;;;;;;;;;;;;;;;;;;;;;;;;;;;;,,,,,,,,,,,,,,,,,,,,,,
AKH_conservative;The Conservatives;Faction royale;Kˆnigsfraktion;;;;;;;;;;;x;;;;;;;;;;;;;;;;;;;;;;;;;;;;;;;;;;;;;;;;;;;;;;,,,,,,,,,,,,,,,,,,,,,,
AKH_liberal;The Liberals;Faction libÈrale;Die liberale Fraktion;;;;;;;;;;;x;;;;;;;;;;;;;;;;;;;;;;;;;;;;;;;;;;;;;;;;;;;;;;,,,,,,,,,,,,,,,,,,,,,,
AKH_reactionary;The Khanate Faction;Faction nationaliste;Die nationalistische Fraktion;;;;;;;;;;;x;;;;;;;;;;;;;;;;;;;;;;;;;;;;;;;;;;;;;;;;;;;;;;,,,,,,,,,,,,,,,,,,,,,,
AKH_anarcho_liberal;The Libertains;Faction radicale;Die radikale Fraktion;;;;;;;;;;;x;;;;;;;;;;;;;;;;;;;;;;;;;;;;;;;;;;;;;;;;;;;;;;,,,,,,,,,,,,,,,,,,,,,,
AKH_socialist;The Socialists;Faction socialiste;Die sozialistische Fraktion;;;;;;;;;;;x;;;;;;;;;;;;;;;;;;;;;;;;;;;;;;;;;;;;;;;;;;;;;;,,,,,,,,,,,,,,,,,,,,,,
AKH_communist;The Communists;Faction communiste;Die kommunistische Fraktion;;;;;;;;;;;x;;;;;;;;;;;;;;;;;;;;;;;;;;;;;;;;;;;;;;;;;;;;;;,,,,,,,,,,,,,,,,,,,,,,
AKH_fascist;The Mongolian Faction;Faction fasciste;Die faschistische Fraktion;;;;;;;;;;;x;;;;;;;;;;;;;;;;;;;;;;;;;;;;;;;;;;;;;;;;;;;;;;,,,,,,,,,,,,,,,,,,,,,,
ALS;Elsass;;;;;;;;;;;;;x;;;;;;;;;;;;;;;;;;;;;;;;;;;;;;;;;;;;;;;;;;;;;;,,,,,,,,,,,,,,,,,,,,,,
ALS_ADJ;Alsatian ;;;;;;;;;;;;;x;;;;;;;;;;;;;;;;;;;;;;;;;;;;;;;;;;;;;;;;;;;;;;,,,,,,,,,,,,,,,,,,,,,,
ALS_liberal;Liberaldem. Partei;Liberaldem. Partei;Liberaldem. Partei;;;;;;;;;;;;x;;;;;;;;;;;;;;;;;;;;;;;;;;;;;;;;;;;;;;;;;;;;;,,,,,,,,,,,,,,,,,,,,,,
ALS_conservative;Zentrumspartei;Zentrumspartei;Zentrumspartei;;;;;;;;;;;;x;;;;;;;;;;;;;;;;;;;;;;;;;;;;;;;;;;;;;;;;;;;;;,,,,,,,,,,,,,,,,,,,,,,
ALS_liberal_2;Nationalliberale ;Nationalliberale ;Nationalliberale ;;;;;;;;;;;;x;;;;;;;;;;;;;;;;;;;;;;;;;;;;;;;;;;;;;;;;;;;;;,,,,,,,,,,,,,,,,,,,,,,
ALS_socialist;Deutscher Arbeiterverein;Deutscher Arbeiterverein;Deutscher Arbeiterverein;;;;;;;;;;;;x;;;;;;;;;;;;;;;;;;;;;;;;;;;;;;;;;;;;;;;;;;;;;,,,,,,,,,,,,,,,,,,,,,,
ALS_reactionary;Nationale Partei;Nationale Partei;Nationale Partei;;;;;;;;;;;;x;;;;;;;;;;;;;;;;;;;;;;;;;;;;;;;;;;;;;;;;;;;;;,,,,,,,,,,,,,,,,,,,,,,
ALS_anarcho_liberal;Radical Arbeiterpartei;Arbeiterpartei radical;Radikale Arbeiterpartei;;;;;;;;;;;;x;;;;;;;;;;;;;;;;;;;;;;;;;;;;;;;;;;;;;;;;;;;;;,,,,,,,,,,,,,,,,,,,,,,
ALS_communist;Communist Arbeiterpartei;Arbeiterpartei communiste;Kommunistische Arbeiterpartei;;;;;;;;;;;;x;;;;;;;;;;;;;;;;;;;;;;;;;;;;;;;;;;;;;;;;;;;;;,,,,,,,,,,,,,,,,,,,,,,
ALS_fascist;NSDP;NSDP;NSDP;;;;;;;;;;;;x;;;;;;;;;;;;;;;;;;;;;;;;;;;;;;;;;;;;;;;;;;;;;,,,,,,,,,,,,,,,,,,,,,,
ALT;Altai Republic;;;;;;;;;;;;x;;;;;;;;;;;;;;;;;;;;;;;;;;;;;;;;;;;;;;;;;;;;;;;,,,,,,,,,,,,,,,,,,,,,,
ALT_absolute_monarchy;Altai Union;;;;;;;;;;;;x;;;;;;;;;;;;;;;;;;;;;;;;;;;;;;;;;;;;;;;;;;;;;;;,,,,,,,,,,,,,,,,,,,,,,
ALT_hms_government;Altai Union;;;;;;;;;;;;x;;;;;;;;;;;;;;;;;;;;;;;;;;;;;;;;;;;;;;;;;;;;;;;,,,,,,,,,,,,,,,,,,,,,,
ALT_prussian_constitutionalism;Altai Union;;;;;;;;;;;;x;;;;;;;;;;;;;;;;;;;;;;;;;;;;;;;;;;;;;;;;;;;;;;;,,,,,,,,,,,,,,,,,,,,,,
ALT_ADJ;Altaic;;;;;;;;;;;;x;;;;;;;;;;;;;;;;;;;;;;;;;;;;;;;;;;;;;;;;;;;;;;;,,,,,,,,,,,,,,,,,,,,,,
ALT_conservative;The Conservatives;Faction royale;Kˆnigsfraktion;;;;;;;;;;;x;;;;;;;;;;;;;;;;;;;;;;;;;;;;;;;;;;;;;;;;;;;;;;,,,,,,,,,,,,,,,,,,,,,,
ALT_liberal;The Liberals;Faction libÈrale;Die liberale Fraktion;;;;;;;;;;;x;;;;;;;;;;;;;;;;;;;;;;;;;;;;;;;;;;;;;;;;;;;;;;,,,,,,,,,,,,,,,,,,,,,,
ALT_reactionary;The Khanate Faction;Faction nationaliste;Die nationalistische Fraktion;;;;;;;;;;;x;;;;;;;;;;;;;;;;;;;;;;;;;;;;;;;;;;;;;;;;;;;;;;,,,,,,,,,,,,,,,,,,,,,,
ALT_anarcho_liberal;The Libertains;Faction radicale;Die radikale Fraktion;;;;;;;;;;;x;;;;;;;;;;;;;;;;;;;;;;;;;;;;;;;;;;;;;;;;;;;;;;,,,,,,,,,,,,,,,,,,,,,,
ALT_socialist;The Socialists;Faction socialiste;Die sozialistische Fraktion;;;;;;;;;;;x;;;;;;;;;;;;;;;;;;;;;;;;;;;;;;;;;;;;;;;;;;;;;;,,,,,,,,,,,,,,,,,,,,,,
ALT_communist;The Communists;Faction communiste;Die kommunistische Fraktion;;;;;;;;;;;x;;;;;;;;;;;;;;;;;;;;;;;;;;;;;;;;;;;;;;;;;;;;;;,,,,,,,,,,,,,,,,,,,,,,
ALT_fascist;The Mongolian Faction;Faction fasciste;Die faschistische Fraktion;;;;;;;;;;;x;;;;;;;;;;;;;;;;;;;;;;;;;;;;;;;;;;;;;;;;;;;;;;,,,,,,,,,,,,,,,,,,,,,,
ANG;Angola;;;;;;;;;;;;x;;;;;;;;;;;;;;;;;;;;;;;;;;;;;;;;;;;;;;;;;;;;;;;,,,,,,,,,,,,,,,,,,,,,,
ANG_ADJ;Angolan;;;;;;;;;;;;x;;;;;;;;;;;;;;;;;;;;;;;;;;;;;;;;;;;;;;;;;;;;;;;,,,,,,,,,,,,,,,,,,,,,,
ANG_liberal;Liberal Democratic Party;;;;;;;;;;;;x;;;;;;;;;;;;;;;;;;;;;;;;;;;;;;;;;;;;;;;;;;;;;;;,,,,,,,,,,,,,,,,,,,,,,
ANG_conservative;FNLA;;;;;;;;;;;;x;;;;;;;;;;;;;;;;;;;;;;;;;;;;;;;;;;;;;;;;;;;;;;;,,,,,,,,,,,,,,,,,,,,,,
ANG_socialist;Social Renewal Party;;;;;;;;;;;;x;;;;;;;;;;;;;;;;;;;;;;;;;;;;;;;;;;;;;;;;;;;;;;;,,,,,,,,,,,,,,,,,,,,,,
ANG_reactionary;UNITA;;;;;;;;;;;;x;;;;;;;;;;;;;;;;;;;;;;;;;;;;;;;;;;;;;;;;;;;;;;;,,,,,,,,,,,,,,,,,,,,,,
ANG_anarcho_liberal;Radical-Liberal Party of Angola;;;;;;;;;;;;x;;;;;;;;;;;;;;;;;;;;;;;;;;;;;;;;;;;;;;;;;;;;;;;,,,,,,,,,,,,,,,,,,,,,,
ANG_communist;MPLA;;;;;;;;;;;;x;;;;;;;;;;;;;;;;;;;;;;;;;;;;;;;;;;;;;;;;;;;;;;;,,,,,,,,,,,,,,,,,,,,,,
ANG_fascist;Fascist Party of Angola;;;;;;;;;;;;x;;;;;;;;;;;;;;;;;;;;;;;;;;;;;;;;;;;;;;;;;;;;;;;,,,,,,,,,,,,,,,,,,,,,,
ANI_absolute_monarchy;Antillean Empire;Empire of Antillia;Empire of Antillia;;Empire of Antillia;;;;;;;;;x ;;;;;;;;;;;;;;;;;;;;;;;;;;;;;;;;;;;;;;;;;;;;;;,,,,,,,,,,,,,,,,,,,,,,
ANI_proletarian_dictatorship;Antillean Republic;the Red Indies;the Red Indies;;the Red Indies;;;;;;;;;x ;;;;;;;;;;;;;;;;;;;;;;;;;;;;;;;;;;;;;;;;;;;;;;,,,,,,,,,,,,,,,,,,,,,,
ANI_presidential_dictatorship;Antillean Republic;Republic of Antillia;Republic of Antillia;;Republic of Antillia;;;;;;;;;x ;;;;;;;;;;;;;;;;;;;;;;;;;;;;;;;;;;;;;;;;;;;;;;,,,,,,,,,,,,,,,,,,,,,,
ANI_fascist_dictatorship;Antillean Republic;the Black Isles;the Black Isles;;the Black Isles;;;;;;;;;x ;;;;;;;;;;;;;;;;;;;;;;;;;;;;;;;;;;;;;;;;;;;;;;,,,,,,,,,,,,,,,,,,,,,,
ANI_bourgeois_dictatorship;Antillean Republic;Pirates of the Caribbean;Pirates of the Caribbean;Pirates of the Caribbean;;;;;;;;;x ;;;;;;;;;;;;;;;;;;;;;;;;;;;;;;;;;;;;;;;;;;;;;;;,,,,,,,,,,,,,,,,,,,,,,
ANI;Antilles Confederation;Republic of Antillia;Republic of Antillia;;Republic of Antillia;;;;;;;;;x;;;;;;;;;;;;;;;;;;;;;;;;;;;;;;;;;;;;;;;;;;;;;;,,,,,,,,,,,,,,,,,,,,,,
ANI_ADJ;Antillean;Antillean;Antillean;;Antillean;;;;;;;;;x;;;;;;;;;;;;;;;;;;;;;;;;;;;;;;;;;;;;;;;;;;;;;;,,,,,,,,,,,,,,,,,,,,,,
ANT;Del-Mogyr;;;;;;;;;;;;x;;;;;;;;;;;;;;;;;;;;;;;;;;;;;;;;;;;;;;;;;;;;;;;,,,,,,,,,,,,,,,,,,,,,,
ANT_ADJ;Anatolian;;;;;;;;;;;;x;;;;;;;;;;;;;;;;;;;;;;;;;;;;;;;;;;;;;;;;;;;;;;;,,,,,,,,,,,,,,,,,,,,,,
ANT_absolute_monarchy;Kingdom of Del-Mogyr;;;;;;;;;;;;x;;;;;;;;;;;;;;;;;;;;;;;;;;;;;;;;;;;;;;;;;;;;;;;,,,,,,,,,,,,,,,,,,,,,,
ANT_proletarian_dictatorship;Mogyr Sea Commune;;;;;;;;;;;;x;;;;;;;;;;;;;;;;;;;;;;;;;;;;;;;;;;;;;;;;;;;;;;;,,,,,,,,,,,,,,,,,,,,,,
ANT_presidential_dictatorship;Protectorate of the Mogyr Sea;;;;;;;;;;;;x;;;;;;;;;;;;;;;;;;;;;;;;;;;;;;;;;;;;;;;;;;;;;;;,,,,,,,,,,,,,,,,,,,,,,
ANT_fascist_dictatorship;Pontic-Mogyr Empire;;;;;;;;;;;;x;;;;;;;;;;;;;;;;;;;;;;;;;;;;;;;;;;;;;;;;;;;;;;;,,,,,,,,,,,,,,,,,,,,,,
ANT_bourgeois_dictatorship;Pontic Republic;;;;;;;;;;;;x;;;;;;;;;;;;;;;;;;;;;;;;;;;;;;;;;;;;;;;;;;;;;;;,,,,,,,,,,,,,,,,,,,,,,
ANT_prussian_constitutionalism;Kingdom of Del-Mogyr;;;;;;;;;;;;x;;;;;;;;;;;;;;;;;;;;;;;;;;;;;;;;;;;;;;;;;;;;;;;,,,,,,,,,,,,,,,,,,,,,,
ANT_hms_government;Kingdom of Del-Mogyr;;;;;;;;;;;;x;;;;;;;;;;;;;;;;;;;;;;;;;;;;;;;;;;;;;;;;;;;;;;;,,,,,,,,,,,,,,,,,,,,,,
ANT_democracy;Republic of Del-Mogyr;;;;;;;;;;;;x;;;;;;;;;;;;;;;;;;;;;;;;;;;;;;;;;;;;;;;;;;;;;;;,,,,,,,,,,,,,,,,,,,,,,
ANT_colonial_company;Themata of Pontus-Mogyr;;;;;;;;;;;;x;;;;;;;;;;;;;;;;;;;;;;;;;;;;;;;;;;;;;;;;;;;;;;;,,,,,,,,,,,,,,,,,,,,,,
AOT;Aotearoa;Aotearoa;Aotearoa;;;;;;;;;;;x;;;;;;;;;;;;;;;;;;;;;;;;;;;;;;;;;;;;;;;;;;;;;;,,,,,,,,,,,,,,,,,,,,,,
AOT_ADJ;Maori;Maori;Maori;;;;;;;;;;;x;;;;;;;;;;;;;;;;;;;;;;;;;;;;;;;;;;;;;;;;;;;;;;,,,,,,,,,,,,,,,,,,,,,,
AOT_conservative;Kingitanga;Kingitanga;Kingitanga;;;;;;;;;;;x;;;;;;;;;;;;;;;;;;;;;;;;;;;;;;;;;;;;;;;;;;;;;;,,,,,,,,,,,,,,,,,,,,,,
AOT_liberal;Ropu o te Rangatahi;Ropu o te Rangatahi;Ropu o te Rangatahi;;;;;;;;;;;x;;;;;;;;;;;;;;;;;;;;;;;;;;;;;;;;;;;;;;;;;;;;;;,,,,,,,,,,,,,,,,,,,,,,
AOT_socialist;Ratana;Ratana;Ratana;;;;;;;;;;;x;;;;;;;;;;;;;;;;;;;;;;;;;;;;;;;;;;;;;;;;;;;;;;,,,,,,,,,,,,,,,,,,,,,,
AOT_communist;Toputanga-a-iwi;Toputanga-a-iwi;Toputanga-a-iwi;;;;;;;;;;;x;;;;;;;;;;;;;;;;;;;;;;;;;;;;;;;;;;;;;;;;;;;;;;,,,,,,,,,,,,,,,,,,,,,,
AOT_reactionary;Kauhanganui;Kauhanganui;Kauhanganui;;;;;;;;;;;x;;;;;;;;;;;;;;;;;;;;;;;;;;;;;;;;;;;;;;;;;;;;;;,,,,,,,,,,,,,,,,,,,,,,
AOT_anarcho_liberal;Mana Maori Motuhake;Mana Maori Motuhake;Mana Maori Motuhake;;;;;;;;;;;x;;;;;;;;;;;;;;;;;;;;;;;;;;;;;;;;;;;;;;;;;;;;;;,,,,,,,,,,,,,,,,,,,,,,
AOT_fascist;Kawanatanga Whakahawini;Kawanatanga Whakahawini;Kawanatanga Whakahawini;;;;;;;;;;;x;;;;;;;;;;;;;;;;;;;;;;;;;;;;;;;;;;;;;;;;;;;;;;,,,,,,,,,,,,,,,,,,,,,,
ARA;Arabia;;;;;;;;;;;;x;;;;;;;;;;;;;;;;;;;;;;;;;;;;;;;;;;;;;;;;;;;;;;;,,,,,,,,,,,,,,,,,,,,,,
ARA_ADJ;Arabian;;;;;;;;;;;;x;;;;;;;;;;;;;;;;;;;;;;;;;;;;;;;;;;;;;;;;;;;;;;;,,,,,,,,,,,,,,,,,,,,,,
ARA_reactionary;Al Sa'ud;;;;;;;;;;;;;x;;;;;;;;;;;;;;;;;;;;;;;;;;;;;;;;;;;;;;;;;;;;;;,,,,,,,,,,,,,,,,,,,,,,
ARA_reactionary2;Al Rashid;;;;;;;;;;;;;x;;;;;;;;;;;;;;;;;;;;;;;;;;;;;;;;;;;;;;;;;;;;;;,,,,,,,,,,,,,,,,,,,,,,
ARA_conservative;Al Muhafidh;;;;;;;;;;;;;x;;;;;;;;;;;;;;;;;;;;;;;;;;;;;;;;;;;;;;;;;;;;;;,,,,,,,,,,,,,,,,,,,,,,
ARA_liberal;Al Mutaharir;;;;;;;;;;;;;x;;;;;;;;;;;;;;;;;;;;;;;;;;;;;;;;;;;;;;;;;;;;;;,,,,,,,,,,,,,,,,,,,,,,
ARA_anarcho_liberal;Al Anarkiliberali;;;;;;;;;;;;;x;;;;;;;;;;;;;;;;;;;;;;;;;;;;;;;;;;;;;;;;;;;;;;,,,,,,,,,,,,,,,,,,,,,,
ARA_socialist;Al Ishtiraki;;;;;;;;;;;;;x;;;;;;;;;;;;;;;;;;;;;;;;;;;;;;;;;;;;;;;;;;;;;;,,,,,,,,,,,,,,,,,,,,,,
ARA_communist;Al Shiu'i;;;;;;;;;;;;;x;;;;;;;;;;;;;;;;;;;;;;;;;;;;;;;;;;;;;;;;;;;;;;,,,,,,,,,,,,,,,,,,,,,,
ARA_fascist;Al Fashi;;;;;;;;;;;;;x;;;;;;;;;;;;;;;;;;;;;;;;;;;;;;;;;;;;;;;;;;;;;;,,,,,,,,,,,,,,,,,,,,,,
ARU;Arab Union;;;;;;;;;;;;;x;;;;;;;;;;;;;;;;;;;;;;;;;;;;;;;;;;;;;;;;;;;;;;,,,,,,,,,,,,,,,,,,,,,,
ARU_ADJ;Arabic;;;;;;;;;;;;;x;;;;;;;;;;;;;;;;;;;;;;;;;;;;;;;;;;;;;;;;;;;;;;,,,,,,,,,,,,,,,,,,,,,,
ARU_proletarian_dictatorship;Arab People's Republic;;;;;;;;;;;;;x;;;;;;;;;;;;;;;;;;;;;;;;;;;;;;;;;;;;;;;;;;;;;;,,,,,,,,,,,,,,,,,,,,,,
ARU_fascist_dictatorship;Arab Republic;;;;;;;;;;;;;x;;;;;;;;;;;;;;;;;;;;;;;;;;;;;;;;;;;;;;;;;;;;;;,,,,,,,,,,,,,,,,,,,,,,
ARU_presidential_dictatorship;Arab Republic;;;;;;;;;;;;;x;;;;;;;;;;;;;;;;;;;;;;;;;;;;;;;;;;;;;;;;;;;;;;,,,,,,,,,,,,,,,,,,,,,,
ARU_bourgeois_dictatorship;Arab Republic;;;;;;;;;;;;;x;;;;;;;;;;;;;;;;;;;;;;;;;;;;;;;;;;;;;;;;;;;;;;,,,,,,,,,,,,,,,,,,,,,,
ARU_democracy;United Arab States;;;;;;;;;;;;;x;;;;;;;;;;;;;;;;;;;;;;;;;;;;;;;;;;;;;;;;;;;;;;,,,,,,,,,,,,,,,,,,,,,,
ASR;Asir;;;;;;;;;;;;x;;;;;;;;;;;;;;;;;;;;;;;;;;;;;;;;;;;;;;;;;;;;;;;,,,,,,,,,,,,,,,,,,,,,,
ASR_ADJ;Asiri;;;;;;;;;;;;x;;;;;;;;;;;;;;;;;;;;;;;;;;;;;;;;;;;;;;;;;;;;;;;,,,,,,,,,,,,,,,,,,,,,,
ASR_absolute_monarchy_ADJ;Idrisi;;;;;;;;;;;;x;;;;;;;;;;;;;;;;;;;;;;;;;;;;;;;;;;;;;;;;;;;;;;;,,,,,,,,,,,,,,,,,,,,,,
ASR_prussian_constitutionalism_ADJ;Idrisi;;;;;;;;;;;;x;;;;;;;;;;;;;;;;;;;;;;;;;;;;;;;;;;;;;;;;;;;;;;;,,,,,,,,,,,,,,,,,,,,,,
ASR_hms_government_ADJ;Idrisi;;;;;;;;;;;;x;;;;;;;;;;;;;;;;;;;;;;;;;;;;;;;;;;;;;;;;;;;;;;;,,,,,,,,,,,,,,,,,,,,,,
ASR_reactionary;Hizb al-Hashemiyya al-Urduni;;;;;;;;;;;;;x;;;;;;;;;;;;;;;;;;;;;;;;;;;;;;;;;;;;;;;;;;;;;;,,,,,,,,,,,,,,,,,,,,,,
ASR_conservative;Hizb al-Wasat al-Islami;;;;;;;;;;;;;x;;;;;;;;;;;;;;;;;;;;;;;;;;;;;;;;;;;;;;;;;;;;;;,,,,,,,,,,,,,,,,,,,,,,
ASR_liberal;Yasari-d-al-Dimaqrati al-Urduni;;;;;;;;;;;;;x;;;;;;;;;;;;;;;;;;;;;;;;;;;;;;;;;;;;;;;;;;;;;;,,,,,,,,,,,,,,,,,,,,,,
ASR_anarcho_liberal;Al Anarkiliberali;;;;;;;;;;;;;x;;;;;;;;;;;;;;;;;;;;;;;;;;;;;;;;;;;;;;;;;;;;;;,,,,,,,,,,,,,,,,,,,,,,
ASR_socialist;Hizb al-Baath al-Ishtiraki al-Urduni;;;;;;;;;;;;;x;;;;;;;;;;;;;;;;;;;;;;;;;;;;;;;;;;;;;;;;;;;;;;,,,,,,,,,,,,,,,,,,,,,,
ASR_communist;Al-Hizb al-Shuyui al-Urduni;;;;;;;;;;;;;x;;;;;;;;;;;;;;;;;;;;;;;;;;;;;;;;;;;;;;;;;;;;;;,,,,,,,,,,,,,,,,,,,,,,
ASR_fascist;Hizb al-Mustaqbal;;;;;;;;;;;;;x;;;;;;;;;;;;;;;;;;;;;;;;;;;;;;;;;;;;;;;;;;;;;;,,,,,,,,,,,,,,,,,,,,,,
ASM;Assam;;;;;;;;;;;;x;;;;;;;;;;;;;;;;;;;;;;;;;;;;;;;;;;;;;;;;;;;;;;;,,,,,,,,,,,,,,,,,,,,,,
ASM_ADJ;Assamese;;;;;;;;;;;;x;;;;;;;;;;;;;;;;;;;;;;;;;;;;;;;;;;;;;;;;;;;;;;;,,,,,,,,,,,,,,,,,,,,,,
ASM_fascist_dictatorship;Assamese Republic;;;;;;;;;;;;x;;;;;;;;;;;;;;;;;;;;;;;;;;;;;;;;;;;;;;;;;;;;;;;,,,,,,,,,,,,,,,,,,,,,,
ASM_presidential_dictatorship;Assamese Republic;;;;;;;;;;;;x;;;;;;;;;;;;;;;;;;;;;;;;;;;;;;;;;;;;;;;;;;;;;;;,,,,,,,,,,,,,,,,,,,,,,
ASM_bourgeois_dictatorship;Assamese Republic;;;;;;;;;;;;x;;;;;;;;;;;;;;;;;;;;;;;;;;;;;;;;;;;;;;;;;;;;;;;,,,,,,,,,,,,,,,,,,,,,,
ASM_conservative;Royal Faction;;;;;;;;;;;;x;;;;;;;;;;;;;;;;;;;;;;;;;;;;;;;;;;;;;;;;;;;;;;;,,,,,,,,,,,,,,,,,,,,,,
ASM_liberal;The Liberal Faction;;;;;;;;;;;;x;;;;;;;;;;;;;;;;;;;;;;;;;;;;;;;;;;;;;;;;;;;;;;;,,,,,,,,,,,,,,,,,,,,,,
ASM_reactionary;The Nationalist Faction;;;;;;;;;;;;x;;;;;;;;;;;;;;;;;;;;;;;;;;;;;;;;;;;;;;;;;;;;;;;,,,,,,,,,,,,,,,,,,,,,,
ASM_anarcho_liberal;The Radical Faction;;;;;;;;;;;;x;;;;;;;;;;;;;;;;;;;;;;;;;;;;;;;;;;;;;;;;;;;;;;;,,,,,,,,,,,,,,,,,,,,,,
ASM_socialist;The Socialist Faction;;;;;;;;;;;;x;;;;;;;;;;;;;;;;;;;;;;;;;;;;;;;;;;;;;;;;;;;;;;;,,,,,,,,,,,,,,,,,,,,,,
ASM_communist;The Communist Faction;;;;;;;;;;;;x;;;;;;;;;;;;;;;;;;;;;;;;;;;;;;;;;;;;;;;;;;;;;;;,,,,,,,,,,,,,,,,,,,,,,
ASM_fascist;The Fascist Faction;;;;;;;;;;;;x;;;;;;;;;;;;;;;;;;;;;;;;;;;;;;;;;;;;;;;;;;;;;;;,,,,,,,,,,,,,,,,,,,,,,
ASY;Assyria;;;;;;;;;;;;x;;;;;;;;;;;;;;;;;;;;;;;;;;;;;;;;;;;;;;;;;;;;;;;,,,,,,,,,,,,,,,,,,,,,,
ASY_ADJ;Assyrian;;;;;;;;;;;;x;;;;;;;;;;;;;;;;;;;;;;;;;;;;;;;;;;;;;;;;;;;;;;;,,,,,,,,,,,,,,,,,,,,,,
ASY_fascist_dictatorship;Aramaea;;;;;;;;;;;;x;;;;;;;;;;;;;;;;;;;;;;;;;;;;;;;;;;;;;;;;;;;;;;;,,,,,,,,,,,,,,,,,,,,,,
ASY_fascist_dictatorship_ADJ;Aramaic;;;;;;;;;;;;x;;;;;;;;;;;;;;;;;;;;;;;;;;;;;;;;;;;;;;;;;;;;;;;,,,,,,,,,,,,,,,,,,,,,,
ATR;Asturias;Asturias;Asturias;;Asturias;;;;;;;;;x;;;;;;;;;;;;;;;;;;;;;;;;;;;;;;;;;;;;;;;;;;;;;;,,,,,,,,,,,,,,,,,,,,,,
ATR_ADJ;Asturian;Asturien;Asturisch;;Asturiano;;;;;;;;;x;;;;;;;;;;;;;;;;;;;;;;;;;;;;;;;;;;;;;;;;;;;;;;,,,,,,,,,,,,,,,,,,,,,,
ATR_conservative;Partido Moderado;Partido Moderado;Partido Moderado;;;;;;;;;;;x;;;;;;;;;;;;;;;;;;;;;;;;;;;;;;;;;;;;;;;;;;;;;;,,,,,,,,,,,,,,,,,,,,,,
ATR_liberal;Partido Progresista;Partido Progresista;Partido Progresista;;;;;;;;;;;x;;;;;;;;;;;;;;;;;;;;;;;;;;;;;;;;;;;;;;;;;;;;;;,,,,,,,,,,,,,,,,,,,,,,
ATR_reactionary;ComuniÛn Carlista;ComuniÛn Carlista;ComuniÛn Carlista;;;;;;;;;;;x;;;;;;;;;;;;;;;;;;;;;;;;;;;;;;;;;;;;;;;;;;;;;;,,,,,,,,,,,,,,,,,,,,,,
ATR_socialist;Partido Socialista;Partido Socialista;Partido Socialista;;;;;;;;;;;x;;;;;;;;;;;;;;;;;;;;;;;;;;;;;;;;;;;;;;;;;;;;;;,,,,,,,,,,,,,,,,,,,,,,
ATR_communist;FederaciÛn Regional;FederaciÛn Regional;FederaciÛn Regional;;;;;;;;;;;x;;;;;;;;;;;;;;;;;;;;;;;;;;;;;;;;;;;;;;;;;;;;;;,,,,,,,,,,,,,,,,,,,,,,
ATR_anarcho_liberal;Partido Radical;Partido Radical;Partido Radical;;;;;;;;;;;x;;;;;;;;;;;;;;;;;;;;;;;;;;;;;;;;;;;;;;;;;;;;;;,,,,,,,,,,,,,,,,,,,,,,
ATR_fascist;Falange;Falange;Falange;;;;;;;;;;;x;;;;;;;;;;;;;;;;;;;;;;;;;;;;;;;;;;;;;;;;;;;;;;,,,,,,,,,,,,,,,,,,,,,,
BAH;Bahia;;;;;;;;;;;;;x;;;;;;;;;;;;;;;;;;;;;;;;;;;;;;;;;;;;;;;;;;;;;;,,,,,,,,,,,,,,,,,,,,,,
BAH_ADJ;Bahian;;;;;;;;;;;;;x;;;;;;;;;;;;;;;;;;;;;;;;;;;;;;;;;;;;;;;;;;;;;;,,,,,,,,,,,,,,,,,,,,,,
BAH_liberal;Partido Liberal;Partido Liberal;Partido Liberal;;;;;;;;;;;;x;;;;;;;;;;;;;;;;;;;;;;;;;;;;;;;;;;;;;;;;;;;;;,,,,,,,,,,,,,,,,,,,,,,
BAH_conservative;Partido Conservador;Partido Conservador;Partido Conservador;;;;;;;;;;;;x;;;;;;;;;;;;;;;;;;;;;;;;;;;;;;;;;;;;;;;;;;;;;,,,,,,,,,,,,,,,,,,,,,,
BAH_reactionary;Partido Caramuru;Partido Caramuru;Partido Caramuru;;;;;;;;;;;;x;;;;;;;;;;;;;;;;;;;;;;;;;;;;;;;;;;;;;;;;;;;;;,,,,,,,,,,,,,,,,,,,,,,
BAH_conservative_2;Partido Paulista;Partido Paulista;Partido Paulista;;;;;;;;;;;;x;;;;;;;;;;;;;;;;;;;;;;;;;;;;;;;;;;;;;;;;;;;;;,,,,,,,,,,,,,,,,,,,,,,
BAH_liberal_2;Partido Carioca;Partido Carioca;Partido Carioca;;;;;;;;;;;;x;;;;;;;;;;;;;;;;;;;;;;;;;;;;;;;;;;;;;;;;;;;;;,,,,,,,,,,,,,,,,,,,,,,
BAH_anarcho_liberal;Partido Radical;Partido Radical;Partido Radical;;;;;;;;;;;;x;;;;;;;;;;;;;;;;;;;;;;;;;;;;;;;;;;;;;;;;;;;;;,,,,,,,,,,,,,,,,,,,,,,
BAH_socialist;Partido Socialist;Partido socialiste;Partido Socialist;;;;;;;;;;;;x;;;;;;;;;;;;;;;;;;;;;;;;;;;;;;;;;;;;;;;;;;;;;,,,,,,,,,,,,,,,,,,,,,,
BAH_communist;Partido Communist;Partido communiste;Partido Communist;;;;;;;;;;;;x;;;;;;;;;;;;;;;;;;;;;;;;;;;;;;;;;;;;;;;;;;;;;,,,,,,,,,,,,,,,,,,,,,,
BAH_fascist;Partido Fascist;Partido fasciste;Partido Fascist;;;;;;;;;;;;x;;;;;;;;;;;;;;;;;;;;;;;;;;;;;;;;;;;;;;;;;;;;;,,,,,,,,,,,,,,,,,,,,,,
BAN;Banat;;;;;;;;;;;;x;;;;;;;;;;;;;;;;;;;;;;;;;;;;;;;;;;;;;;;;;;;;;;;,,,,,,,,,,,,,,,,,,,,,,
BAN_democracy;Banat Republic;;;;;;;;;;;;x;;;;;;;;;;;;;;;;;;;;;;;;;;;;;;;;;;;;;;;;;;;;;;;,,,,,,,,,,,,,,,,,,,,,,
BAN_ADJ;Banati;;;;;;;;;;;;x;;;;;;;;;;;;;;;;;;;;;;;;;;;;;;;;;;;;;;;;;;;;;;;,,,,,,,,,,,,,,,,,,,,,,
BAN_conservative;The Conservatives;Faction royale;Kˆnigsfraktion;;;;;;;;;;;x;;;;;;;;;;;;;;;;;;;;;;;;;;;;;;;;;;;;;;;;;;;;;;,,,,,,,,,,,,,,,,,,,,,,
BAN_liberal;The Liberals;Faction libÈrale;Die liberale Fraktion;;;;;;;;;;;x;;;;;;;;;;;;;;;;;;;;;;;;;;;;;;;;;;;;;;;;;;;;;;,,,,,,,,,,,,,,,,,,,,,,
BAN_reactionary;The Royalist Faction;Faction nationaliste;Die nationalistische Fraktion;;;;;;;;;;;x;;;;;;;;;;;;;;;;;;;;;;;;;;;;;;;;;;;;;;;;;;;;;;,,,,,,,,,,,,,,,,,,,,,,
BAN_anarcho_liberal;The Libertains;Faction radicale;Die radikale Fraktion;;;;;;;;;;;x;;;;;;;;;;;;;;;;;;;;;;;;;;;;;;;;;;;;;;;;;;;;;;,,,,,,,,,,,,,,,,,,,,,,
BAN_socialist;The Socialists;Faction socialiste;Die sozialistische Fraktion;;;;;;;;;;;x;;;;;;;;;;;;;;;;;;;;;;;;;;;;;;;;;;;;;;;;;;;;;;,,,,,,,,,,,,,,,,,,,,,,
BAN_communist;The Communists;Faction communiste;Die kommunistische Fraktion;;;;;;;;;;;x;;;;;;;;;;;;;;;;;;;;;;;;;;;;;;;;;;;;;;;;;;;;;;,,,,,,,,,,,,,,,,,,,,,,
BAN_fascist;The Nationalist Faction;Faction fasciste;Die faschistische Fraktion;;;;;;;;;;;x;;;;;;;;;;;;;;;;;;;;;;;;;;;;;;;;;;;;;;;;;;;;;;,,,,,,,,,,,,,,,,,,,,,,
BAR;Barbados;;;;;;;;;;;;x;;;;;;;;;;;;;;;;;;;;;;;;;;;;;;;;;;;;;;;;;;;;;;;,,,,,,,,,,,,,,,,,,,,,,
BAR_ADJ;Barbadian;;;;;;;;;;;;x;;;;;;;;;;;;;;;;;;;;;;;;;;;;;;;;;;;;;;;;;;;;;;;,,,,,,,,,,,,,,,,,,,,,,
BHM;Bahamas;;;;;;;;;;;;x;;;;;;;;;;;;;;;;;;;;;;;;;;;;;;;;;;;;;;;;;;;;;;;,,,,,,,,,,,,,,,,,,,,,,
BHM_ADJ;Bahamian;;;;;;;;;;;;x;;;;;;;;;;;;;;;;;;;;;;;;;;;;;;;;;;;;;;;;;;;;;;;,,,,,,,,,,,,,,,,,,,,,,
BHR;Bahrain;;;;;;;;;;;;x;;;;;;;;;;;;;;;;;;;;;;;;;;;;;;;;;;;;;;;;;;;;;;;,,,,,,,,,,,,,,,,,,,,,,
BHR_ADJ;Bahraini;;;;;;;;;;;;x;;;;;;;;;;;;;;;;;;;;;;;;;;;;;;;;;;;;;;;;;;;;;;;,,,,,,,,,,,,,,,,,,,,,,
BHR_reactionary;Hizb al-Hashemiyya al-Urduni;;;;;;;;;;;;;x;;;;;;;;;;;;;;;;;;;;;;;;;;;;;;;;;;;;;;;;;;;;;;,,,,,,,,,,,,,,,,,,,,,,
BHR_conservative;Hizb al-Wasat al-Islami;;;;;;;;;;;;;x;;;;;;;;;;;;;;;;;;;;;;;;;;;;;;;;;;;;;;;;;;;;;;,,,,,,,,,,,,,,,,,,,,,,
BHR_liberal;Yasari-d-al-Dimaqrati al-Urduni;;;;;;;;;;;;;x;;;;;;;;;;;;;;;;;;;;;;;;;;;;;;;;;;;;;;;;;;;;;;,,,,,,,,,,,,,,,,,,,,,,
BHR_anarcho_liberal;Al Anarkiliberali;;;;;;;;;;;;;x;;;;;;;;;;;;;;;;;;;;;;;;;;;;;;;;;;;;;;;;;;;;;;,,,,,,,,,,,,,,,,,,,,,,
BHR_socialist;Hizb al-Baath al-Ishtiraki al-Urduni;;;;;;;;;;;;;x;;;;;;;;;;;;;;;;;;;;;;;;;;;;;;;;;;;;;;;;;;;;;;,,,,,,,,,,,,,,,,,,,,,,
BHR_communist;Al-Hizb al-Shuyui al-Urduni;;;;;;;;;;;;;x;;;;;;;;;;;;;;;;;;;;;;;;;;;;;;;;;;;;;;;;;;;;;;,,,,,,,,,,,,,,,,,,,,,,
BHR_fascist;Hizb al-Mustaqbal;;;;;;;;;;;;;x;;;;;;;;;;;;;;;;;;;;;;;;;;;;;;;;;;;;;;;;;;;;;;,,,,,,,,,,,,,,,,,,,,,,
BIH;Bihar;;;;;;;;;;;;x;;;;;;;;;;;;;;;;;;;;;;;;;;;;;;;;;;;;;;;;;;;;;;;,,,,,,,,,,,,,,,,,,,,,,
BIH_ADJ;Bihari;;;;;;;;;;;;x;;;;;;;;;;;;;;;;;;;;;;;;;;;;;;;;;;;;;;;;;;;;;;;,,,,,,,,,,,,,,,,,,,,,,
BIH_proletarian_dictatorship;Bihari People's Republic;;;;;;;;;;;;x;;;;;;;;;;;;;;;;;;;;;;;;;;;;;;;;;;;;;;;;;;;;;;;,,,,,,,,,,,,,,,,,,,,,,
BIH_conservative;Lok Janshakti Party;;;;;;;;;;;;x;;;;;;;;;;;;;;;;;;;;;;;;;;;;;;;;;;;;;;;;;;;;;;;,,,,,,,,,,,,,,,,,,,,,,
BIH_liberal;Samata Party;;;;;;;;;;;;x;;;;;;;;;;;;;;;;;;;;;;;;;;;;;;;;;;;;;;;;;;;;;;;,,,,,,,,,,,,,,,,,,,,,,
BIH_reactionary;Bihar Vikas;;;;;;;;;;;;x;;;;;;;;;;;;;;;;;;;;;;;;;;;;;;;;;;;;;;;;;;;;;;;,,,,,,,,,,,,,,,,,,,,,,
BIH_anarcho_liberal;Bihari Radical Party;;;;;;;;;;;;x;;;;;;;;;;;;;;;;;;;;;;;;;;;;;;;;;;;;;;;;;;;;;;;,,,,,,,,,,,,,,,,,,,,,,
BIH_socialist;Janata Dal;;;;;;;;;;;;x;;;;;;;;;;;;;;;;;;;;;;;;;;;;;;;;;;;;;;;;;;;;;;;,,,,,,,,,,,,,,,,,,,,,,
BIH_communist;Bihari Communist Party;;;;;;;;;;;;x;;;;;;;;;;;;;;;;;;;;;;;;;;;;;;;;;;;;;;;;;;;;;;;,,,,,,,,,,,,,,,,,,,,,,
BIH_fascist;Bihari Fascist Party;;;;;;;;;;;;x;;;;;;;;;;;;;;;;;;;;;;;;;;;;;;;;;;;;;;;;;;;;;;;,,,,,,,,,,,,,,,,,,,,,,
TMR;Timor;;;;;;;;;;;;x;;;;;;;;;;;;;;;;;;;;;;;;;;;;;;;;;;;;;;;;;;;;;;;,,,,,,,,,,,,,,,,,,,,,,
TMR_ADJ;Timorese;;;;;;;;;;;;x;;;;;;;;;;;;;;;;;;;;;;;;;;;;;;;;;;;;;;;;;;;;;;;,,,,,,,,,,,,,,,,,,,,,,
TMR_absolute_monarchy;Wehali;;;;;;;;;;;;x;;;;;;;;;;;;;;;;;;;;;;;;;;;;;;;;;;;;;;;;;;;;;;;,,,,,,,,,,,,,,,,,,,,,,
BKV;Dregovich;;;;;;;;;;;;x;;;;;;;;;;;;;;;;;;;;;;;;;;;;;;;;;;;;;;;;;;;;;;;,,,,,,,,,,,,,,,,,,,,,,
BKV_ADJ;Dregovichi;;;;;;;;;;;;x;;;;;;;;;;;;;;;;;;;;;;;;;;;;;;;;;;;;;;;;;;;;;;;,,,,,,,,,,,,,,,,,,,,,,
BLC;Baluchistan;;;;;;;;;;;;x;;;;;;;;;;;;;;;;;;;;;;;;;;;;;;;;;;;;;;;;;;;;;;;,,,,,,,,,,,,,,,,,,,,,,
BLC_ADJ;Baluchi;;;;;;;;;;;;x;;;;;;;;;;;;;;;;;;;;;;;;;;;;;;;;;;;;;;;;;;;;;;;,,,,,,,,,,,,,,,,,,,,,,
BLZ;Belize;;;;;;;;;;;;x;;;;;;;;;;;;;;;;;;;;;;;;;;;;;;;;;;;;;;;;;;;;;;;,,,,,,,,,,,,,,,,,,,,,,
BLZ_ADJ;Belizean;;;;;;;;;;;;x;;;;;;;;;;;;;;;;;;;;;;;;;;;;;;;;;;;;;;;;;;;;;;;,,,,,,,,,,,,,,,,,,,,,,
BNG;Bangladesh;;;;;;;;;;;;x;;;;;;;;;;;;;;;;;;;;;;;;;;;;;;;;;;;;;;;;;;;;;;;,,,,,,,,,,,,,,,,,,,,,,
BNG_ADJ;Bangladeshi;;;;;;;;;;;;x;;;;;;;;;;;;;;;;;;;;;;;;;;;;;;;;;;;;;;;;;;;;;;;,,,,,,,,,,,,,,,,,,,,,,
BNG_absolute_monarchy;Bengal;;;;;;;;;;;;x;;;;;;;;;;;;;;;;;;;;;;;;;;;;;;;;;;;;;;;;;;;;;;;,,,,,,,,,,,,,,,,,,,,,,
BNG_absolute_monarchy_ADJ;Bengali;;;;;;;;;;;;x;;;;;;;;;;;;;;;;;;;;;;;;;;;;;;;;;;;;;;;;;;;;;;;,,,,,,,,,,,,,,,,,,,,,,
BNG_prussian_constitutionalism;Bengal;;;;;;;;;;;;x;;;;;;;;;;;;;;;;;;;;;;;;;;;;;;;;;;;;;;;;;;;;;;;,,,,,,,,,,,,,,,,,,,,,,
BNG_prussian_constitutionalism_ADJ;Bengali;;;;;;;;;;;;x;;;;;;;;;;;;;;;;;;;;;;;;;;;;;;;;;;;;;;;;;;;;;;;,,,,,,,,,,,,,,,,,,,,,,
BNG_hms_government;Bengal;;;;;;;;;;;;x;;;;;;;;;;;;;;;;;;;;;;;;;;;;;;;;;;;;;;;;;;;;;;;,,,,,,,,,,,,,,,,,,,,,,
BNG_hms_government_ADJ;Bengali;;;;;;;;;;;;x;;;;;;;;;;;;;;;;;;;;;;;;;;;;;;;;;;;;;;;;;;;;;;;,,,,,,,,,,,,,,,,,,,,,,
BNG_proletarian_dictatorship;Bengali People's Republic;;;;;;;;;;;;x;;;;;;;;;;;;;;;;;;;;;;;;;;;;;;;;;;;;;;;;;;;;;;;,,,,,,,,,,,,,,,,,,,,,,
BNG_conservative;Awami League;;;;;;;;;;;;x;;;;;;;;;;;;;;;;;;;;;;;;;;;;;;;;;;;;;;;;;;;;;;;,,,,,,,,,,,,,,,,,,,,,,
BNG_liberal;Liberal Democratic Party;;;;;;;;;;;;x;;;;;;;;;;;;;;;;;;;;;;;;;;;;;;;;;;;;;;;;;;;;;;;,,,,,,,,,,,,,,,,,,,,,,
BNG_reactionary;Jamaat-e-Islami;;;;;;;;;;;;x;;;;;;;;;;;;;;;;;;;;;;;;;;;;;;;;;;;;;;;;;;;;;;;,,,,,,,,,,,,,,,,,,,,,,
BNG_anarcho_liberal;The Radical Faction;;;;;;;;;;;;x;;;;;;;;;;;;;;;;;;;;;;;;;;;;;;;;;;;;;;;;;;;;;;;,,,,,,,,,,,,,,,,,,,,,,
BNG_socialist;Jatiyo Samajtantrik Dal;;;;;;;;;;;;x;;;;;;;;;;;;;;;;;;;;;;;;;;;;;;;;;;;;;;;;;;;;;;;,,,,,,,,,,,,,,,,,,,,,,
BNG_communist;Bengali Communist Party;;;;;;;;;;;;x;;;;;;;;;;;;;;;;;;;;;;;;;;;;;;;;;;;;;;;;;;;;;;;,,,,,,,,,,,,,,,,,,,,,,
BNG_fascist;Jatiya Party;;;;;;;;;;;;x;;;;;;;;;;;;;;;;;;;;;;;;;;;;;;;;;;;;;;;;;;;;;;;,,,,,,,,,,,,,,,,,,,,,,
BRT;Brythonia;;;;;;;;;;;;;x;;;;;;;;;;;;;;;;;;;;;;;;;;;;;;;;;;;;;;;;;;;;;;,,,,,,,,,,,,,,,,,,,,,,
BRT_ADJ;Briton;;;;;;;;;;;;;x;;;;;;;;;;;;;;;;;;;;;;;;;;;;;;;;;;;;;;;;;;;;;;,,,,,,,,,,,,,,,,,,,,,,
BRT_fascist;PNB;;;;;;;;;;;;;x;;;;;;;;;;;;;;;;;;;;;;;;;;;;;;;;;;;;;;;;;;;;;;,,,,,,,,,,,,,,,,,,,,,,
BRT_reactionary;Strollad Broadelour;;;;;;;;;;;;;x;;;;;;;;;;;;;;;;;;;;;;;;;;;;;;;;;;;;;;;;;;;;;;,,,,,,,,,,,,,,,,,,,,,,
BRT_communist;Strollad Komunist;;;;;;;;;;;;;x;;;;;;;;;;;;;;;;;;;;;;;;;;;;;;;;;;;;;;;;;;;;;;,,,,,,,,,,,,,,,,,,,,,,
BRT_socialist;Unvaniezh Demokratel;;;;;;;;;;;;;x;;;;;;;;;;;;;;;;;;;;;;;;;;;;;;;;;;;;;;;;;;;;;;,,,,,,,,,,,,,,,,,,,,,,
BRT_liberal;Strollad Liberal;;;;;;;;;;;;;x;;;;;;;;;;;;;;;;;;;;;;;;;;;;;;;;;;;;;;;;;;;;;;,,,,,,,,,,,,,,,,,,,,,,
BRT_anarcho_liberal;Strollad Radical;;;;;;;;;;;;;x;;;;;;;;;;;;;;;;;;;;;;;;;;;;;;;;;;;;;;;;;;;;;;,,,,,,,,,,,,,,,,,,,,,,
BRT_conservative;Strollad Mirour;;;;;;;;;;;;;x;;;;;;;;;;;;;;;;;;;;;;;;;;;;;;;;;;;;;;;;;;;;;;,,,,,,,,,,,,,,,,,,,,,,
BRU_ADJ;Bruneian;;;;;;;;;;;;;x;;;;;;;;;;;;;;;;;;;;;;;;;;;;;;;;;;;;;;;;;;;;;;,,,,,,,,,,,,,,,,,,,,,,
BSQ;Basque Country;;;;;;;;;;;;;x;;;;;;;;;;;;;;;;;;;;;;;;;;;;;;;;;;;;;;;;;;;;;;,,,,,,,,,,,,,,,,,,,,,,
BSQ_ADJ;Basque;;;;;;;;;;;;;x;;;;;;;;;;;;;;;;;;;;;;;;;;;;;;;;;;;;;;;;;;;;;;,,,,,,,,,,,,,,,,,,,,,,
BSQ_socialist;Abertzale Ekintza;;;;;;;;;;;;;x;;;;;;;;;;;;;;;;;;;;;;;;;;;;;;;;;;;;;;;;;;;;;;,,,,,,,,,,,,,,,,,,,,,,
BSQ_conservative;Alderdi Jeltzalea;;;;;;;;;;;;;x;;;;;;;;;;;;;;;;;;;;;;;;;;;;;;;;;;;;;;;;;;;;;;,,,,,,,,,,,,,,,,,,,,,,
BSQ_liberal;Alderdi Abertzale Errepublikanoa;;;;;;;;;;;;;x;;;;;;;;;;;;;;;;;;;;;;;;;;;;;;;;;;;;;;;;;;;;;;,,,,,,,,,,,,,,,,,,,,,,
BSQ_reactionary;Alderdi Monarkiko;;;;;;;;;;;;;x;;;;;;;;;;;;;;;;;;;;;;;;;;;;;;;;;;;;;;;;;;;;;;,,,,,,,,,,,,,,,,,,,,,,
BSQ_communist;Mugimendu Komunista;;;;;;;;;;;;;x;;;;;;;;;;;;;;;;;;;;;;;;;;;;;;;;;;;;;;;;;;;;;;,,,,,,,,,,,,,,,,,,,,,,
BSQ_fascist;Euskadi Ta Askatasuna;;;;;;;;;;;;;x;;;;;;;;;;;;;;;;;;;;;;;;;;;;;;;;;;;;;;;;;;;;;;,,,,,,,,,,,,,,,,,,,,,,
BSQ_anarcho_liberal;Alderdi Anarkiazale;;;;;;;;;;;;;x;;;;;;;;;;;;;;;;;;;;;;;;;;;;;;;;;;;;;;;;;;;;;;,,,,,,,,,,,,,,,,,,,,,,
BSQ_fascist_dictatorship;Euskadi;;;;;;;;;;;;;x;;;;;;;;;;;;;;;;;;;;;;;;;;;;;;;;;;;;;;;;;;;;;;,,,,,,,,,,,,,,,,,,,,,,
CAR;Central African Republic;;;;;;;;;;;;x;;;;;;;;;;;;;;;;;;;;;;;;;;;;;;;;;;;;;;;;;;;;;;;,,,,,,,,,,,,,,,,,,,,,,
CAR_ADJ;Central African;;;;;;;;;;;;x;;;;;;;;;;;;;;;;;;;;;;;;;;;;;;;;;;;;;;;;;;;;;;;,,,,,,,,,,,,,,,,,,,,,,
CAR_fascist_dictatorship;Central African Empire;;;;;;;;;;;;x;;;;;;;;;;;;;;;;;;;;;;;;;;;;;;;;;;;;;;;;;;;;;;;,,,,,,,,,,,,,,,,,,,,,,
CAR_absolute_monarchy;Central African Empire;;;;;;;;;;;;x;;;;;;;;;;;;;;;;;;;;;;;;;;;;;;;;;;;;;;;;;;;;;;;,,,,,,,,,,,,,,,,,,,,,,
CAR_prussian_constitutionalism;Ubangi-Chari;;;;;;;;;;;;x;;;;;;;;;;;;;;;;;;;;;;;;;;;;;;;;;;;;;;;;;;;;;;;,,,,,,,,,,,,,,,,,,,,,,
CAR_prussian_constitutionalism_ADJ;Ubangi;;;;;;;;;;;;x;;;;;;;;;;;;;;;;;;;;;;;;;;;;;;;;;;;;;;;;;;;;;;;,,,,,,,,,,,,,,,,,,,,,,
CAR_hms_government;Ubangi-Chari;;;;;;;;;;;;x;;;;;;;;;;;;;;;;;;;;;;;;;;;;;;;;;;;;;;;;;;;;;;;,,,,,,,,,,,,,,,,,,,,,,
CAR_hms_government_ADJ;Ubangi;;;;;;;;;;;;x;;;;;;;;;;;;;;;;;;;;;;;;;;;;;;;;;;;;;;;;;;;;;;;,,,,,,,,,,,,,,,,,,,,,,
CAR_liberal;Republican Progressive Party;;;;;;;;;;;;x;;;;;;;;;;;;;;;;;;;;;;;;;;;;;;;;;;;;;;;;;;;;;;;,,,,,,,,,,,,,,,,,,,,,,
CAR_conservative;Democratic Union;;;;;;;;;;;;x;;;;;;;;;;;;;;;;;;;;;;;;;;;;;;;;;;;;;;;;;;;;;;;,,,,,,,,,,,,,,,,,,,,,,
CAR_socialist;MLPC;;;;;;;;;;;;x;;;;;;;;;;;;;;;;;;;;;;;;;;;;;;;;;;;;;;;;;;;;;;;,,,,,,,,,,,,,,,,,,,,,,
CAR_reactionary;MESAN;;;;;;;;;;;;x;;;;;;;;;;;;;;;;;;;;;;;;;;;;;;;;;;;;;;;;;;;;;;;,,,,,,,,,,,,,,,,,,,,,,
CAR_anarcho_liberal;MEDAC;;;;;;;;;;;;x;;;;;;;;;;;;;;;;;;;;;;;;;;;;;;;;;;;;;;;;;;;;;;;,,,,,,,,,,,,,,,,,,,,,,
CAR_communist;MDI;;;;;;;;;;;;x;;;;;;;;;;;;;;;;;;;;;;;;;;;;;;;;;;;;;;;;;;;;;;;,,,,,,,,,,,,,,,,,,,,,,
CAR_fascist;Patriotic Front;;;;;;;;;;;;x;;;;;;;;;;;;;;;;;;;;;;;;;;;;;;;;;;;;;;;;;;;;;;;,,,,,,,,,,,,,,,,,,,,,,
CGO;Congo;;;;;;;;;;;;x;;;;;;;;;;;;;;;;;;;;;;;;;;;;;;;;;;;;;;;;;;;;;;;,,,,,,,,,,,,,,,,,,,,,,
CGO_ADJ;Congolese;;;;;;;;;;;;x;;;;;;;;;;;;;;;;;;;;;;;;;;;;;;;;;;;;;;;;;;;;;;;,,,,,,,,,,,,,,,,,,,,,,
CGO_proletarian_dictatorship;People's Republic of the Congo;;;;;;;;;;;;x;;;;;;;;;;;;;;;;;;;;;;;;;;;;;;;;;;;;;;;;;;;;;;;,,,,,,,,,,,,,,,,,,,,,,
CGO_liberal;MCDDI;;;;;;;;;;;;x;;;;;;;;;;;;;;;;;;;;;;;;;;;;;;;;;;;;;;;;;;;;;;;,,,,,,,,,,,,,,,,,,,,,,
CGO_anarcho_liberal;Union for Democratic Renewal;;;;;;;;;;;;x;;;;;;;;;;;;;;;;;;;;;;;;;;;;;;;;;;;;;;;;;;;;;;;,,,,,,,,,,,,,,,,,,,,,,
CGO_conservative;UDDIA;;;;;;;;;;;;x;;;;;;;;;;;;;;;;;;;;;;;;;;;;;;;;;;;;;;;;;;;;;;;,,,,,,,,,,,,,,,,,,,,,,
CGO_reactionary;Party of Unity, Work and Progress;;;;;;;;;;;;x;;;;;;;;;;;;;;;;;;;;;;;;;;;;;;;;;;;;;;;;;;;;;;;,,,,,,,,,,,,,,,,,,,,,
CGO_socialist;Congolese Progressive Party;;;;;;;;;;;;x;;;;;;;;;;;;;;;;;;;;;;;;;;;;;;;;;;;;;;;;;;;;;;;,,,,,,,,,,,,,,,,,,,,,,
CGO_communist;Congolese Party of Labor;;;;;;;;;;;;x;;;;;;;;;;;;;;;;;;;;;;;;;;;;;;;;;;;;;;;;;;;;;;;,,,,,,,,,,,,,,,,,,,,,,
CGO_fascist;Friendly Union for Complete Change;;;;;;;;;;;;x;;;;;;;;;;;;;;;;;;;;;;;;;;;;;;;;;;;;;;;;;;;;;;;,,,,,,,,,,,,,,,,,,,,,,
CHD;Chad;;;;;;;;;;;;x;;;;;;;;;;;;;;;;;;;;;;;;;;;;;;;;;;;;;;;;;;;;;;;,,,,,,,,,,,,,,,,,,,,,,
CHD_ADJ;Chadian;;;;;;;;;;;;x;;;;;;;;;;;;;;;;;;;;;;;;;;;;;;;;;;;;;;;;;;;;;;;,,,,,,,,,,,,,,,,,,,,,,
CHD_liberal;Republican Union;;;;;;;;;;;;;x;;;;;;;;;;;;;;;;;;;;;;;;;;;;;;;;;;;;;;;;;;;;;;,,,,,,,,,,,,,,,,,,,,,,
CHD_conservative;Democratic Union;;;;;;;;;;;;;x;;;;;;;;;;;;;;;;;;;;;;;;;;;;;;;;;;;;;;;;;;;;;;,,,,,,,,,,,,,,,,,,,,,,
CHD_socialist;Independent Socialist Party;;;;;;;;;;;;;x;;;;;;;;;;;;;;;;;;;;;;;;;;;;;;;;;;;;;;;;;;;;;;,,,,,,,,,,,,,,,,,,,,,,
CHD_reactionary;Patriotic Salvation Movement;;;;;;;;;;;;;x;;;;;;;;;;;;;;;;;;;;;;;;;;;;;;;;;;;;;;;;;;;;;;,,,,,,,,,,,,,,,,,,,,,,
CHD_anarcho_liberal;Federation, Action for the Republic;;;;;;;;;;;;;x;;;;;;;;;;;;;;;;;;;;;;;;;;;;;;;;;;;;;;;;;;;;;;,,,,,,,,,,,,,,,,,,,,,
CHD_communist;Progressive Party;;;;;;;;;;;;;x;;;;;;;;;;;;;;;;;;;;;;;;;;;;;;;;;;;;;;;;;;;;;;,,,,,,,,,,,,,,,,,,,,,,
CHD_fascist;National Union for Reform;;;;;;;;;;;;;x;;;;;;;;;;;;;;;;;;;;;;;;;;;;;;;;;;;;;;;;;;;;;;,,,,,,,,,,,,,,,,,,,,,,
CHI_presidential_dictatorship;Beiyang China;;;;;;;;;;;;;x;;;;;;;;;;;;;;;;;;;;;;;;;;;;;;;;;;;;;;;;;;;;;;,,,,,,,,,,,,,,,,,,,,,,
CHI_proletarian_dictatorship;People's Republic of China;;;;;;;;;;;;;x;;;;;;;;;;;;;;;;;;;;;;;;;;;;;;;;;;;;;;;;;;;;;;,,,,,,,,,,,,,,,,,,,,,,
CHI_democracy;The Republic of China;;;;;;;;;;;;;x;;;;;;;;;;;;;;;;;;;;;;;;;;;;;;;;;;;;;;;;;;;;;;,,,,,,,,,,,,,,,,,,,,,,
CHI_absolute_monarchy;The Empire of China;;;;;;;;;;;;;x;;;;;;;;;;;;;;;;;;;;;;;;;;;;;;;;;;;;;;;;;;;;;;,,,,,,,,,,,,,,,,,,,,,,
CHI;China;;;;;;;;;;;;;x;;;;;;;;;;;;;;;;;;;;;;;;;;;;;;;;;;;;;;;;;;;;;;,,,,,,,,,,,,,,,,,,,,,,
CHO;Chugoku;;;;;;;;;;;;;x;;;;;;;;;;;;;;;;;;;;;;;;;;;;;;;;;;;;;;;;;;;;;;,,,,,,,,,,,,,,,,,,,,,,
CHO_ADJ;Chugokuan;;;;;;;;;;;;;x;;;;;;;;;;;;;;;;;;;;;;;;;;;;;;;;;;;;;;;;;;;;;;,,,,,,,,,,,,,,,,,,,,,,
CHO_absolute_monarchy;Choshu;;;;;;;;;;;;;x;;;;;;;;;;;;;;;;;;;;;;;;;;;;;;;;;;;;;;;;;;;;;;,,,,,,,,,,,,,,,,,,,,,,
CHO_prussian_constitutionalism;Choshu;;;;;;;;;;;;;x;;;;;;;;;;;;;;;;;;;;;;;;;;;;;;;;;;;;;;;;;;;;;;,,,,,,,,,,,,,,,,,,,,,,
CHO_hms_government;Choshu;;;;;;;;;;;;;x;;;;;;;;;;;;;;;;;;;;;;;;;;;;;;;;;;;;;;;;;;;;;;,,,,,,,,,,,,,,,,,,,,,,
CHO_absolute_monarchy_ADJ;Mori;;;;;;;;;;;;;x;;;;;;;;;;;;;;;;;;;;;;;;;;;;;;;;;;;;;;;;;;;;;;,,,,,,,,,,,,,,,,,,,,,,
CHO_prussian_constitutionalism_ADJ;Mori;;;;;;;;;;;;;x;;;;;;;;;;;;;;;;;;;;;;;;;;;;;;;;;;;;;;;;;;;;;;,,,,,,,,,,,,,,,,,,,,,,
CHO_hms_government_ADJ;Mori;;;;;;;;;;;;;x;;;;;;;;;;;;;;;;;;;;;;;;;;;;;;;;;;;;;;;;;;;;;;,,,,,,,,,,,,,,,,,,,,,,
POR_conservative;Cartismo;;;;;;;;;;;;;;;;;;x;;;;;;;;;;;;;;;;;;;;;;;;;;;;;;;;;;;;;;;;;,,,,,,,,,,,,,,,,,,,,,,
CHP;Chiapas;;;;;;;;;;;;;x;;;;;;;;;;;;;;;;;;;;;;;;;;;;;;;;;;;;;;;;;;;;;;,,,,,,,,,,,,,,,,,,,,,,
CHP_ADJ;Chiapan;;;;;;;;;;;;;x;;;;;;;;;;;;;;;;;;;;;;;;;;;;;;;;;;;;;;;;;;;;;;,,,,,,,,,,,,,,,,,,,,,,
CHP_liberal;Partido Liberal;Partido Liberal;Partido Liberal;;;;;;;;;;;x;;;;;;;;;;;;;;;;;;;;;;;;;;;;;;;;;;;;;;;;;;;;;;,,,,,,,,,,,,,,,,,,,,,,
CHP_socialist;Partido Socialista;Partido Socialista;Partido Socialista;;;;;;;;;;;x;;;;;;;;;;;;;;;;;;;;;;;;;;;;;;;;;;;;;;;;;;;;;;,,,,,,,,,,,,,,,,,,,,,,
CHP_conservative;Partido Estadista Republicano;Partido Estadista Republicano;Partido Estadista Republicano;;;;;;;;;;;x;;;;;;;;;;;;;;;;;;;;;;;;;;;;;;;;;;;;;;;;;;;;;;,,,,,,,,,,,,,,,,,,,,,,
CHP_anarcho_liberal;Partido Anarchista;Partido Anarchista;Partido Anarchista;;;;;;;;;;;x;;;;;;;;;;;;;;;;;;;;;;;;;;;;;;;;;;;;;;;;;;;;;;,,,,,,,,,,,,,,,,,,,,,,
CHP_communist;Partido Comunista;Partido Comunista;Partido Comunista;;;;;;;;;;;x;;;;;;;;;;;;;;;;;;;;;;;;;;;;;;;;;;;;;;;;;;;;;;,,,,,,,,,,,,,,,,,,,,,,
CHP_fascist;Partido Nacionalista;Partido Nacionalista;Partido Nacionalista;;;;;;;;;;;x;;;;;;;;;;;;;;;;;;;;;;;;;;;;;;;;;;;;;;;;;;;;;;,,,,,,,,,,,,,,,,,,,,,,
CHP_reactionary;UniÛn Republicana;UniÛn Republicana;UniÛn Republicana;;;;;;;;;;;x;;;;;;;;;;;;;;;;;;;;;;;;;;;;;;;;;;;;;;;;;;;;;;,,,,,,,,,,,,,,,,,,,,,,
CIR;Circassia;;;;;;;;;;;;;x;;;;;;;;;;;;;;;;;;;;;;;;;;;;;;;;;;;;;;;;;;;;;;,,,,,,,,,,,,,,,,,,,,,,
CIR_ADJ;Circassian;;;;;;;;;;;;;x;;;;;;;;;;;;;;;;;;;;;;;;;;;;;;;;;;;;;;;;;;;;;;,,,,,,,,,,,,,,,,,,,,,,
CIR_liberal;Partiye Libyeral;;;;;;;;;;;;;x;;;;;;;;;;;;;;;;;;;;;;;;;;;;;;;;;;;;;;;;;;;;;;,,,,,,,,,,,,,,,,,,,,,,
CIR_conservative;Partiye Wuhumenig;;;;;;;;;;;;;x;;;;;;;;;;;;;;;;;;;;;;;;;;;;;;;;;;;;;;;;;;;;;;,,,,,,,,,,,,,,,,,,,,,,
CIR_socialist;Partiye Sotsialist;;;;;;;;;;;;;x;;;;;;;;;;;;;;;;;;;;;;;;;;;;;;;;;;;;;;;;;;;;;;,,,,,,,,,,,,,,,,,,,,,,
CIR_reactionary;Partiye Natsiya;;;;;;;;;;;;;x;;;;;;;;;;;;;;;;;;;;;;;;;;;;;;;;;;;;;;;;;;;;;;,,,,,,,,,,,,,,,,,,,,,,
CIR_anarcho_liberal;Partiye Fit Bedzer;;;;;;;;;;;;;x;;;;;;;;;;;;;;;;;;;;;;;;;;;;;;;;;;;;;;;;;;;;;;,,,,,,,,,,,,,,,,,,,,,,
CIR_communist;Partiye Zefediz;;;;;;;;;;;;;x;;;;;;;;;;;;;;;;;;;;;;;;;;;;;;;;;;;;;;;;;;;;;;,,,,,,,,,,,,,,,,,,,,,,
CIR_fascist;Partiye Lepqh;;;;;;;;;;;;;x;;;;;;;;;;;;;;;;;;;;;;;;;;;;;;;;;;;;;;;;;;;;;;,,,,,,,,,,,,,,,,,,,,,,
CLC;Cilicia;;;;;;;;;;;;;x;;;;;;;;;;;;;;;;;;;;;;;;;;;;;;;;;;;;;;;;;;;;;;,,,,,,,,,,,,,,,,,,,,,,
CLC_ADJ;Cilician;;;;;;;;;;;;;x;;;;;;;;;;;;;;;;;;;;;;;;;;;;;;;;;;;;;;;;;;;;;;,,,,,,,,,,,,,,,,,,,,,,
CLM_fascist_dictatorship;Gran Colombia;;;;;;;;;;;;;x;;;;;;;;;;;;;;;;;;;;;;;;;;;;;;;;;;;;;;;;;;;;;;,,,,,,,,,,,,,,,,,,,,,,
CLM_absolute_monarchy;New Granada;;;;;;;;;;;;;x;;;;;;;;;;;;;;;;;;;;;;;;;;;;;;;;;;;;;;;;;;;;;;,,,,,,,,,,,,,,,,,,,,,,
CLM_prussian_constitutionalism;New Granada;;;;;;;;;;;;;x;;;;;;;;;;;;;;;;;;;;;;;;;;;;;;;;;;;;;;;;;;;;;;,,,,,,,,,,,,,,,,,,,,,,
CLM_hms_government;New Granada;;;;;;;;;;;;;x;;;;;;;;;;;;;;;;;;;;;;;;;;;;;;;;;;;;;;;;;;;;;;,,,,,,,,,,,,,,,,,,,,,,
CMR;Cameroon;;;;;;;;;;;;x;;;;;;;;;;;;;;;;;;;;;;;;;;;;;;;;;;;;;;;;;;;;;;;,,,,,,,,,,,,,,,,,,,,,,
CMR_ADJ;Cameroonian;;;;;;;;;;;;x;;;;;;;;;;;;;;;;;;;;;;;;;;;;;;;;;;;;;;;;;;;;;;;,,,,,,,,,,,,,,,,,,,,,,
CMR_liberal;Progressive Movement;;;;;;;;;;;;x;;;;;;;;;;;;;;;;;;;;;;;;;;;;;;;;;;;;;;;;;;;;;;;,,,,,,,,,,,,,,,,,,,,,,
CMR_conservative;Cameroon Democratic Union;;;;;;;;;;;;x;;;;;;;;;;;;;;;;;;;;;;;;;;;;;;;;;;;;;;;;;;;;;;;,,,,,,,,,,,,,,,,,,,,,,
CMR_socialist;Social Democratic Front;;;;;;;;;;;;x;;;;;;;;;;;;;;;;;;;;;;;;;;;;;;;;;;;;;;;;;;;;;;;,,,,,,,,,,,,,,,,,,,,,,
CMR_reactionary;Cameroonian National Union;;;;;;;;;;;;x;;;;;;;;;;;;;;;;;;;;;;;;;;;;;;;;;;;;;;;;;;;;;;;,,,,,,,,,,,,,,,,,,,,,,
CMR_anarcho_liberal;National Union for Democracy and Progress;;;;;;;;;;;;x;;;;;;;;;;;;;;;;;;;;;;;;;;;;;;;;;;;;;;;;;;;;;;;,,,,,,,,,,,,,,,,,,,,,,
CMR_communist;Union of the Peoples of Cameroon;;;;;;;;;;;;x;;;;;;;;;;;;;;;;;;;;;;;;;;;;;;;;;;;;;;;;;;;;;;;,,,,,,,,,,,,,,,,,,,,,,
CMR_fascist;Grouping of Patriotic Forces;;;;;;;;;;;;x;;;;;;;;;;;;;;;;;;;;;;;;;;;;;;;;;;;;;;;;;;;;;;;,,,,,,,,,,,,,,,,,,,,,,
CPL;Congress Poland;Royaume du Congres;Kongresspolen;;Zarato de Polonia;;;;;;;;;;x;;;;;;;;;;;;;;;;;;;;;;;;;;;;;;;;;;;;;;;;;;;;;,,,,,,,,,,,,,,,,,,,,,,
CPL_colonial_company;Malopolska;;;;;;;;;;;;;;;;;;;;;;x;;;;;;;;;;;;;;;;;;;;;;;;;;;;;;;;;;;;;,,,,,,,,,,,,,,,,,,,,,,
CPL_ADJ;Polish;Polonais;Polnisch;;Polaca;;;;;;;;;;x;;;;;;;;;;;;;;;;;;;;;;;;;;;;;;;;;;;;;;;;;;;;;,,,,,,,,,,,,,,,,,,,,,,
CRS;Corsica;;;;;;;;;;;;;x;;;;;;;;;;;;;;;;;;;;;;;;;;;;;;;;;;;;;;;;;;;;;;,,,,,,,,,,,,,,,,,,,,,,
CRS_ADJ;Corsican;;;;;;;;;;;;;x;;;;;;;;;;;;;;;;;;;;;;;;;;;;;;;;;;;;;;;;;;;;;;,,,,,,,,,,,,,,,,,,,,,,
CRS_conservative;Fazzione Cunservatore;;;;;;;;;;;;;x;;;;;;;;;;;;;;;;;;;;;;;;;;;;;;;;;;;;;;;;;;;;;;,,,,,,,,,,,,,,,,,,,,,,
CRS_liberal;Fazzione Liberale;;;;;;;;;;;;;x;;;;;;;;;;;;;;;;;;;;;;;;;;;;;;;;;;;;;;;;;;;;;;,,,,,,,,,,,,,,,,,,,,,,
CRS_reactionary;Fazzione Bonapartistu;;;;;;;;;;;;;x;;;;;;;;;;;;;;;;;;;;;;;;;;;;;;;;;;;;;;;;;;;;;;,,,,,,,,,,,,,,,,,,,,,,
CRS_socialist;Fazzione Sucialistu;;;;;;;;;;;;;x;;;;;;;;;;;;;;;;;;;;;;;;;;;;;;;;;;;;;;;;;;;;;;,,,,,,,,,,,,,,,,,,,,,,
CRS_communist;Fazzione Cumunistu;;;;;;;;;;;;;x;;;;;;;;;;;;;;;;;;;;;;;;;;;;;;;;;;;;;;;;;;;;;;,,,,,,,,,,,,,,,,,,,,,,
CRS_anarcho_liberal;Fazzione Anarchistu;;;;;;;;;;;;;x;;;;;;;;;;;;;;;;;;;;;;;;;;;;;;;;;;;;;;;;;;;;;;,,,,,,,,,,,,,,,,,,,,,,
CRS_fascist;Fazzione Fascistu;;;;;;;;;;;;;x;;;;;;;;;;;;;;;;;;;;;;;;;;;;;;;;;;;;;;;;;;;;;;,,,,,,,,,,,,,,,,,,,,,,
CSA_democracy;The Silver Federation;;;;;;;;;;;;x;;;;;;;;;;;;;;;;;;;;;;;;;;;;;;;;;;;;;;;;;;;;;;;,,,,,,,,,,,,,,,,,,,,,,
CSA_presidential_dictatorship;The Silver Presidential Republic;;;;;;;;;;;;x;;;;;;;;;;;;;;;;;;;;;;;;;;;;;;;;;;;;;;;;;;;;;;;,,,,,,,,,,,,,,,,,,,,,,
CSA_bourgeois_dictatorship;The Silver Confederacy;;;;;;;;;;;;x;;;;;;;;;;;;;;;;;;;;;;;;;;;;;;;;;;;;;;;;;;;;;;;,,,,,,,,,,,,,,,,,,,,,,
CSA_absolute_monarchy;The Silver Empire;;;;;;;;;;;;x;;;;;;;;;;;;;;;;;;;;;;;;;;;;;;;;;;;;;;;;;;;;;;;,,,,,,,,,,,,,,,,,,,,,,
CSA_prussian_constitutionalism;The Silver Kingdom;;;;;;;;;;;;x;;;;;;;;;;;;;;;;;;;;;;;;;;;;;;;;;;;;;;;;;;;;;;;,,,,,,,,,,,,,,,,,,,,,,
CSA;The Silver Federation;;;;;;;;;;;;;;;;;;;;;;;;;;;;;;;;;;;;;;;;;;;;;;;;;;;;;;;;;;;,,,,,,,,,,,,,,,,,,,,,,
CSA_fascist_dictatorship;The Silver Circle;;;;;;;;;;;;;;;;;;;;;;;;;;;;;;;;;;;;;;;;;;;;;;;;;;;;;;;;;;;,,,,,,,,,,,,,,,,,,,,,,
CSA_proletarian_dictatorship;The People's Caribbean Commonwealth;;;;;;;;;;;;x;;;;;;;;;;;;;;;;;;;;;;;;;;;;;;;;;;;;;;;;;;;;;;;,,,,,,,,,,,,,,,,,,,,,,
CYR;Cyrenaica;;;;;;;;;;;;x;;;;;;;;;;;;;;;;;;;;;;;;;;;;;;;;;;;;;;;;;;;;;;;,,,,,,,,,,,,,,,,,,,,,,
CYR_absolute_monarchy;Senussi;;;;;;;;;;;;x;;;;;;;;;;;;;;;;;;;;;;;;;;;;;;;;;;;;;;;;;;;;;;;,,,,,,,,,,,,,,,,,,,,,,
CYR_absolute_monarchy_ADJ;Senussi;;;;;;;;;;;;x;;;;;;;;;;;;;;;;;;;;;;;;;;;;;;;;;;;;;;;;;;;;;;;,,,,,,,,,,,,,,,,,,,,,,
CYR_ADJ;Cyrenaican;;;;;;;;;;;;x;;;;;;;;;;;;;;;;;;;;;;;;;;;;;;;;;;;;;;;;;;;;;;;,,,,,,,,,,,,,,,,,,,,,,
CYR_conservative;Jamyat al-Ahd;;;;;;;;;;;;x;;;;;;;;;;;;;;;;;;;;;;;;;;;;;;;;;;;;;;;;;;;;;;;,,,,,,,,,,,,,,,,,,,,,,
CYR_liberal;Jam'iyyat al-Jami'a al-'Arabiyya;;;;;;;;;;;;x;;;;;;;;;;;;;;;;;;;;;;;;;;;;;;;;;;;;;;;;;;;;;;;,,,,,,,,,,,,,,,,,,,,,,
CYR_reactionary;Al-Senussi;;;;;;;;;;;;x;;;;;;;;;;;;;;;;;;;;;;;;;;;;;;;;;;;;;;;;;;;;;;;,,,,,,,,,,,,,,,,,,,,,,
CYR_anarcho_liberal;Al-Anarkiliberali;;;;;;;;;;;;;x;;;;;;;;;;;;;;;;;;;;;;;;;;;;;;;;;;;;;;;;;;;;;;,,,,,,,,,,,,,,,,,,,,,,
CYR_socialist;Hizb al-Ba'ath;;;;;;;;;;;;;x;;;;;;;;;;;;;;;;;;;;;;;;;;;;;;;;;;;;;;;;;;;;;;,,,,,,,,,,,,,,,,,,,,,,
CYR_communist;Al-Shiu'i;;;;;;;;;;;;;x;;;;;;;;;;;;;;;;;;;;;;;;;;;;;;;;;;;;;;;;;;;;;;,,,,,,,,,,,,,,,,,,,,,,
CYR_fascist;Al-Fashi;;;;;;;;;;;;;x;;;;;;;;;;;;;;;;;;;;;;;;;;;;;;;;;;;;;;;;;;;;;;,,,,,,,,,,,,,,,,,,,,,,
CHY;Chechnya;;;;;;;;;;;;;x;;;;;;;;;;;;;;;;;;;;;;;;;;;;;;;;;;;;;;;;;;;;;;,,,,,,,,,,,,,,,,,,,,,,
CHY_ADJ;Chechen;;;;;;;;;;;;;x;;;;;;;;;;;;;;;;;;;;;;;;;;;;;;;;;;;;;;;;;;;;;;,,,,,,,,,,,,,,,,,,,,,,
CHY_reactionary;Qadiri;;;;;;;;;;;;;x;;;;;;;;;;;;;;;;;;;;;;;;;;;;;;;;;;;;;;;;;;;;;;,,,,,,,,,,,,,,,,,,,,,,
CHY_liberal;Reformist Faction;;;;;;;;;;;;;x;;;;;;;;;;;;;;;;;;;;;;;;;;;;;;;;;;;;;;;;;;;;;;,,,,,,,,,,,,,,,,,,,,,,
CHY_conservative;Tukkhum;;;;;;;;;;;;;x;;;;;;;;;;;;;;;;;;;;;;;;;;;;;;;;;;;;;;;;;;;;;;,,,,,,,,,,,,,,,,,,,,,,
CHY_anarcho_liberal;Radical Party;;;;;;;;;;;;;x;;;;;;;;;;;;;;;;;;;;;;;;;;;;;;;;;;;;;;;;;;;;;;,,,,,,,,,,,,,,,,,,,,,,
CHY_socialist;Socialist Party;;;;;;;;;;;;;x;;;;;;;;;;;;;;;;;;;;;;;;;;;;;;;;;;;;;;;;;;;;;;,,,,,,,,,,,,,,,,,,,,,,
CHY_communist;Communist Part;;;;;;;;;;;;;x;;;;;;;;;;;;;;;;;;;;;;;;;;;;;;;;;;;;;;;;;;;;;;,,,,,,,,,,,,,,,,,,,,,,
CHY_fascist;Fascist Party;;;;;;;;;;;;;x;;;;;;;;;;;;;;;;;;;;;;;;;;;;;;;;;;;;;;;;;;;;;;,,,,,,,,,,,,,,,,,,,,,,
DAG;Dagestan;;;;;;;;;;;;;x;;;;;;;;;;;;;;;;;;;;;;;;;;;;;;;;;;;;;;;;;;;;;;,,,,,,,,,,,,,,,,,,,,,,
DAG_ADJ;Dagestani;;;;;;;;;;;;;x;;;;;;;;;;;;;;;;;;;;;;;;;;;;;;;;;;;;;;;;;;;;;;,,,,,,,,,,,,,,,,,,,,,,
DAG_theocracy;Caucasian Imamate;;;;;;;;;;;;;x;;;;;;;;;;;;;;;;;;;;;;;;;;;;;;;;;;;;;;;;;;;;;;,,,,,,,,,,,,,,,,,,,,,,
DAG_presidential_dictatorship;Dagestan;;;;;;;;;;;;;x;;;;;;;;;;;;;;;;;;;;;;;;;;;;;;;;;;;;;;;;;;;;;;,,,,,,,,,,,,,,,,,,,,,,
DAG_proletarian_dictatorship;Dagestan;;;;;;;;;;;;;x;;;;;;;;;;;;;;;;;;;;;;;;;;;;;;;;;;;;;;;;;;;;;;,,,,,,,,,,,,,,,,,,,,,,
DAG_bourgeois_dictatorship;Dagestan;;;;;;;;;;;;;x;;;;;;;;;;;;;;;;;;;;;;;;;;;;;;;;;;;;;;;;;;;;;;,,,,,,,,,,,,,,,,,,,,,,
DAG_democracy;Dagestan;;;;;;;;;;;;;x;;;;;;;;;;;;;;;;;;;;;;;;;;;;;;;;;;;;;;;;;;;;;;,,,,,,,,,,,,,,,,,,,,,,
DAG_fascist_dictatorship;Dagestan;;;;;;;;;;;;;x;;;;;;;;;;;;;;;;;;;;;;;;;;;;;;;;;;;;;;;;;;;;;;,,,,,,,,,,,,,,,,,,,,,,
DAG_liberal;Liberal Factuib;;;;;;;;;;;;;x;;;;;;;;;;;;;;;;;;;;;;;;;;;;;;;;;;;;;;;;;;;;;;,,,,,,,,,,,,,,,,,,,,,,
DAG_socialist;Socialist Party;;;;;;;;;;;;;x;;;;;;;;;;;;;;;;;;;;;;;;;;;;;;;;;;;;;;;;;;;;;;,,,,,,,,,,,,,,,,,,,,,,
DAG_reactionary;Nationalist Party;;;;;;;;;;;;;x;;;;;;;;;;;;;;;;;;;;;;;;;;;;;;;;;;;;;;;;;;;;;;,,,,,,,,,,,,,,,,,,,,,,
DAG_anarcho_liberal;Radical Party;;;;;;;;;;;;;x;;;;;;;;;;;;;;;;;;;;;;;;;;;;;;;;;;;;;;;;;;;;;;,,,,,,,,,,,,,,,,,,,,,,
DAG_communist;Communist Party;;;;;;;;;;;;;x;;;;;;;;;;;;;;;;;;;;;;;;;;;;;;;;;;;;;;;;;;;;;;,,,,,,,,,,,,,,,,,,,,,,
DAG_fascist;Fascist Party;;;;;;;;;;;;;x;;;;;;;;;;;;;;;;;;;;;;;;;;;;;;;;;;;;;;;;;;;;;;,,,,,,,,,,,,,,,,,,,,,,
DAG_conservative;Conservative Party;;;;;;;;;;;;;x;;;;;;;;;;;;;;;;;;;;;;;;;;;;;;;;;;;;;;;;;;;;;;,,,,,,,,,,,,,,,,,,,,,,
DAK;Dakota Republic;;;;;;;;;;;;x;;;;;;;;;;;;;;;;;;;;;;;;;;;;;;;;;;;;;;;;;;;;;;;,,,,,,,,,,,,,,,,,,,,,,
DAK_ADJ;Dakotan;;;;;;;;;;;;x;;;;;;;;;;;;;;;;;;;;;;;;;;;;;;;;;;;;;;;;;;;;;;;,,,,,,,,,,,,,,,,,,,,,,
DAK_absolute_monarchy;Dakota Commonwealth;;;;;;;;;;;;x;;;;;;;;;;;;;;;;;;;;;;;;;;;;;;;;;;;;;;;;;;;;;;;,,,,,,,,,,,,,,,,,,,,,,
DAK_prussian_constitutionalism;Dakota Commonwealth;;;;;;;;;;;;x;;;;;;;;;;;;;;;;;;;;;;;;;;;;;;;;;;;;;;;;;;;;;;;,,,,,,,,,,,,,,,,,,,,,,
DAK_hms_government;Dakota Commonwealth;;;;;;;;;;;;;x;;;;;;;;;;;;;;;;;;;;;;;;;;;;;;;;;;;;;;;;;;;;;;,,,,,,,,,,,,,,,,,,,,,,
DAK_reactionary;White Eagle Faction;;;;;;;;;;;;;x;;;;;;;;;;;;;;;;;;;;;;;;;;;;;;;;;;;;;;;;;;;;;;,,,,,,,,,,,,,,,,,,,,,,
DAK_conservative;Traditionalists;;;;;;;;;;;;;x;;;;;;;;;;;;;;;;;;;;;;;;;;;;;;;;;;;;;;;;;;;;;;,,,,,,,,,,,,,,,,,,,,,,
DAK_liberal;Republican Faction;;;;;;;;;;;;;x;;;;;;;;;;;;;;;;;;;;;;;;;;;;;;;;;;;;;;;;;;;;;;,,,,,,,,,,,,,,,,,,,,,,
DAK_anarcho_liberal;Libertarian Faction;;;;;;;;;;;;;x;;;;;;;;;;;;;;;;;;;;;;;;;;;;;;;;;;;;;;;;;;;;;;,,,,,,,,,,,,,,,,,,,,,,
DAK_socialist;Socialist Faction;;;;;;;;;;;;;x;;;;;;;;;;;;;;;;;;;;;;;;;;;;;;;;;;;;;;;;;;;;;;,,,,,,,,,,,,,,,,,,,,,,
DAK_communist;Communist Faction;;;;;;;;;;;;;x;;;;;;;;;;;;;;;;;;;;;;;;;;;;;;;;;;;;;;;;;;;;;;,,,,,,,,,,,,,,,,,,,,,,
DAK_fascist;Eastward Restorationists;;;;;;;;;;;;;x;;;;;;;;;;;;;;;;;;;;;;;;;;;;;;;;;;;;;;;;;;;;;;,,,,,,,,,,,,,,,,,,,,,,
DJA;Jambi;;;;;;;;;;;;;x;;;;;;;;;;;;;;;;;;;;;;;;;;;;;;;;;;;;;;;;;;;;;;,,,,,,,,,,,,,,,,,,,,,,
DJA_ADJ;Jambi;;;;;;;;;;;;;x;;;;;;;;;;;;;;;;;;;;;;;;;;;;;;;;;;;;;;;;;;;;;;,,,,,,,,,,,,,,,,,,,,,,
DLM;Illiria;;;;;;;;;;;;;x;;;;;;;;;;;;;;;;;;;;;;;;;;;;;;;;;;;;;;;;;;;;;;,,,,,,,,,,,,,,,,,,,,,,
DLM_ADJ;Illirian;;;;;;;;;;;;;x;;;;;;;;;;;;;;;;;;;;;;;;;;;;;;;;;;;;;;;;;;;;;;,,,,,,,,,,,,,,,,,,,,,,
DLM_conservative;Transigenti;;;;;;;;;;;;;;;;;;;;;;;;;;;x;;;;;;;;;;;;;;;;;;;;;;;;;;;;;;;;,,,,,,,,,,,,,,,,,,,,,,
DLM_liberal;Intransigenti;;;;;;;;;;;;;;;;;;;;;;x;;;;;;;;;;;;;;;;;;;;;;;;;;;;;;;;;;;;;,,,,,,,,,,,,,,,,,,,,,,
DLM_reactionary;Monarchici;;;;;;;;;;;;;;;;;;;;;;;;x;;;;;;;;;;;;;;;;;;;;;;;;;;;;;;;;;;;,,,,,,,,,,,,,,,,,,,,,,
DLM_reactionary_2;Cattolici;;;;;;;;;;;;;;;;;;;;;;;;x;;;;;;;;;;;;;;;;;;;;;;;;;;;;;;;;;;;,,,,,,,,,,,,,,,,,,,,,,
DLM_anarcho_liberal;Radicali;;;;;;;;;;;;;;;;;;;;;;x;;;;;;;;;;;;;;;;;;;;;;;;;;;;;;;;;;;;;,,,,,,,,,,,,,,,,,,,,,,
DLM_socialist;Socialisti;;;;;;;;;;;;;;;;;;;x;;;;;;;;;;;;;;;;;;;;;;;;;;;;;;;;;;;;;;;;,,,,,,,,,,,,,,,,,,,,,,
DLM_communist;Rivoluzionari;;;;;;;;;;;;;;;;;;;;;;;;;;;x;;;;;;;;;;;;;;;;;;;;;;;;;;;;;;;;,,,,,,,,,,,,,,,,,,,,,,
DLM_fascist;Fascisti;;;;;;;;;;;;;;;;;;;;x;;;;;;;;;;;;;;;;;;;;;;;;;;;;;;;;;;;;;;;,,,,,,,,,,,,,,,,,,,,,,
DNB;Danubian Federation;;;;;;;;;;;;;x;;;;;;;;;;;;;;;;;;;;;;;;;;;;;;;;;;;;;;;;;;;;;;,,,,,,,,,,,,,,,,,,,,,,
DNB_ADJ;Danubian;;;;;;;;;;;;;x;;;;;;;;;;;;;;;;;;;;;;;;;;;;;;;;;;;;;;;;;;;;;;,,,,,,,,,,,,,,,,,,,,,,
DNB_proletarian_dictatorship;Danubian Republic;;;;;;;;;;;;;x;;;;;;;;;;;;;;;;;;;;;;;;;;;;;;;;;;;;;;;;;;;;;;,,,,,,,,,,,,,,,,,,,,,,
DNB_fascist_dictatorship;Danubian Republic;;;;;;;;;;;;;x;;;;;;;;;;;;;;;;;;;;;;;;;;;;;;;;;;;;;;;;;;;;;;,,,,,,,,,,,,,,,,,,,,,,
DNB_presidential_dictatorship;Danubian Republic;;;;;;;;;;;;;x;;;;;;;;;;;;;;;;;;;;;;;;;;;;;;;;;;;;;;;;;;;;;;,,,,,,,,,,,,,,,,,,,,,,
DNB_bourgeois_dictatorship;Danubian Republic;;;;;;;;;;;;;x;;;;;;;;;;;;;;;;;;;;;;;;;;;;;;;;;;;;;;;;;;;;;;,,,,,,,,,,,,,,,,,,,,,,
DOI;Dominica;;;;;;;;;;;;x;;;;;;;;;;;;;;;;;;;;;;;;;;;;;;;;;;;;;;;;;;;;;;;,,,,,,,,,,,,,,,,,,,,,,
DOI_ADJ;Dominican;;;;;;;;;;;;x;;;;;;;;;;;;;;;;;;;;;;;;;;;;;;;;;;;;;;;;;;;;;;;,,,,,,,,,,,,,,,,,,,,,,
DON_fascist_dictatorship;Cossackia;;;;;;;;;;;;x;;;;;;;;;;;;;;;;;;;;;;;;;;;;;;;;;;;;;;;;;;;;;;;,,,,,,,,,,,,,,,,,,,,,,
DON_ADJ;Cossack;;;;;;;;;;;;x;;;;;;;;;;;;;;;;;;;;;;;;;;;;;;;;;;;;;;;;;;;;;;;,,,,,,,,,,,,,,,,,,,,,,
DON_conservative;The Conservatives;Faction royale;Kˆnigsfraktion;;;;;;;;;;;x;;;;;;;;;;;;;;;;;;;;;;;;;;;;;;;;;;;;;;;;;;;;;;,,,,,,,,,,,,,,,,,,,,,,
DON_liberal;The Liberals;Faction libÈrale;Die liberale Fraktion;;;;;;;;;;;x;;;;;;;;;;;;;;;;;;;;;;;;;;;;;;;;;;;;;;;;;;;;;;,,,,,,,,,,,,,,,,,,,,,,
DON_reactionary;The Hetmanate Faction;Faction nationaliste;Die nationalistische Fraktion;;;;;;;;;;;x;;;;;;;;;;;;;;;;;;;;;;;;;;;;;;;;;;;;;;;;;;;;;;,,,,,,,,,,,,,,,,,,,,,,
DON_anarcho_liberal;The Libertains;Faction radicale;Die radikale Fraktion;;;;;;;;;;;x;;;;;;;;;;;;;;;;;;;;;;;;;;;;;;;;;;;;;;;;;;;;;;,,,,,,,,,,,,,,,,,,,,,,
DON_socialist;The Socialists;Faction socialiste;Die sozialistische Fraktion;;;;;;;;;;;x;;;;;;;;;;;;;;;;;;;;;;;;;;;;;;;;;;;;;;;;;;;;;;,,,,,,,,,,,,,,,,,,,,,,
DON_communist;The Communists;Faction communiste;Die kommunistische Fraktion;;;;;;;;;;;x;;;;;;;;;;;;;;;;;;;;;;;;;;;;;;;;;;;;;;;;;;;;;;,,,,,,,,,,,,,,,,,,,,,,
DON_fascist;The Nationalist Faction;Faction fasciste;Die faschistische Fraktion;;;;;;;;;;;x;;;;;;;;;;;;;;;;;;;;;;;;;;;;;;;;;;;;;;;;;;;;;;,,,,,,,,,,,,,,,,,,,,,,
DRA;Dravidistan;;;;;;;;;;;;x;;;;;;;;;;;;;;;;;;;;;;;;;;;;;;;;;;;;;;;;;;;;;;;,,,,,,,,,,,,,,,,,,,,,,
DRA_absolute_monarchy;Dravidian Empire;;;;;;;;;;;;x;;;;;;;;;;;;;;;;;;;;;;;;;;;;;;;;;;;;;;;;;;;;;;;,,,,,,,,,,,,,,,,,,,,,,
DRA_fascist_dictatorship;Dravid Nadu;;;;;;;;;;;;x;;;;;;;;;;;;;;;;;;;;;;;;;;;;;;;;;;;;;;;;;;;;;;;,,,,,,,,,,,,,,,,,,,,,,
DRA_ADJ;Dravidian;;;;;;;;;;;;x;;;;;;;;;;;;;;;;;;;;;;;;;;;;;;;;;;;;;;;;;;;;;;;,,,,,,,,,,,,,,,,,,,,,,
DUR;Pashtunistan;;;;;;;;;;;;x;;;;;;;;;;;;;;;;;;;;;;;;;;;;;;;;;;;;;;;;;;;;;;;,,,,,,,,,,,,,,,,,,,,,,
DUR_ADJ;Pashtun;;;;;;;;;;;;x;;;;;;;;;;;;;;;;;;;;;;;;;;;;;;;;;;;;;;;;;;;;;;;,,,,,,,,,,,,,,,,,,,,,,
DUR_absolute_monarchy;Durrani Empire;;;;;;;;;;;;x;;;;;;;;;;;;;;;;;;;;;;;;;;;;;;;;;;;;;;;;;;;;;;;,,,,,,,,,,,,,,,,,,,,,,
DUR_prussian_constitutionalism;Durrani Empire;;;;;;;;;;;;x;;;;;;;;;;;;;;;;;;;;;;;;;;;;;;;;;;;;;;;;;;;;;;;,,,,,,,,,,,,,,,,,,,,,,
DUR_hms_government;Durrani Empire;;;;;;;;;;;;x;;;;;;;;;;;;;;;;;;;;;;;;;;;;;;;;;;;;;;;;;;;;;;;,,,,,,,,,,,,,,,,,,,,,,
DUR_absolute_monarchy_ADJ;Durrani;;;;;;;;;;;;x;;;;;;;;;;;;;;;;;;;;;;;;;;;;;;;;;;;;;;;;;;;;;;;,,,,,,,,,,,,,,,,,,,,,,
DUR_prussian_constitutionalism_ADJ;Durrani;;;;;;;;;;;;x;;;;;;;;;;;;;;;;;;;;;;;;;;;;;;;;;;;;;;;;;;;;;;;,,,,,,,,,,,,,,,,,,,,,,
DUR_hms_government_ADJ;Durrani;;;;;;;;;;;;x;;;;;;;;;;;;;;;;;;;;;;;;;;;;;;;;;;;;;;;;;;;;;;;,,,,,,,,,,,,,,,,,,,,,,
DUR_fascist_dictatorship;Durrani Republic;;;;;;;;;;;;x;;;;;;;;;;;;;;;;;;;;;;;;;;;;;;;;;;;;;;;;;;;;;;;,,,,,,,,,,,,,,,,,,,,,,
DUR_fascist_dictatorship_ADJ;Durrani;;;;;;;;;;;;x;;;;;;;;;;;;;;;;;;;;;;;;;;;;;;;;;;;;;;;;;;;;;;;,,,,,,,,,,,,,,,,,,,,,,
ENL;∆ngland;;;;;;;;;;;;;x;;;;;;;;;;;;;;;;;;;;;;;;;;;;;;;;;;;;;;;;;;;;;;,,,,,,,,,,,,,,,,,,,,,,
ENL_ADJ;∆nglisc;;;;;;;;;;;;;x;;;;;;;;;;;;;;;;;;;;;;;;;;;;;;;;;;;;;;;;;;;;;;,,,,,,,,,,,,,,,,,,,,,,
ENT;Entre Rios;;;;;;;;;;;;;x;;;;;;;;;;;;;;;;;;;;;;;;;;;;;;;;;;;;;;;;;;;;;;,,,,,,,,,,,,,,,,,,,,,,
ENT_ADJ;Entrerriano;;;;;;;;;;;;;x;;;;;;;;;;;;;;;;;;;;;;;;;;;;;;;;;;;;;;;;;;;;;;,,,,,,,,,,,,,,,,,,,,,,
ENT_conservative;Federalistas;;;;;;;;;;;;;x;;;;;;;;;;;;;;;;;;;;;;;;;;;;;;;;;;;;;;;;;;;;;;,,,,,,,,,,,,,,,,,,,,,,
ENT_conservative_2;Partido Federalista;;;;;;;;;;;;;x;;;;;;;;;;;;;;;;;;;;;;;;;;;;;;;;;;;;;;;;;;;;;;,,,,,,,,,,,,,,,,,,,,,,
ENT_liberal;Partido Liberal;;;;;;;;;;;;;x;;;;;;;;;;;;;;;;;;;;;;;;;;;;;;;;;;;;;;;;;;;;;;,,,,,,,,,,,,,,,,,,,,,,
ENT_liberal_2;Partido Democracia;;;;;;;;;;;;;x;;;;;;;;;;;;;;;;;;;;;;;;;;;;;;;;;;;;;;;;;;;;;;,,,,,,,,,,,,,,,,,,,,,,
ENT_socialist;Partido Azul;;;;;;;;;;;;;x;;;;;;;;;;;;;;;;;;;;;;;;;;;;;;;;;;;;;;;;;;;;;;,,,,,,,,,,,,,,,,,,,,,,
ENT_conservative_3;UniÛn CÌvica de Entre Rios;;;;;;;;;;;;;x;;;;;;;;;;;;;;;;;;;;;;;;;;;;;;;;;;;;;;;;;;;;;;,,,,,,,,,,,,,,,,,,,,,,
ENT_communist;Partido Communista;;;;;;;;;;;;;x;;;;;;;;;;;;;;;;;;;;;;;;;;;;;;;;;;;;;;;;;;;;;;,,,,,,,,,,,,,,,,,,,,,,
ENT_liberal_3;Liberales;;;;;;;;;;;;;x;;;;;;;;;;;;;;;;;;;;;;;;;;;;;;;;;;;;;;;;;;;;;;,,,,,,,,,,,,,,,,,,,,,,
ENT_reactionary;Partido Nacionalista;;;;;;;;;;;;;x;;;;;;;;;;;;;;;;;;;;;;;;;;;;;;;;;;;;;;;;;;;;;;,,,,,,,,,,,,,,,,,,,,,,
ENT_anarcho_liberal;Partido Radical;;;;;;;;;;;;;x;;;;;;;;;;;;;;;;;;;;;;;;;;;;;;;;;;;;;;;;;;;;;;,,,,,,,,,,,,,,,,,,,,,,
ENT_socialist_2;Partido Socialista;;;;;;;;;;;;;x;;;;;;;;;;;;;;;;;;;;;;;;;;;;;;;;;;;;;;;;;;;;;;,,,,,,,,,,,,,,,,,,,,,,
ENT_fascist;Partido Fascista;;;;;;;;;;;;;x;;;;;;;;;;;;;;;;;;;;;;;;;;;;;;;;;;;;;;;;;;;;;;,,,,,,,,,,,,,,,,,,,,,,
ERT;Eritrea;;;;;;;;;;;;x;;;;;;;;;;;;;;;;;;;;;;;;;;;;;;;;;;;;;;;;;;;;;;;,,,,,,,,,,,,,,,,,,,,,,
ERT_ADJ;Eritrean;;;;;;;;;;;;x;;;;;;;;;;;;;;;;;;;;;;;;;;;;;;;;;;;;;;;;;;;;;;;,,,,,,,,,,,,,,,,,,,,,,
ERT_conservative;Royal Faction;;;;;;;;;;;;x;;;;;;;;;;;;;;;;;;;;;;;;;;;;;;;;;;;;;;;;;;;;;;;,,,,,,,,,,,,,,,,,,,,,,
ERT_liberal;The Liberal Faction;;;;;;;;;;;;x;;;;;;;;;;;;;;;;;;;;;;;;;;;;;;;;;;;;;;;;;;;;;;;,,,,,,,,,,,,,,,,,,,,,,
ERT_reactionary;The Nationalist Faction;;;;;;;;;;;;x;;;;;;;;;;;;;;;;;;;;;;;;;;;;;;;;;;;;;;;;;;;;;;;,,,,,,,,,,,,,,,,,,,,,,
ERT_anarcho_liberal;The Radical Faction;;;;;;;;;;;;x;;;;;;;;;;;;;;;;;;;;;;;;;;;;;;;;;;;;;;;;;;;;;;;,,,,,,,,,,,,,,,,,,,,,,
ERT_socialist;The Socialist Faction;;;;;;;;;;;;x;;;;;;;;;;;;;;;;;;;;;;;;;;;;;;;;;;;;;;;;;;;;;;;,,,,,,,,,,,,,,,,,,,,,,
ERT_communist;The Communist Faction;;;;;;;;;;;;x;;;;;;;;;;;;;;;;;;;;;;;;;;;;;;;;;;;;;;;;;;;;;;;,,,,,,,,,,,,,,,,,,,,,,
ERT_fascist;The Fascist Faction;;;;;;;;;;;;x;;;;;;;;;;;;;;;;;;;;;;;;;;;;;;;;;;;;;;;;;;;;;;;,,,,,,,,,,,,,,,,,,,,,,
FIJ;Fiji;Fiji;Fiji;;;;;;;;;;;;x;;;;;;;;;;;;;;;;;;;;;;;;;;;;;;;;;;;;;;;;;;;;;,,,,,,,,,,,,,,,,,,,,,,
FIJ_ADJ;Fijian;Fijian;Fijian;;;;;;;;;;;;x;;;;;;;;;;;;;;;;;;;;;;;;;;;;;;;;;;;;;;;;;;;;;,,,,,,,,,,,,,,,,,,,,,,
FIU;Fiume;Fiume;Fiume;;;;;;;;;;;x;;;;;;;;;;;;;;;;;;;;;;;;;;;;;;;;;;;;;;;;;;;;;;,,,,,,,,,,,,,,,,,,,,,,
FIU_ADJ;Fiumani;Fiumani;Fiumani;;;;;;;;;;;x;;;;;;;;;;;;;;;;;;;;;;;;;;;;;;;;;;;;;;;;;;;;;;,,,,,,,,,,,,,,,,,,,,,,
FIU_fascist_dictatorship;Carnaro;;;;;;;;;;;;;;;;;;;;;;;;;;;;;x;;;;;;;;;;;;;;;;;;;;;;;;;;;;;;,,,,,,,,,,,,,,,,,,,,,,
FIU_bourgeois_dictatorship;Carnaro;;;;;;;;;;;;;;;;;;;;;;;;;;;;;x;;;;;;;;;;;;;;;;;;;;;;;;;;;;;;,,,,,,,,,,,,,,,,,,,,,,
FIU_presidential_dictatorship;Carnaro;;;;;;;;;;;;;;;;;;;;;;;;;;;;;x;;;;;;;;;;;;;;;;;;;;;;;;;;;;;;,,,,,,,,,,,,,,,,,,,,,,
FIU_democracy;Free State of Fiume;ùtat libre de Fiume;Freistaat Fiume;;;;;;;;;;;x;;;;;;;;;;;;;;;;;;;;;;;;;;;;;;;;;;;;;;;;;;;;;;,,,,,,,,,,,,,,,,,,,,,,
FIU_liberal;Partito Liberale;Partito Liberale;Partito Liberale;;;;;;;;;;;x;;;;;;;;;;;;;;;;;;;;;;;;;;;;;;;;;;;;;;;;;;;;;;,,,,,,,,,,,,,,,,,,,,,,
FIU_conservative;Partito Autonomo;Partito Autonomo;Partito Autonomo;;;;;;;;;;;x;;;;;;;;;;;;;;;;;;;;;;;;;;;;;;;;;;;;;;;;;;;;;;,,,,,,,,,,,,,,,,,,,,,,
FIU_reactionary;Nazionalisti;Nazionalisti;Nazionalisti;;;;;;;;;;;x;;;;;;;;;;;;;;;;;;;;;;;;;;;;;;;;;;;;;;;;;;;;;;,,,,,,,,,,,,,,,,,,,,,,
FIU_socialist;Partito Socialista di Fiume;Partito Socialista di Fiume;Partito Socialista di Fiume;;;;;;;;;;;x;;;;;;;;;;;;;;;;;;;;;;;;;;;;;;;;;;;;;;;;;;;;;;,,,,,,,,,,,,,,,,,,,,,,
FIU_communist;Partito Comunista di Fiume;Partito Comunista di Fiume;Partito Comunista di Fiume;;;;;;;;;;;x;;;;;;;;;;;;;;;;;;;;;;;;;;;;;;;;;;;;;;;;;;;;;;,,,,,,,,,,,,,,,,,,,,,,
FIU_anarcho_liberal;Radicali;Radical;Radikal;;;;;;;;;;;x;;;;;;;;;;;;;;;;;;;;;;;;;;;;;;;;;;;;;;;;;;;;;;,,,,,,,,,,,,,,,,,,,,,,
FIU_fascist;Fascisti;Fasciste;Faschistisch;;;;;;;;;;;x;;;;;;;;;;;;;;;;;;;;;;;;;;;;;;;;;;;;;;;;;;;;;;,,,,,,,,,,,,,,,,,,,,,,
FJN;Fujian;;;;;;;;;;;;x;;;;;;;;;;;;;;;;;;;;;;;;;;;;;;;;;;;;;;;;;;;;;;;,,,,,,,,,,,,,,,,,,,,,,
FJN_ADJ;Fujian;;;;;;;;;;;;x;;;;;;;;;;;;;;;;;;;;;;;;;;;;;;;;;;;;;;;;;;;;;;;,,,,,,,,,,,,,,,,,,,,,,
FJN_presidential_dictatorship;Fujian Clique;;;;;;;;;;;;x;;;;;;;;;;;;;;;;;;;;;;;;;;;;;;;;;;;;;;;;;;;;;;;,,,,,,,,,,,,,,,,,,,,,,
FJN_fascist_dictatorship;Min Republic;;;;;;;;;;;;x;;;;;;;;;;;;;;;;;;;;;;;;;;;;;;;;;;;;;;;;;;;;;;;,,,,,,,,,,,,,,,,,,,,,,
FJN_fascist_dictatorship_ADJ;Min;;;;;;;;;;;;x;;;;;;;;;;;;;;;;;;;;;;;;;;;;;;;;;;;;;;;;;;;;;;;,,,,,,,,,,,,,,,,,,,,,,
FJN_reactionary;Beiyang Faction;Faction Rongting;Rongting-Fraktion;;;;;;;;;;;x;;;;;;;;;;;;;;;;;;;;;;;;;;;;;;;;;;;;;;;;;;;;;;,,,,,,,,,,,,,,,,,,,,,,
FJN_socialist;Socialist Party;Parti socialiste;Sozialistische Partei;;;;;;;;;;;x;;;;;;;;;;;;;;;;;;;;;;;;;;;;;;;;;;;;;;;;;;;;;;,,,,,,,,,,,,,,,,,,,,,,
FJN_communist;Chinese Communist Party;Parti communiste chinois;Kommunistische Partei China;;;;;;;;;;;x;;;;;;;;;;;;;;;;;;;;;;;;;;;;;;;;;;;;;;;;;;;;;;,,,,,,,,,,,,,,,,,,,,,,
FJN_liberal;Liberal Party;Parti libÈral;Liberale Partei;;;;;;;;;;;x;;;;;;;;;;;;;;;;;;;;;;;;;;;;;;;;;;;;;;;;;;;;;;,,,,,,,,,,,,,,,,,,,,,,
FJN_conservative;Kuomintang Faction;Faction Kuomintang;Guomintang-Fraktion;;;;;;;;;;;x;;;;;;;;;;;;;;;;;;;;;;;;;;;;;;;;;;;;;;;;;;;;;;,,,,,,,,,,,,,,,,,,,,,,
FJN_fascist;Min Party;Parti fasciste;Faschistische Partei;;;;;;;;;;;x;;;;;;;;;;;;;;;;;;;;;;;;;;;;;;;;;;;;;;;;;;;;;;,,,,,,,,,,,,,,,,,,,,,,
FJN_anarcho_liberal;Freedom Party;Parti de la libertÈ;Freiheitspartei;;;;;;;;;;;x;;;;;;;;;;;;;;;;;;;;;;;;;;;;;;;;;;;;;;;;;;;;;;,,,,,,,,,,,,,,,,,,,,,,
FRA_liberal;RÈpublicain;RÈpublicain;RÈpublicain;;RÈpublicain;;;;;;;;;x;;;;;;;;;;;;;;;;;;;;;;;;;;;;;;;;;;;;;;;;;;;;;;,,,,,,,,,,,,,,,,,,,,,,
FRA_liberal_2;Union libÈrale;;;;;;;;;;;;x;;;;;;;;;;;;;;;;;;;;;;;;;;;;;;;;;;;;;;;;;;;;;;;,,,,,,,,,,,,,,,,,,,,,,
FRA_liberal_3;RÈpublicain libÈrale;;;;;;;;;;;;x;;;;;;;;;;;;;;;;;;;;;;;;;;;;;;;;;;;;;;;;;;;;;;;,,,,,,,,,,,,,,,,,,,,,,
FRA_conservative;OrlÈaniste;OrlÈaniste;OrlÈaniste;;OrlÈaniste;;;;;;;;;x;;;;;;;;;;;;;;;;;;;;;;;;;;;;;;;;;;;;;;;;;;;;;;,,,,,,,,,,,,,,,,,,,,,,
FRA_conservative_2;Bonapartiste;Bonapartiste;Bonapartiste;;Bonapartiste;;;;;;;;;x;;;;;;;;;;;;;;;;;;;;;;;;;;;;;;;;;;;;;;;;;;;;;;,,,,,,,,,,,,,,,,,,,,,,
FRA_conservative_3;RÈpublicain modÈrÈ;RÈpublicain modÈrÈ;RÈpublicain modÈrÈ;;RÈpublicain modÈrÈ;;;;;;;;;x;;;;;;;;;;;;;;;;;;;;;;;;;;;;;;;;;;;;;;;;;;;;;;,,,,,,,,,,,,,,,,,,,,,,
FRA_conservative_4;OrlÈaniste;OrlÈaniste;OrlÈaniste;;OrlÈaniste;;;;;;;;;x;;;;;;;;;;;;;;;;;;;;;;;;;;;;;;;;;;;;;;;;;;;;;;,,,,,,,,,,,,,,,,,,,,,,
FRA_conservative_5;Royaliste;Royaliste;Royaliste;;Royaliste;;;;;;;;;x;;;;;;;;;;;;;;;;;;;;;;;;;;;;;;;;;;;;;;;;;;;;;;,,,,,,,,,,,,,,,,,,,,,,
FSA;The Free States of America;;;;;;;;;;;;x;;;;;;;;;;;;;;;;;;;;;;;;;;;;;;;;;;;;;;;;;;;;;;;,,,,,,,,,,,,,,,,,,,,,,
FSA_ADJ;American;;;;;;;;;;;;x;;;;;;;;;;;;;;;;;;;;;;;;;;;;;;;;;;;;;;;;;;;;;;;,,,,,,,,,,,,,,,,,,,,,,
FSA_absolute_monarchy;The Free American Empire;;;;;;;;;;;;x;;;;;;;;;;;;;;;;;;;;;;;;;;;;;;;;;;;;;;;;;;;;;;;,,,,,,,,,,,,,,,,,,,,,,
FSA_prussian_constitutionalism;The Free American Empire;;;;;;;;;;;;x;;;;;;;;;;;;;;;;;;;;;;;;;;;;;;;;;;;;;;;;;;;;;;;,,,,,,,,,,,,,,,,,,,,,,
FSA_proletarian_dictatorship;The Free American Republic;;;;;;;;;;;;x;;;;;;;;;;;;;;;;;;;;;;;;;;;;;;;;;;;;;;;;;;;;;;;,,,,,,,,,,,,,,,,,,,,,,
FSM;Micronesia;Micronesia;Micronesia;;;;;;;;;;;;x;;;;;;;;;;;;;;;;;;;;;;;;;;;;;;;;;;;;;;;;;;;;;,,,,,,,,,,,,,,,,,,,,,,
FSM_ADJ;Micronesian;Micronesian;Micronesian;;;;;;;;;;;;x;;;;;;;;;;;;;;;;;;;;;;;;;;;;;;;;;;;;;;;;;;;;;,,,,,,,,,,,,,,,,,,,,,,
FSM_liberal;Liberal Party;Liberal Party;Liberal Party;;;;;;;;;;;;x;;;;;;;;;;;;;;;;;;;;;;;;;;;;;;;;;;;;;;;;;;;;;,,,,,,,,,,,,,,,,,,,,,,
FSM_conservative;Conservative Party;Conservative Party;Conservative Party;;;;;;;;;;;;x;;;;;;;;;;;;;;;;;;;;;;;;;;;;;;;;;;;;;;;;;;;;;,,,,,,,,,,,,,,,,,,,,,,
FSM_reactionary;Nationalist Party;Nationalist Party;Nationalist Party;;;;;;;;;;;;x;;;;;;;;;;;;;;;;;;;;;;;;;;;;;;;;;;;;;;;;;;;;;,,,,,,,,,,,,,,,,,,,,,,
FSM_socialist;Labour Party;Labour Party;Labour Party;;;;;;;;;;;;x;;;;;;;;;;;;;;;;;;;;;;;;;;;;;;;;;;;;;;;;;;;;;,,,,,,,,,,,,,,,,,,,,,,
FSM_anarcho_liberal;Radical Party;Radical Party;Radical Party;;;;;;;;;;;;x;;;;;;;;;;;;;;;;;;;;;;;;;;;;;;;;;;;;;;;;;;;;;,,,,,,,,,,,,,,,,,,,,,,
FSM_communist;Communist Party;Communist Party;Communist Party;;;;;;;;;;;;x;;;;;;;;;;;;;;;;;;;;;;;;;;;;;;;;;;;;;;;;;;;;;,,,,,,,,,,,,,,,,,,,,,,
FSM_fascist;Fascist Party;Fascist Party;Fascist Party;;;;;;;;;;;;x;;;;;;;;;;;;;;;;;;;;;;;;;;;;;;;;;;;;;;;;;;;;;,,,,,,,,,,,,,,,,,,,,,,
galicio_asturian;Galicio-Asturian;Galicio-Asturien;Galicisch-Asturisch;;;;;;;;;;;x;;;;;;;;;;;;;;;;;;;;;;;;;;;;;;;;;;;;;;;;;;;;;;,,,,,,,,,,,,,,,,,,,,,,
GAB;Gabon;;;;;;;;;;;;x;;;;;;;;;;;;;;;;;;;;;;;;;;;;;;;;;;;;;;;;;;;;;;;,,,,,,,,,,,,,,,,,,,,,,
GAB_ADJ;Gabonese;;;;;;;;;;;;x;;;;;;;;;;;;;;;;;;;;;;;;;;;;;;;;;;;;;;;;;;;;;;;,,,,,,,,,,,,,,,,,,,,,,
GAB_liberal;Circle of Liberal Reformers;;;;;;;;;;;;x;;;;;;;;;;;;;;;;;;;;;;;;;;;;;;;;;;;;;;;;;;;;;;;,,,,,,,,,,,,,,,,,,,,,,
GAB_conservative;Democratic and Social Union;;;;;;;;;;;;x;;;;;;;;;;;;;;;;;;;;;;;;;;;;;;;;;;;;;;;;;;;;;;;,,,,,,,,,,,,,,,,,,,,,,
GAB_socialist;Young Gabonese;;;;;;;;;;;;x;;;;;;;;;;;;;;;;;;;;;;;;;;;;;;;;;;;;;;;;;;;;;;;,,,,,,,,,,,,,,,,,,,,,,
GAB_reactionary;Gabonese Democratic Bloc;;;;;;;;;;;;x;;;;;;;;;;;;;;;;;;;;;;;;;;;;;;;;;;;;;;;;;;;;;;;,,,,,,,,,,,,,,,,,,,,,,
GAB_anarcho_liberal;Defense of Gabonese Interests;;;;;;;;;;;;x;;;;;;;;;;;;;;;;;;;;;;;;;;;;;;;;;;;;;;;;;;;;;;;,,,,,,,,,,,,,,,,,,,,,,
GAB_communist;Union, Work, Progress;;;;;;;;;;;;x;;;;;;;;;;;;;;;;;;;;;;;;;;;;;;;;;;;;;;;;;;;;;;;,,,,,,,,,,,,,,,,,,,,
GAB_fascist;People's Unity Party;;;;;;;;;;;;x;;;;;;;;;;;;;;;;;;;;;;;;;;;;;;;;;;;;;;;;;;;;;;;,,,,,,,,,,,,,,,,,,,,,,
GCO;Netuwe Sallia;;;;;;;;;;;;x;;;;;;;;;;;;;;;;;;;;;;;;;;;;;;;;;;;;;;;;;;;;;;;,,,,,,,,,,,,,,,,,,,,,,
GCO_ADJ;Salian;;;;;;;;;;;;x;;;;;;;;;;;;;;;;;;;;;;;;;;;;;;;;;;;;;;;;;;;;;;;,,,,,,,,,,,,,,,,,,,,,,
GCO_absolute_monarchy;Netuwe Sallia;;;;;;;;;;;;x;;;;;;;;;;;;;;;;;;;;;;;;;;;;;;;;;;;;;;;;;;;;;;;,,,,,,,,,,,,,,,,,,,,,,
GCO_prussian_constitutionalism;Netuwe Sallia;;;;;;;;;;;;x;;;;;;;;;;;;;;;;;;;;;;;;;;;;;;;;;;;;;;;;;;;;;;;,,,,,,,,,,,,,,,,,,,,,,
GCO_hms_government;Netuwe Sallia;;;;;;;;;;;;x;;;;;;;;;;;;;;;;;;;;;;;;;;;;;;;;;;;;;;;;;;;;;;;,,,,,,,,,,,,,,,,,,,,,,
GCO_absolute_monarchy_ADJ;Netuwe Sallia;;;;;;;;;;;;x;;;;;;;;;;;;;;;;;;;;;;;;;;;;;;;;;;;;;;;;;;;;;;;,,,,,,,,,,,,,,,,,,,,,,
GCO_prussian_constitutionalism_ADJ;Netuwe Sallia;;;;;;;;;;;;x;;;;;;;;;;;;;;;;;;;;;;;;;;;;;;;;;;;;;;;;;;;;;;;,,,,,,,,,,,,,,,,,,,,,,
GCO_hms_government_ADJ;Netuwe Sallia;;;;;;;;;;;;x;;;;;;;;;;;;;;;;;;;;;;;;;;;;;;;;;;;;;;;;;;;;;;;,,,,,,,,,,,,,,,,,,,,,,
GLC;Galicia;;;;;;;;;;;;;x;;;;;;;;;;;;;;;;;;;;;;;;;;;;;;;;;;;;;;;;;;;;;;,,,,,,,,,,,,,,,,,,,,,,
GLC_ADJ;Galician;;;;;;;;;;;;;x;;;;;;;;;;;;;;;;;;;;;;;;;;;;;;;;;;;;;;;;;;;;;;,,,,,,,,,,,,,,,,,,,,,,
GLC_conservative;Partido Moderado;Partido Moderado;Partido Moderado;;;;;;;;;;;;x;;;;;;;;;;;;;;;;;;;;;;;;;;;;;;;;;;;;;;;;;;;;;,,,,,,,,,,,,,,,,,,,,,,
GLC_liberal;Partido Progresista;Partido Progresista;Partido Progresista;;;;;;;;;;;;x;;;;;;;;;;;;;;;;;;;;;;;;;;;;;;;;;;;;;;;;;;;;;,,,,,,,,,,,,,,,,,,,,,,
GLC_reactionary;Partido Nationalist;ComuniÛn Carlista;ComuniÛn Carlista;;;;;;;;;;;;x;;;;;;;;;;;;;;;;;;;;;;;;;;;;;;;;;;;;;;;;;;;;;,,,,,,,,,,,,,,,,,,,,,,
GLC_socialist;Partido Socialista;Partido Socialista;Partido Socialista;;;;;;;;;;;;x;;;;;;;;;;;;;;;;;;;;;;;;;;;;;;;;;;;;;;;;;;;;;,,,,,,,,,,,,,,,,,,,,,,
GLC_communist;FederaciÛn Regional;FederaciÛn Regional;FederaciÛn Regional;;;;;;;;;;;;x;;;;;;;;;;;;;;;;;;;;;;;;;;;;;;;;;;;;;;;;;;;;;,,,,,,,,,,,,,,,,,,,,,,
GLC_anarcho_liberal;Partido Radical;Partido Radical;Partido Radical;;;;;;;;;;;;x;;;;;;;;;;;;;;;;;;;;;;;;;;;;;;;;;;;;;;;;;;;;;,,,,,,,,,,,,,,,,,,,,,,
GLC_fascist;Partido Fascist;Falange;Falange;;;;;;;;;;;;x;;;;;;;;;;;;;;;;;;;;;;;;;;;;;;;;;;;;;;;;;;;;;,,,,,,,,,,,,,,,,,,,,,,
GLM;Galicia-Lodomeria;Galicie-Lodomerie;Galizien-Lodomerien;;Galitzia-Lodomeria;;;;;;;;;;x;;;;;;;;;;;;;;;;;;;;;;;;;;;;;;;;;;;;;;;;;;;;;,,,,,,,,,,,,,,,,,,,,,,
GLM_ADJ;Galician;Galicien;Galiziener;;Galiciano;;;;;;;;;;x;;;;;;;;;;;;;;;;;;;;;;;;;;;;;;;;;;;;;;;;;;;;;,,,,,,,,,,,,,,,,,,,,,,
GMB;The Gambia;;;;;;;;;;;;x;;;;;;;;;;;;;;;;;;;;;;;;;;;;;;;;;;;;;;;;;;;;;;;,,,,,,,,,,,,,,,,,,,,,,
GMB_ADJ;Gambian;;;;;;;;;;;;x;;;;;;;;;;;;;;;;;;;;;;;;;;;;;;;;;;;;;;;;;;;;;;;,,,,,,,,,,,,,,,,,,,,,,
GMB_liberal;United Party;;;;;;;;;;;;;x;;;;;;;;;;;;;;;;;;;;;;;;;;;;;;;;;;;;;;;;;;;;;;,,,,,,,,,,,,,,,,,,,,,,
GMB_anarcho_liberal;National Convention Party;;;;;;;;;;;;;x;;;;;;;;;;;;;;;;;;;;;;;;;;;;;;;;;;;;;;;;;;;;;;,,,,,,,,,,,,,,,,,,,,,,
GMB_conservative;Democratic Party;;;;;;;;;;;;;x;;;;;;;;;;;;;;;;;;;;;;;;;;;;;;;;;;;;;;;;;;;;;;,,,,,,,,,,,,,,,,,,,,,,
GMB_reactionary;Muslim Congress Party;;;;;;;;;;;;;x;;;;;;;;;;;;;;;;;;;;;;;;;;;;;;;;;;;;;;;;;;;;;;,,,,,,,,,,,,,,,,,,,,,,
GMB_socialist;People's Progressive Party;;;;;;;;;;;;;x;;;;;;;;;;;;;;;;;;;;;;;;;;;;;;;;;;;;;;;;;;;;;;,,,,,,,,,,,,,,,,,,,,,,
GMB_communist;Gambian People's Party;;;;;;;;;;;;;x;;;;;;;;;;;;;;;;;;;;;;;;;;;;;;;;;;;;;;;;;;;;;;,,,,,,,,,,,,,,,,,,,,,,
GMB_fascist;Gambia Congress Party;;;;;;;;;;;;;x;;;;;;;;;;;;;;;;;;;;;;;;;;;;;;;;;;;;;;;;;;;;;;,,,,,,,,,,,,,,,,,,,,,,
GMJ;Guominjun;;;;;;;;;;;;;x;;;;;;;;;;;;;;;;;;;;;;;;;;;;;;;;;;;;;;;;;;;;;;,,,,,,,,,,,,,,,,,,,,,,
GMJ_ADJ;Guominjun;;;;;;;;;;;;;;x;;;;;;;;;;;;;;;;;;;;;;;;;;;;;;;;;;;;;;;;;;;;;,,,,,,,,,,,,,,,,,,,,,,
GMJ_reactionary;Beiyang Faction;Faction Rongting;Rongting-Fraktion;;;;;;;;;;;x;;;;;;;;;;;;;;;;;;;;;;;;;;;;;;;;;;;;;;;;;;;;;;,,,,,,,,,,,,,,,,,,,,,,
GMJ_socialist;Socialist Party;Parti socialiste;Sozialistische Partei;;;;;;;;;;;x;;;;;;;;;;;;;;;;;;;;;;;;;;;;;;;;;;;;;;;;;;;;;;,,,,,,,,,,,,,,,,,,,,,,
GMJ_communist;Chinese Communist Party;Parti communiste chinois;Kommunistische Partei China;;;;;;;;;;;x;;;;;;;;;;;;;;;;;;;;;;;;;;;;;;;;;;;;;;;;;;;;;;,,,,,,,,,,,,,,,,,,,,,,
GMJ_liberal;Liberal Party;Parti libÈral;Liberale Partei;;;;;;;;;;;x;;;;;;;;;;;;;;;;;;;;;;;;;;;;;;;;;;;;;;;;;;;;;;,,,,,,,,,,,,,,,,,,,,,,
GMJ_conservative;Kuomintang Faction;Faction Kuomintang;Guomintang-Fraktion;;;;;;;;;;;x;;;;;;;;;;;;;;;;;;;;;;;;;;;;;;;;;;;;;;;;;;;;;;,,,,,,,,,,,,,,,,,,,,,,
GMJ_fascist;Fascist Party;Parti fasciste;Faschistische Partei;;;;;;;;;;;x;;;;;;;;;;;;;;;;;;;;;;;;;;;;;;;;;;;;;;;;;;;;;;,,,,,,,,,,,,,,,,,,,,,,
GMJ_anarcho_liberal;Freedom Party;Parti de la libertÈ;Freiheitspartei;;;;;;;;;;;x;;;;;;;;;;;;;;;;;;;;;;;;;;;;;;;;;;;;;;;;;;;;;;,,,,,,,,,,,,,,,,,,,,,,
GNE;Guinea;;;;;;;;;;;;x;;;;;;;;;;;;;;;;;;;;;;;;;;;;;;;;;;;;;;;;;;;;;;;,,,,,,,,,,,,,,,,,,,,,,
GNE_ADJ;Guinean;;;;;;;;;;;;x;;;;;;;;;;;;;;;;;;;;;;;;;;;;;;;;;;;;;;;;;;;;;;;,,,,,,,,,,,,,,,,,,,,,,
GNE_liberal;Union for Progress and Renewal;;;;;;;;;;;;x;;;;;;;;;;;;;;;;;;;;;;;;;;;;;;;;;;;;;;;;;;;;;;;,,,,,,,,,,,,,,,,,,,,,,
GNE_anarcho_liberal;Union for the Progress;;;;;;;;;;;;x;;;;;;;;;;;;;;;;;;;;;;;;;;;;;;;;;;;;;;;;;;;;;;;,,,,,,,,,,,,,,,,,,,,,,
GNE_conservative;African Bloc of Guinea;;;;;;;;;;;;x;;;;;;;;;;;;;;;;;;;;;;;;;;;;;;;;;;;;;;;;;;;;;;;,,,,,,,,,,,,,,,,,,,,,,
GNE_reactionary;Democratic Party of Guinea;;;;;;;;;;;;x;;;;;;;;;;;;;;;;;;;;;;;;;;;;;;;;;;;;;;;;;;;;;;;,,,,,,,,,,,,,,,,,,,,,,
GNE_socialist;Socialist Democracy of Guinea;;;;;;;;;;;;x;;;;;;;;;;;;;;;;;;;;;;;;;;;;;;;;;;;;;;;;;;;;;;;,,,,,,,,,,,,,,,,,,,,,,
GNE_communist;Guinean People's Assembly;;;;;;;;;;;;x;;;;;;;;;;;;;;;;;;;;;;;;;;;;;;;;;;;;;;;;;;;;;;;,,,,,,,,,,,,,,,,,,,,,,
GNE_fascist;National Union for the Prosperity;;;;;;;;;;;;x;;;;;;;;;;;;;;;;;;;;;;;;;;;;;;;;;;;;;;;;;;;;;;;,,,,,,,,,,,,,,,,,,,,,,
GNG;Guangdong;;;;;;;;;;;;x;;;;;;;;;;;;;;;;;;;;;;;;;;;;;;;;;;;;;;;;;;;;;;;,,,,,,,,,,,,,,,,,,,,,,
GNG_ADJ;Guangdong;;;;;;;;;;;;x;;;;;;;;;;;;;;;;;;;;;;;;;;;;;;;;;;;;;;;;;;;;;;;,,,,,,,,,,,,,,,,,,,,,,
GNG_presidential_dictatorship;Guangdong Clique;;;;;;;;;;;;x;;;;;;;;;;;;;;;;;;;;;;;;;;;;;;;;;;;;;;;;;;;;;;;,,,,,,,,,,,,,,,,,,,,,,
GNG_reactionary;Beiyang Faction;Faction Rongting;Rongting-Fraktion;;;;;;;;;;;x;;;;;;;;;;;;;;;;;;;;;;;;;;;;;;;;;;;;;;;;;;;;;;,,,,,,,,,,,,,,,,,,,,,,
GNG_socialist;Socialist Party;Parti socialiste;Sozialistische Partei;;;;;;;;;;;x;;;;;;;;;;;;;;;;;;;;;;;;;;;;;;;;;;;;;;;;;;;;;;,,,,,,,,,,,,,,,,,,,,,,
GNG_communist;Chinese Communist Party;Parti communiste chinois;Kommunistische Partei China;;;;;;;;;;;x;;;;;;;;;;;;;;;;;;;;;;;;;;;;;;;;;;;;;;;;;;;;;;,,,,,,,,,,,,,,,,,,,,,,
GNG_liberal;Liberal Party;Parti libÈral;Liberale Partei;;;;;;;;;;;x;;;;;;;;;;;;;;;;;;;;;;;;;;;;;;;;;;;;;;;;;;;;;;,,,,,,,,,,,,,,,,,,,,,,
GNG_conservative;Kuomintang Faction;Faction Kuomintang;Guomintang-Fraktion;;;;;;;;;;;x;;;;;;;;;;;;;;;;;;;;;;;;;;;;;;;;;;;;;;;;;;;;;;,,,,,,,,,,,,,,,,,,,,,,
GNG_fascist;Fascist Party;Parti fasciste;Faschistische Partei;;;;;;;;;;;x;;;;;;;;;;;;;;;;;;;;;;;;;;;;;;;;;;;;;;;;;;;;;;,,,,,,,,,,,,,,,,,,,,,,
GNG_anarcho_liberal;Freedom Party;Parti de la libertÈ;Freiheitspartei;;;;;;;;;;;x;;;;;;;;;;;;;;;;;;;;;;;;;;;;;;;;;;;;;;;;;;;;;;,,,,,,,,,,,,,,,,,,,,,,
GRA;Grenada;;;;;;;;;;;;x;;;;;;;;;;;;;;;;;;;;;;;;;;;;;;;;;;;;;;;;;;;;;;;,,,,,,,,,,,,,,,,,,,,,,
GRA_ADJ;Grenadian;;;;;;;;;;;;x;;;;;;;;;;;;;;;;;;;;;;;;;;;;;;;;;;;;;;;;;;;;;;;,,,,,,,,,,,,,,,,,,,,,,
GRN;Greenland;;;;;;;;;;;;;x;;;;;;;;;;;;;;;;;;;;;;;;;;;;;;;;;;;;;;;;;;;;;;,,,,,,,,,,,,,,,,,,,,,,
GRN_ADJ;Greenlandic;;;;;;;;;;;;;x;;;;;;;;;;;;;;;;;;;;;;;;;;;;;;;;;;;;;;;;;;;;;;,,,,,,,,,,,,,,,,,,,,,,
GUY;Guyana;;;;;;;;;;;;;x;;;;;;;;;;;;;;;;;;;;;;;;;;;;;;;;;;;;;;;;;;;;;;,,,,,,,,,,,,,,,,,,,,,,
GUY_ADJ;Guyanese;;;;;;;;;;;;;x;;;;;;;;;;;;;;;;;;;;;;;;;;;;;;;;;;;;;;;;;;;;;;,,,,,,,,,,,,,,,,,,,,,,
GUY_conservative;Dutch Faction;;;;;;;;;;;;;x;;;;;;;;;;;;;;;;;;;;;;;;;;;;;;;;;;;;;;;;;;;;;;,,,,,,,,,,,,,,,,,,,,,,
GUY_liberal;French Faction;;;;;;;;;;;;;x;;;;;;;;;;;;;;;;;;;;;;;;;;;;;;;;;;;;;;;;;;;;;;,,,,,,,,,,,,,,,,,,,,,,
GUY_socialist;Ruimveldt Party;;;;;;;;;;;;;x;;;;;;;;;;;;;;;;;;;;;;;;;;;;;;;;;;;;;;;;;;;;;;,,,,,,,,,,,,,,,,,,,,,,
GUY_communist;British Guiana Labour Union;;;;;;;;;;;;;x;;;;;;;;;;;;;;;;;;;;;;;;;;;;;;;;;;;;;;;;;;;;;;,,,,,,,,,,,,,,,,,,,,,,
GUY_reactionary;British Faction;;;;;;;;;;;;;x;;;;;;;;;;;;;;;;;;;;;;;;;;;;;;;;;;;;;;;;;;;;;;,,,,,,,,,,,,,,,,,,,,,,
GUY_anarcho_liberal;American Faction;;;;;;;;;;;;;x;;;;;;;;;;;;;;;;;;;;;;;;;;;;;;;;;;;;;;;;;;;;;;,,,,,,,,,,,,,,,,,,,,,,
GUY_fascist;Unity Party;;;;;;;;;;;;;x;;;;;;;;;;;;;;;;;;;;;;;;;;;;;;;;;;;;;;;;;;;;;;,,,,,,,,,,,,,,,,,,,,,,
GXI_presidential_dictatorship;Guangxi Clique;Clique de Guangxi;Guangxi-Clique;;;;;;;;;;;x;;;;;;;;;;;;;;;;;;;;;;;;;;;;;;;;;;;;;;;;;;;;;;,,,,,,,,,,,,,,,,,,,,,,
HAL;Ha'il;;;;;;;;;;;;x;;;;;;;;;;;;;;;;;;;;;;;;;;;;;;;;;;;;;;;;;;;;;;;,,,,,,,,,,,,,,,,,,,,,,
HAL_ADJ;Haili;;;;;;;;;;;;x;;;;;;;;;;;;;;;;;;;;;;;;;;;;;;;;;;;;;;;;;;;;;;;,,,,,,,,,,,,,,,,,,,,,,
HAL_absolute_monarchy;Al-Rashid Emirate;;;;;;;;;;;;x;;;;;;;;;;;;;;;;;;;;;;;;;;;;;;;;;;;;;;;;;;;;;;;,,,,,,,,,,,,,,,,,,,,,,
HAL_prussian_constitutionalism;Al-Rashid Emirate;;;;;;;;;;;;x;;;;;;;;;;;;;;;;;;;;;;;;;;;;;;;;;;;;;;;;;;;;;;;,,,,,,,,,,,,,,,,,,,,,,
HAL_hms_government;Al-Rashid Emirate;;;;;;;;;;;;x;;;;;;;;;;;;;;;;;;;;;;;;;;;;;;;;;;;;;;;;;;;;;;;,,,,,,,,,,,,,,,,,,,,,,
HAL_absolute_monarchy_ADJ;Rashidi;;;;;;;;;;;;x;;;;;;;;;;;;;;;;;;;;;;;;;;;;;;;;;;;;;;;;;;;;;;;,,,,,,,,,,,,,,,,,,,,,,
HAL_prussian_constitutionalism_ADJ;Rashidi;;;;;;;;;;;;x;;;;;;;;;;;;;;;;;;;;;;;;;;;;;;;;;;;;;;;;;;;;;;;,,,,,,,,,,,,,,,,,,,,,,
HAL_hms_government_ADJ;Rashidi;;;;;;;;;;;;x;;;;;;;;;;;;;;;;;;;;;;;;;;;;;;;;;;;;;;;;;;;;;;;,,,,,,,,,,,,,,,,,,,,,,
HAL_reactionary;Hizb al-Hashemiyya al-Urduni;;;;;;;;;;;;;x;;;;;;;;;;;;;;;;;;;;;;;;;;;;;;;;;;;;;;;;;;;;;;,,,,,,,,,,,,,,,,,,,,,,
HAL_conservative;Hizb al-Wasat al-Islami;;;;;;;;;;;;;x;;;;;;;;;;;;;;;;;;;;;;;;;;;;;;;;;;;;;;;;;;;;;;,,,,,,,,,,,,,,,,,,,,,,
HAL_liberal;Yasari-d-al-Dimaqrati al-Urduni;;;;;;;;;;;;;x;;;;;;;;;;;;;;;;;;;;;;;;;;;;;;;;;;;;;;;;;;;;;;,,,,,,,,,,,,,,,,,,,,,,
HAL_anarcho_liberal;Al Anarkiliberali;;;;;;;;;;;;;x;;;;;;;;;;;;;;;;;;;;;;;;;;;;;;;;;;;;;;;;;;;;;;,,,,,,,,,,,,,,,,,,,,,,
HAL_socialist;Hizb al-Baath al-Ishtiraki al-Urduni;;;;;;;;;;;;;x;;;;;;;;;;;;;;;;;;;;;;;;;;;;;;;;;;;;;;;;;;;;;;,,,,,,,,,,,,,,,,,,,,,,
HAL_communist;Al-Hizb al-Shuyui al-Urduni;;;;;;;;;;;;;x;;;;;;;;;;;;;;;;;;;;;;;;;;;;;;;;;;;;;;;;;;;;;;,,,,,,,,,,,,,,,,,,,,,,
HAL_fascist;Hizb al-Mustaqbal;;;;;;;;;;;;;x;;;;;;;;;;;;;;;;;;;;;;;;;;;;;;;;;;;;;;;;;;;;;;,,,,,,,,,,,,,,,,,,,,,,
HDU;Hindustan;;;;;;;;;;;;x;;;;;;;;;;;;;;;;;;;;;;;;;;;;;;;;;;;;;;;;;;;;;;;,,,,,,,,,,,,,,,,,,,,,,
HDU_ADJ;Hindustani;;;;;;;;;;;;x;;;;;;;;;;;;;;;;;;;;;;;;;;;;;;;;;;;;;;;;;;;;;;;,,,,,,,,,,,,,,,,,,,,,,
HNN;Hunan;;;;;;;;;;;;x;;;;;;;;;;;;;;;;;;;;;;;;;;;;;;;;;;;;;;;;;;;;;;;,,,,,,,,,,,,,,,,,,,,,,
HNN_ADJ;Hunan;;;;;;;;;;;;x;;;;;;;;;;;;;;;;;;;;;;;;;;;;;;;;;;;;;;;;;;;;;;;,,,,,,,,,,,,,,,,,,,,,,
HNN_presidential_dictatorship;Hunan Clique;;;;;;;;;;;;x;;;;;;;;;;;;;;;;;;;;;;;;;;;;;;;;;;;;;;;;;;;;;;;,,,,,,,,,,,,,,,,,,,,,,
HNN_reactionary;Beiyang Faction;Faction Rongting;Rongting-Fraktion;;;;;;;;;;;x;;;;;;;;;;;;;;;;;;;;;;;;;;;;;;;;;;;;;;;;;;;;;;,,,,,,,,,,,,,,,,,,,,,,
HNN_socialist;Socialist Party;Parti socialiste;Sozialistische Partei;;;;;;;;;;;x;;;;;;;;;;;;;;;;;;;;;;;;;;;;;;;;;;;;;;;;;;;;;;,,,,,,,,,,,,,,,,,,,,,,
HNN_communist;Chinese Communist Party;Parti communiste chinois;Kommunistische Partei China;;;;;;;;;;;x;;;;;;;;;;;;;;;;;;;;;;;;;;;;;;;;;;;;;;;;;;;;;;,,,,,,,,,,,,,,,,,,,,,,
HNN_liberal;Liberal Party;Parti libÈral;Liberale Partei;;;;;;;;;;;x;;;;;;;;;;;;;;;;;;;;;;;;;;;;;;;;;;;;;;;;;;;;;;,,,,,,,,,,,,,,,,,,,,,,
HNN_conservative;Kuomintang Faction;Faction Kuomintang;Guomintang-Fraktion;;;;;;;;;;;x;;;;;;;;;;;;;;;;;;;;;;;;;;;;;;;;;;;;;;;;;;;;;;,,,,,,,,,,,,,,,,,,,,,,
HNN_fascist;Fascist Party;Parti fasciste;Faschistische Partei;;;;;;;;;;;x;;;;;;;;;;;;;;;;;;;;;;;;;;;;;;;;;;;;;;;;;;;;;;,,,,,,,,,,,,,,,,,,,,,,
HNN_anarcho_liberal;Freedom Party;Parti de la libertÈ;Freiheitspartei;;;;;;;;;;;x;;;;;;;;;;;;;;;;;;;;;;;;;;;;;;;;;;;;;;;;;;;;;;,,,,,,,,,,,,,,,,,,,,,,
HOL_anarcho_liberal;Radicale Partij;;;;;;;;;;;;x;;;;;;;;;;;;;;;;;;;;;;;;;;;;;;;;;;;;;;;;;;;;;;;,,,,,,,,,,,,,,,,,,,,,,
HUI;Anhui;;;;;;;;;;;;x;;;;;;;;;;;;;;;;;;;;;;;;;;;;;;;;;;;;;;;;;;;;;;;,,,,,,,,,,,,,,,,,,,,,,
HUI_ADJ;Anhui;;;;;;;;;;;;x;;;;;;;;;;;;;;;;;;;;;;;;;;;;;;;;;;;;;;;;;;;;;;;,,,,,,,,,,,,,,,,,,,,,,
HUI_presidential_dictatorship;Anhui Clique;;;;;;;;;;;;x;;;;;;;;;;;;;;;;;;;;;;;;;;;;;;;;;;;;;;;;;;;;;;;,,,,,,,,,,,,,,,,,,,,,,
HUI_reactionary;Beiyang Faction;Faction Rongting;Rongting-Fraktion;;;;;;;;;;;x;;;;;;;;;;;;;;;;;;;;;;;;;;;;;;;;;;;;;;;;;;;;;;,,,,,,,,,,,,,,,,,,,,,,
HUI_socialist;Socialist Party;Parti socialiste;Sozialistische Partei;;;;;;;;;;;x;;;;;;;;;;;;;;;;;;;;;;;;;;;;;;;;;;;;;;;;;;;;;;,,,,,,,,,,,,,,,,,,,,,,
HUI_communist;Chinese Communist Party;Parti communiste chinois;Kommunistische Partei China;;;;;;;;;;;x;;;;;;;;;;;;;;;;;;;;;;;;;;;;;;;;;;;;;;;;;;;;;;,,,,,,,,,,,,,,,,,,,,,,
HUI_liberal;Liberal Party;Parti libÈral;Liberale Partei;;;;;;;;;;;x;;;;;;;;;;;;;;;;;;;;;;;;;;;;;;;;;;;;;;;;;;;;;;,,,,,,,,,,,,,,,,,,,,,,
HUI_conservative;Kuomintang Faction;Faction Kuomintang;Guomintang-Fraktion;;;;;;;;;;;x;;;;;;;;;;;;;;;;;;;;;;;;;;;;;;;;;;;;;;;;;;;;;;,,,,,,,,,,,,,,,,,,,,,,
HUI_fascist;Fascist Party;Parti fasciste;Faschistische Partei;;;;;;;;;;;x;;;;;;;;;;;;;;;;;;;;;;;;;;;;;;;;;;;;;;;;;;;;;;,,,,,,,,,,,,,,,,,,,,,,
HUI_anarcho_liberal;Freedom Party;Parti de la libertÈ;Freiheitspartei;;;;;;;;;;;x;;;;;;;;;;;;;;;;;;;;;;;;;;;;;;;;;;;;;;;;;;;;;;,,,,,,,,,,,,,,,,,,,,,,
IBR;Iberia;;;;;;;;;;;;;x;;;;;;;;;;;;;;;;;;;;;;;;;;;;;;;;;;;;;;;;;;;;;;,,,,,,,,,,,,,,,,,,,,,,
IBR_ADJ;Iberian;;;;;;;;;;;;;x;;;;;;;;;;;;;;;;;;;;;;;;;;;;;;;;;;;;;;;;;;;;;;,,,,,,,,,,,,,,,,,,,,,,
INO;Indonesia;IndonÈsie;Indonesien;;Indonesia;;;;;;;;;x;;;;;;;;;;;;;;;;;;;;;;;;;;;;;;;;;;;;;;;;;;;;;;,,,,,,,,,,,,,,,,,,,,,,
INO_ADJ;Indonesian;IndonÈsienne;Indonesisch;;Indonesio;;;;;;;;;x;;;;;;;;;;;;;;;;;;;;;;;;;;;;;;;;;;;;;;;;;;;;;;,,,,,,,,,,,,,,,,,,,,,,
INO_conservative;Partai Golongan Karya;;;;;;;;;;;;x;;;;;;;;;;;;;;;;;;;;;;;;;;;;;;;;;;;;;;;;;;;;;;;,,,,,,,,,,,,,,,,,,,,,,
INO_liberal;Partai Majelis Syuro Muslimin Indonesia;;;;;;;;;;;;x;;;;;;;;;;;;;;;;;;;;;;;;;;;;;;;;;;;;;;;;;;;;;;;,,,,,,,,,,,,,,,,,,,,,,
INO_liberal_2;Partai Demokrat;;;;;;;;;;;;x;;;;;;;;;;;;;;;;;;;;;;;;;;;;;;;;;;;;;;;;;;;;;;;,,,,,,,,,,,,,,,,,,,,,,
INO_reactionary;Nahdlatul Ulama;;;;;;;;;;;;x;;;;;;;;;;;;;;;;;;;;;;;;;;;;;;;;;;;;;;;;;;;;;;;,,,,,,,,,,,,,,,,,,,,,,
INO_anarcho_liberal;Partai Nasdem;;;;;;;;;;;;x;;;;;;;;;;;;;;;;;;;;;;;;;;;;;;;;;;;;;;;;;;;;;;;,,,,,,,,,,,,,,,,,,,,,,
INO_socialist;Partai Sosialis Indonesia;;;;;;;;;;;;x;;;;;;;;;;;;;;;;;;;;;;;;;;;;;;;;;;;;;;;;;;;;;;;,,,,,,,,,,,,,,,,,,,,,,
INO_socialist_2;Partai Nasional Indonesia;;;;;;;;;;;;x;;;;;;;;;;;;;;;;;;;;;;;;;;;;;;;;;;;;;;;;;;;;;;;,,,,,,,,,,,,,,,,,,,,,,
INO_communist;Partai Komunis Indonesia;;;;;;;;;;;;x;;;;;;;;;;;;;;;;;;;;;;;;;;;;;;;;;;;;;;;;;;;;;;;,,,,,,,,,,,,,,,,,,,,,,
INO_fascist;Partai Gerakan Indonesia Raya;;;;;;;;;;;;x;;;;;;;;;;;;;;;;;;;;;;;;;;;;;;;;;;;;;;;;;;;;;;;,,,,,,,,,,,,,,,,,,,,,,
IOM;Isle of Man;Œle de Man;Isle of Man;;Isle of Man;;;;;;;;;x;;;;;;;;;;;;;;;;;;;;;;;;;;;;;;;;;;;;;;;;;;;;;;,,,,,,,,,,,,,,,,,,,,,,
IOM_ADJ;Manx;Mannois;Mannisch;ManÈs;;;;;;;;;x;;;;;;;;;;;;;;;;;;;;;;;;;;;;;;;;;;;;;;;;;;;;;;;,,,,,,,,,,,,,,,,,,,,,,
IOM_liberal;Liberal Party;Liberal Party;Liberal Party;;Liberal Party;;;;;;;;;;;x;;;;;;;;;;;;;;;;;;;;;;;;;;;;;;;;;;;;;;;;;;;;,,,,,,,,,,,,,,,,,,,,,,
IOM_conservative;People's Political Association;People's Political Association;People's Political Association;;People's Political Association;;;;;;;;;;;x;;;;;;;;;;;;;;;;;;;;;;;;;;;;;;;;;;;;;;;;;;;;,,,,,,,,,,,,,,,,,,,,,,
IOM_reactionary;National Party;National Party;National Party;;National Party;;;;;;;;;;;x;;;;;;;;;;;;;;;;;;;;;;;;;;;;;;;;;;;;;;;;;;;;,,,,,,,,,,,,,,,,,,,,,,
IOM_socialist;Labour Party;Labour Party;Labour Party;;Labour Party;;;;;;;;;;;x;;;;;;;;;;;;;;;;;;;;;;;;;;;;;;;;;;;;;;;;;;;;,,,,,,,,,,,,,,,,,,,,,,
IOM_anarcho_liberal;Positive Action Group;Positive Action Group;Positive Action Group;;Positive Action Group;;;;;;;;;;;x;;;;;;;;;;;;;;;;;;;;;;;;;;;;;;;;;;;;;;;;;;;;,,,,,,,,,,,,,,,,,,,,,,
IOM_communist;Communist Party;Communist Party;Communist Party;;Communist Party;;;;;;;;;;;x;;;;;;;;;;;;;;;;;;;;;;;;;;;;;;;;;;;;;;;;;;;;,,,,,,,,,,,,,,,,,,,,,,
IOM_fascist;Mec Vannin;Mec Vannin;Mec Vannin;;Mec Vannin;;;;;;;;;;;x;;;;;;;;;;;;;;;;;;;;;;;;;;;;;;;;;;;;;;;;;;;;,,,,,,,,,,,,,,,,,,,,,,
ITA_reactionary;Fazione Monarchica;Fazione Monarchica;Fazione Monarchica;;Fazione Monarchica;;;;;;;;;x;;;;;;;;;;;;;;;;;;;;;;;;;;;;;;;;;;;;;;;;;;;;;;,,,,,,,,,,,,,,,,,,,,,,
ITA_conservative;Destra Liberale;Destra Liberale;Destra Liberale;;Destra Liberale;;;;;;;;;x;;;;;;;;;;;;;;;;;;;;;;;;;;;;;;;;;;;;;;;;;;;;;;,,,,,,,,,,,,,,,,,,,,,,
ITA_liberal;Sinistra Liberale;Sinistra Liberale;Sinistra Liberale;;Sinistra Liberale;;;;;;;;;x;;;;;;;;;;;;;;;;;;;;;;;;;;;;;;;;;;;;;;;;;;;;;;,,,,,,,,,,,,,,,,,,,,,,
ITA_liberal_2;Partito Repubblicano Italiano;Partito Repubblicano Italiano;Partito Repubblicano Italiano;;Partito Repubblicano Italiano;;;;;;;;;x;;;;;;;;;;;;;;;;;;;;;;;;;;;;;;;;;;;;;;;;;;;;;;,,,,,,,,,,,,,,,,,,,,,,
ITA_conservative_2;Partito Liberale Italiano;Partito Liberale Italiano;Partito Liberale Italiano;;Partito Liberale Italiano;;;;;;;;;x;;;;;;;;;;;;;;;;;;;;;;;;;;;;;;;;;;;;;;;;;;;;;;,,,,,,,,,,,,,,,,,,,,,,
ITA_conservative_3;Partito Popolare Italiano;Partito Popolare Italiano;Partito Popolare Italiano;;Partito Popolare Italiano;;;;;;;;;x;;;;;;;;;;;;;;;;;;;;;;;;;;;;;;;;;;;;;;;;;;;;;;,,,,,,,,,,,,,,,,,,,,,,
ITA_socialist;Partito Socialista Italiano;Partito Socialista Italiano;Partito Socialista Italiano;;Partito Socialista Italiano;;;;;;;;;x;;;;;;;;;;;;;;;;;;;;;;;;;;;;;;;;;;;;;;;;;;;;;;,,,,,,,,,,,,,,,,,,,,,,
ITA_anarcho_liberal;Estrema Sinistra Liberale;Estrema Sinistra Liberale;Estrema Sinistra Liberale;;Estrema Sinistra Liberale;;;;;;;;;x;;;;;;;;;;;;;;;;;;;;;;;;;;;;;;;;;;;;;;;;;;;;;;,,,,,,,,,,,,,,,,,,,,,,
ITA_communist;Partito Comunista d'Italia;Partito Comunista d'Italia;Partito Comunista d'Italia;;Partito Comunista d'Italia;;;;;;;;;x;;;;;;;;;;;;;;;;;;;;;;;;;;;;;;;;;;;;;;;;;;;;;;,,,,,,,,,,,,,,,,,,,,,,
ITA_fascist;Partito Nazionale Fascista;Partito Nazionale Fascista;Partito Nazionale Fascista;;Partito Nazionale Fascista;;;;;;;;;x;;;;;;;;;;;;;;;;;;;;;;;;;;;;;;;;;;;;;;;;;;;;;;,,,,,,,,,,,,,,,,,,,,,,
CSA_presidential_dictatorship;The Confederate States of America;;;;;;;;;;;;;;;;;;;;;;;;;;;;;;;;;;;;;;;;;;;;;;;;;;;;;;;;;;;,,,,,,,,,,,,,,,,,,,,,,
CSA;The Confederate States of America;;;;;;;;;;;;;;;;;;;;;;;;;;;;;;;;;;;;;;;;;;;;;;;;;;;;;;;;;;;,,,,,,,,,,,,,,,,,,,,,,
CSA_bourgeois_dictatorship;The Confederate States of America;;;;;;;;;;;;;;;;;;;;;;;;;;;;;;;;;;;;;;;;;;;;;;;;;;;;;;;;;;;,,,,,,,,,,,,,,,,,,,,,,
CSA_fascist_dictatorship;The Confederacy;;;;;;;;;;;;;;;;;;;;;;;;;;;;;;;;;;;;;;;;;;;;;;;;;;;;;;;;;;;,,,,,,,,,,,,,,,,,,,,,,
CSA_proletarian_dictatorship;The People's Confederacy;;;;;;;;;;;;x;;;;;;;;;;;;;;;;;;;;;;;;;;;;;;;;;;;;;;;;;;;;;;;,,,,,,,,,,,,,,,,,,,,,,
ITA_democracy;The Italian Republic;;;;;;;;;;;;;;x;;;;;;;;;;;;;;;;;;;;;;;;;;;;;;;;;;;;;;;;;;;;;,,,,,,,,,,,,,,,,,,,,,,
ITA_bourgeois_dictatorship_ADJ;Italian;;;;;;;;;;;;;x;;;;;;;;;;;;;;;;;;;;;;;;;;;;;;;;;;;;;;;;;;;;;;,,,,,,,,,,,,,,,,,,,,,,
ITA_proletarian_dictatorship;The People's Republic of Italy;;;;;;;;;;;;;x;;;;;;;;;;;;;;;;;;;;;;;;;;;;;;;;;;;;;;;;;;;;;;,,,,,,,,,,,,,,,,,,,,,,
ITA_proletarian_dictatorship_ADJ;Italian;;;;;;;;;;;;;x;;;;;;;;;;;;;;;;;;;;;;;;;;;;;;;;;;;;;;;;;;;;;;,,,,,,,,,,,,,,,,,,,,,,
ITA_lotharingian_duchy;Provincia Italia;;;;;;;;;;;;;;x;;;;;;;;;;;;;;;;;;;;;;;;;;
ITA_absolute_monarchy;The Italian Empire;;;;;;;;;;;;;;x;;;;;;;;;;;;;;;;;;;;;;;;;;
ITA_hms_government;The Italian Empire;;;;;;;;;;;;;;x;;;;;;;;;;;;;;;;;;;;;;;;;;
ITA_theocracy;The Kingdom of God;;;;;;;;;;;;;;x;;;;;;;;;;;;;;;;;;;;;;;;;;
IVC;Ivory Coast;;;;;;;;;;;;x;;;;;;;;;;;;;;;;;;;;;;;;;;;;;;;;;;;;;;;;;;;;;;;,,,,,,,,,,,,,,,,,,,,,,
IVC_ADJ;Ivorian;;;;;;;;;;;;x;;;;;;;;;;;;;;;;;;;;;;;;;;;;;;;;;;;;;;;;;;;;;;;,,,,,,,,,,,,,,,,,,,,,,
IVC_liberal;Rally of the Republicans;;;;;;;;;;;;x;;;;;;;;;;;;;;;;;;;;;;;;;;;;;;;;;;;;;;;;;;;;;;;,,,,,,,,,,,,,,,,,,,,,,
IVC_anarcho_liberal;URDIESCI;;;;;;;;;;;;x;;;;;;;;;;;;;;;;;;;;;;;;;;;;;;;;;;;;;;;;;;;;;;;,,,,,,,,,,,,,,,,,,,,,,
IVC_conservative;Entente of Independents;;;;;;;;;;;;x;;;;;;;;;;;;;;;;;;;;;;;;;;;;;;;;;;;;;;;;;;;;;;;,,,,,,,,,,,,,,,,,,,,,,
IVC_reactionary;Democratic Party;;;;;;;;;;;;x;;;;;;;;;;;;;;;;;;;;;;;;;;;;;;;;;;;;;;;;;;;;;;;,,,,,,,,,,,,,,,,,,,,,,
IVC_socialist;African Socialist Movement;;;;;;;;;;;;x;;;;;;;;;;;;;;;;;;;;;;;;;;;;;;;;;;;;;;;;;;;;;;;,,,,,,,,,,,,,,,,,,,,,,
IVC_communist;Ivorian Popular Front;;;;;;;;;;;;x;;;;;;;;;;;;;;;;;;;;;;;;;;;;;;;;;;;;;;;;;;;;;;;,,,,,,,,,,,,,,,,,,,,,,
IVC_fascist;Movement of the Forces of the Future;;;;;;;;;;;;x;;;;;;;;;;;;;;;;;;;;;;;;;;;;;;;;;;;;;;;;;;;;;;;,,,,,,,,,,,,,,,,,,,,,,
IZH;Ingria;;;;;;;;;;;;x;;;;;;;;;;;;;;;;;;;;;;;;;;;;;;;;;;;;;;;;;;;;;;;,,,,,,,,,,,,,,,,,,,,,,
IZH_ADJ;Ingrian;;;;;;;;;;;;x;;;;;;;;;;;;;;;;;;;;;;;;;;;;;;;;;;;;;;;;;;;;;;;,,,,,,,,,,,,,,,,,,,,,,
JAM;Jamaica;JamaÔque;Jamaica;;Jamaica;;;;;;;;;x;;;;;;;;;;;;;;;;;;;;;;;;;;;;;;;;;;;;;;;;;;;;;;,,,,,,,,,,,,,,,,,,,,,,
JAM_ADJ;Jamaican;JamaÔcain;Jamaican;;Jamaican;;;;;;;;;x;;;;;;;;;;;;;;;;;;;;;;;;;;;;;;;;;;;;;;;;;;;;;;,,,,,,,,,,,,,,,,,,,,,,
JAM_conservative;Conservative Party;Conservative Party;Conservative Party;;;;;;;;;;;x;;;;;;;;;;;;;;;;;;;;;;;;;;;;;;;;;;;;;;;;;;;;;;,,,,,,,,,,,,,,,,,,,,,,
JAM_liberal;Liberal Party;Liberal Party;Liberal Party;;;;;;;;;;;x;;;;;;;;;;;;;;;;;;;;;;;;;;;;;;;;;;;;;;;;;;;;;;,,,,,,,,,,,,,,,,,,,,,,
JAM_reactionary;Alliance for National Unity;Alliance for National Unity;Alliance for National Unity;;;;;;;;;;;x;;;;;;;;;;;;;;;;;;;;;;;;;;;;;;;;;;;;;;;;;;;;;;,,,,,,,,,,,,,,,,,,,,,,
JAM_socialist;People's Political Party;People's Political Party;People's Political Party;;;;;;;;;;;x;;;;;;;;;;;;;;;;;;;;;;;;;;;;;;;;;;;;;;;;;;;;;;,,,,,,,,,,,,,,,,,,,,,,
JAM_communist;Worker's Party;Worker's Party;Worker's Party;;;;;;;;;;;x;;;;;;;;;;;;;;;;;;;;;;;;;;;;;;;;;;;;;;;;;;;;;;,,,,,,,,,,,,,,,,,,,,,,
JAM_anarcho_liberal;Radical Party;Radical Party;Radical Party;;;;;;;;;;;x;;;;;;;;;;;;;;;;;;;;;;;;;;;;;;;;;;;;;;;;;;;;;;,,,,,,,,,,,,,,,,,,,,,,
JAM_fascist;Fascist Party;Fascist Party;Fascist Party;;;;;;;;;;;x;;;;;;;;;;;;;;;;;;;;;;;;;;;;;;;;;;;;;;;;;;;;;;,,,,,,,,,,,,,,,,,,,,,,
JAP_absolute_monarchy;Imperial Japan;;;;;;;;;;;x;;;;;;;;;;;;;;;;;;;;;;;;;;;;;;;;;;;;;;;;;;;;;;;;,,,,,,,,,,,,,,,,,,,,,,
JAP_reactionary;Handoutou;Faction Shogunate;Shogunate Faction;;;;;;;;;;;;x;;;;;;;;;;;;;;;;;;;;;;;;;;;;;;;;;;;;;;;;;;;;;,,,,,,,,,,,,,,,,,,,,,,
JAP_conservative;Rikken Teiseitou;Faction de la cour;Court Faction;;;;;;;;;;;;x;;;;;;;;;;;;;;;;;;;;;;;;;;;;;;;;;;;;;;;;;;;;;,,,,,,,,,,,,,,,,,,,,,,
JAP_conservative_2;Rikken Kaishintou;Faction impÈrialiste;Imperialist Faction;;;;;;;;;;;;x;;;;;;;;;;;;;;;;;;;;;;;;;;;;;;;;;;;;;;;;;;;;;,,,,,,,,,,,,,,,,,,,,,,
JAP_reactionary_2;Handoutou;Faction nationaliste;Nationalistische Fraktion;;;;;;;;;;;;x;;;;;;;;;;;;;;;;;;;;;;;;;;;;;;;;;;;;;;;;;;;;;,,,,,,,,,,,,,,,,,,,,,,
JAP_conservative_3;Tachiagare Nippon;Faction conservatrice;Conservative Faction;;;;;;;;;;;;x;;;;;;;;;;;;;;;;;;;;;;;;;;;;;;;;;;;;;;;;;;;;;,,,,,,,,,,,,,,,,,,,,,,
JAP_liberal;Aikokusha;Faction libÈrale;Liberal Faction;;;;;;;;;;;;x;;;;;;;;;;;;;;;;;;;;;;;;;;;;;;;;;;;;;;;;;;;;;,,,,,,,,,,,,,,,,,,,,,,
JAP_socialist;Shakaitou;Faction marxiste;Marxist Faction;;;;;;;;;;;;x;;;;;;;;;;;;;;;;;;;;;;;;;;;;;;;;;;;;;;;;;;;;;,,,,,,,,,,,,,,,,,,,,,,
JAP_anarcho_liberal;Ishin Seito Shimpu;;;;;;;;;;;;;;;;;;;;x;;;;;;;;;;;;;;;;;;;;;;;;;;;;;;;;;;;;;;;,,,,,,,,,,,,,,,,,,,,,,
JAP_communist;Kyousantou;Faction communiste;Kommunistische Fraktion;;;;;;;;;;;;x;;;;;;;;;;;;;;;;;;;;;;;;;;;;;;;;;;;;;;;;;;;;;,,,,,,,,,,,,,,,,,,,,,,
JAP_fascist;Kokuhonsha;Faction fasciste;Faschistische Faction;;;;;;;;;;;;x;;;;;;;;;;;;;;;;;;;;;;;;;;;;;;;;;;;;;;;;;;;;;,,,,,,,,,,,,,,,,,,,,,,
JNG;Jersey & Guernsey;Jersey & Guernsey;Jersey und Guernsey;;Jersey & Guernsey;;;;;;;;;x;;;;;;;;;;;;;;;;;;;;;;;;;;;;;;;;;;;;;;;;;;;;;;,,,,,,,,,,,,,,,,,,,,,,
JNG_ADJ;Channel Islander;JËrriais;Jerseyisch;;JerseyÈs;;;;;;;;;x;;;;;;;;;;;;;;;;;;;;;;;;;;;;;;;;;;;;;;;;;;;;;;,,,,,,,,,,,,,,,,,,,,,,
JNG_liberal;Liberal faction;Liberal Faction;Liberal Faction;;Liberal Faction;;;;;;;;;;;x;;;;;;;;;;;;;;;;;;;;;;;;;;;;;;;;;;;;;;;;;;;;,,,,,,,,,,,,,,,,,,,,,,
JNG_conservative;Conservative Faction;Conservative Faction;;Conservative Faction;;;;;;;;;;;x;;;;;;;;;;;;;;;;;;;;;;;;;;;;;;;;;;;;;;;;;;;;;,,,,,,,,,,,,,,,,,,,,,,
JNG_reactionary;Monarchist Faction;Monarchist Faction;Monarchist Faction;;Monarchist Faction;;;;;;;;;;;x;;;;;;;;;;;;;;;;;;;;;;;;;;;;;;;;;;;;;;;;;;;;,,,,,,,,,,,,,,,,,,,,,,
JNG_socialist;Labour Faction;Labour Faction;Labour Faction;;Labour Faction;;;;;;;;;;;x;;;;;;;;;;;;;;;;;;;;;;;;;;;;;;;;;;;;;;;;;;;;,,,,,,,,,,,,,,,,,,,,,,
JNG_anarcho_liberal;Anarchist Faction;Anarchist Faction;Anarchist Faction;;Anarchist Faction;;;;;;;;;;;x;;;;;;;;;;;;;;;;;;;;;;;;;;;;;;;;;;;;;;;;;;;;,,,,,,,,,,,,,,,,,,,,,,
JNG_communist;Communist Faction;Communist Faction;Communist Faction;;Communist Faction;;;;;;;;;;;x;;;;;;;;;;;;;;;;;;;;;;;;;;;;;;;;;;;;;;;;;;;;,,,,,,,,,,,,,,,,,,,,,,
JNG_fascist;Norman Faction;Norman Faction;Norman Faction;;Norman Faction;;;;;;;;;;;x;;;;;;;;;;;;;;;;;;;;;;;;;;;;;;;;;;;;;;;;;;;;,,,,,,,,,,,,,,,,,,,,,,
JOR;Jordan;;;;;;;;;;;;;x;;;;;;;;;;;;;;;;;;;;;;;;;;;;;;;;;;;;;;;;;;;;;;,,,,,,,,,,,,,,,,,,,,,,
JOR_ADJ;Jordanian;;;;;;;;;;;;;x;;;;;;;;;;;;;;;;;;;;;;;;;;;;;;;;;;;;;;;;;;;;;;,,,,,,,,,,,,,,,,,,,,,,
JOR_reactionary;Hizb al-Hashemiyya al-Urduni;;;;;;;;;;;;;x;;;;;;;;;;;;;;;;;;;;;;;;;;;;;;;;;;;;;;;;;;;;;;,,,,,,,,,,,,,,,,,,,,,,
JOR_conservative;Hizb al-Wasat al-Islami;;;;;;;;;;;;;x;;;;;;;;;;;;;;;;;;;;;;;;;;;;;;;;;;;;;;;;;;;;;;,,,,,,,,,,,,,,,,,,,,,,
JOR_liberal;Yasari-d-al-Dimaqrati al-Urduni;;;;;;;;;;;;;x;;;;;;;;;;;;;;;;;;;;;;;;;;;;;;;;;;;;;;;;;;;;;;,,,,,,,,,,,,,,,,,,,,,,
JOR_anarcho_liberal;Al Anarkiliberali;;;;;;;;;;;;;x;;;;;;;;;;;;;;;;;;;;;;;;;;;;;;;;;;;;;;;;;;;;;;,,,,,,,,,,,,,,,,,,,,,,
JOR_socialist;Hizb al-Baath al-Ishtiraki al-Urduni;;;;;;;;;;;;;x;;;;;;;;;;;;;;;;;;;;;;;;;;;;;;;;;;;;;;;;;;;;;;,,,,,,,,,,,,,,,,,,,,,,
JOR_communist;Al-Hizb al-Shuyui al-Urduni;;;;;;;;;;;;;x;;;;;;;;;;;;;;;;;;;;;;;;;;;;;;;;;;;;;;;;;;;;;;,,,,,,,,,,,,,,,,,,,,,,
JOR_fascist;Hizb al-Mustaqbal;;;;;;;;;;;;;x;;;;;;;;;;;;;;;;;;;;;;;;;;;;;;;;;;;;;;;;;;;;;;,,,,,,,,,,,,,,,,,,,,,,
KAG;Ishikawa;;;;;;;;;;;;;x;;;;;;;;;;;;;;;;;;;;;;;;;;;;;;;;;;;;;;;;;;;;;;,,,,,,,,,,,,,,,,,,,,,,
KAG_ADJ;Ishikawan;;;;;;;;;;;;;x;;;;;;;;;;;;;;;;;;;;;;;;;;;;;;;;;;;;;;;;;;;;;;,,,,,,,,,,,,,,,,,,,,,,
KAG_absolute_monarchy;Kaga;;;;;;;;;;;;;x;;;;;;;;;;;;;;;;;;;;;;;;;;;;;;;;;;;;;;;;;;;;;;,,,,,,,,,,,,,,,,,,,,,,
KAG_prussian_constitutionalism;Kaga;;;;;;;;;;;;;x;;;;;;;;;;;;;;;;;;;;;;;;;;;;;;;;;;;;;;;;;;;;;;,,,,,,,,,,,,,,,,,,,,,,
KAG_hms_government;Kaga;;;;;;;;;;;;;x;;;;;;;;;;;;;;;;;;;;;;;;;;;;;;;;;;;;;;;;;;;;;;,,,,,,,,,,,,,,,,,,,,,,
KAG_absolute_monarchy_ADJ;Maeda;;;;;;;;;;;;;x;;;;;;;;;;;;;;;;;;;;;;;;;;;;;;;;;;;;;;;;;;;;;;,,,,,,,,,,,,,,,,,,,,,,
KAG_prussian_constitutionalism_ADJ;Maeda;;;;;;;;;;;;;x;;;;;;;;;;;;;;;;;;;;;;;;;;;;;;;;;;;;;;;;;;;;;;,,,,,,,,,,,,,,,,,,,,,,
KAG_hms_government_ADJ;Maeda;;;;;;;;;;;;;x;;;;;;;;;;;;;;;;;;;;;;;;;;;;;;;;;;;;;;;;;;;;;;,,,,,,,,,,,,,,,,,,,,,,
KAM;Kamchatka;;;;;;;;;;;;;x;;;;;;;;;;;;;;;;;;;;;;;;;;;;;;;;;;;;;;;;;;;;;;,,,,,,,,,,,,,,,,,,,,,,
KAM_ADJ;Kamchatkan;;;;;;;;;;;;;x;;;;;;;;;;;;;;;;;;;;;;;;;;;;;;;;;;;;;;;;;;;;;;,,,,,,,,,,,,,,,,,,,,,,
KAM_presidential_dictatorship;Far Eastern Republic;;;;;;;;;;;;;x;;;;;;;;;;;;;;;;;;;;;;;;;;;;;;;;;;;;;;;;;;;;;;,,,,,,,,,,,,,,,,,,,,,,
KAM_bourgeois_dictatorship;Far Eastern Republic;;;;;;;;;;;;;x;;;;;;;;;;;;;;;;;;;;;;;;;;;;;;;;;;;;;;;;;;;;;;,,,,,,,,,,,,,,,,,,,,,,
KAM_proletarian_dictatorship;Far Eastern Republic;;;;;;;;;;;;;x;;;;;;;;;;;;;;;;;;;;;;;;;;;;;;;;;;;;;;;;;;;;;;,,,,,,,,,,,,,,,,,,,,,,
KAM_conservative;The Conservatives;Faction royale;Kˆnigsfraktion;;;;;;;;;;;x;;;;;;;;;;;;;;;;;;;;;;;;;;;;;;;;;;;;;;;;;;;;;;,,,,,,,,,,,,,,,,,,,,,,
KAM_liberal;The Liberals;Faction libÈrale;Die liberale Fraktion;;;;;;;;;;;x;;;;;;;;;;;;;;;;;;;;;;;;;;;;;;;;;;;;;;;;;;;;;;,,,,,,,,,,,,,,,,,,,,,,
KAM_reactionary;The Khanate Faction;Faction nationaliste;Die nationalistische Fraktion;;;;;;;;;;;x;;;;;;;;;;;;;;;;;;;;;;;;;;;;;;;;;;;;;;;;;;;;;;,,,,,,,,,,,,,,,,,,,,,,
KAM_anarcho_liberal;The Libertains;Faction radicale;Die radikale Fraktion;;;;;;;;;;;x;;;;;;;;;;;;;;;;;;;;;;;;;;;;;;;;;;;;;;;;;;;;;;,,,,,,,,,,,,,,,,,,,,,,
KAM_socialist;The Socialists;Faction socialiste;Die sozialistische Fraktion;;;;;;;;;;;x;;;;;;;;;;;;;;;;;;;;;;;;;;;;;;;;;;;;;;;;;;;;;;,,,,,,,,,,,,,,,,,,,,,,
KAM_communist;The Communists;Faction communiste;Die kommunistische Fraktion;;;;;;;;;;;x;;;;;;;;;;;;;;;;;;;;;;;;;;;;;;;;;;;;;;;;;;;;;;,,,,,,,,,,,,,,,,,,,,,,
KAM_fascist;The Nationalists;Faction fasciste;Die faschistische Fraktion;;;;;;;;;;;x;;;;;;;;;;;;;;;;;;;;;;;;;;;;;;;;;;;;;;;;;;;;;;,,,,,,,,,,,,,,,,,,,,,,
KHI_absolute_monarchy;The Khanate of Khiva;;;;;;;;;;;;;;;;;;x;;;;;;;;;;;;;;;;;;;;;;;;;;;;;;;;;;;;;;;;;®,,,,,,,,,,,,,,,,,,,,,,
KOK_absolute_monarchy;The Khanate of Kokand;;;;;;;;;;;;;;;;;;x;;;;;;;;;;;;;;;;;;;;;;;;;;;;;;;;;;;;;;;;;,,,,,,,,,,,,,,,,,,,,,,
KAZ_absolute_monarchy;The Kazakh Khanate;;;;;;;;;;;;;x;;;;;;;;;;;;;;;;;;;;;;;;;;;;;;;;;;;;;;;;;;;;;;,,,,,,,,,,,,,,,,,,,,,,
KAZ;Kazakhstan;;;;;;;;;;;;;x;;;;;;;;;;;;;;;;;;;;;;;;;;;;;;;;;;;;;;;;;;;;;;,,,,,,,,,,,,,,,,,,,,,,
KAZ_ADJ;Kazakh;;;;;;;;;;;;;x;;;;;;;;;;;;;;;;;;;;;;;;;;;;;;;;;;;;;;;;;;;;;;,,,,,,,,,,,,,,,,,,,,,,
KAZ_conservative;The Conservatives;Faction royale;Kˆnigsfraktion;;;;;;;;;;;x;;;;;;;;;;;;;;;;;;;;;;;;;;;;;;;;;;;;;;;;;;;;;;,,,,,,,,,,,,,,,,,,,,,,
KAZ_liberal;The Liberals;Faction libÈrale;Die liberale Fraktion;;;;;;;;;;;x;;;;;;;;;;;;;;;;;;;;;;;;;;;;;;;;;;;;;;;;;;;;;;,,,,,,,,,,,,,,,,,,,,,,
KAZ_reactionary;The Khanate Faction;Faction nationaliste;Die nationalistische Fraktion;;;;;;;;;;;x;;;;;;;;;;;;;;;;;;;;;;;;;;;;;;;;;;;;;;;;;;;;;;,,,,,,,,,,,,,,,,,,,,,,
KAZ_anarcho_liberal;The Libertains;Faction radicale;Die radikale Fraktion;;;;;;;;;;;x;;;;;;;;;;;;;;;;;;;;;;;;;;;;;;;;;;;;;;;;;;;;;;,,,,,,,,,,,,,,,,,,,,,,
KAZ_socialist;The Socialists;Faction socialiste;Die sozialistische Fraktion;;;;;;;;;;;x;;;;;;;;;;;;;;;;;;;;;;;;;;;;;;;;;;;;;;;;;;;;;;,,,,,,,,,,,,,,,,,,,,,,
KAZ_communist;The Communists;Faction communiste;Die kommunistische Fraktion;;;;;;;;;;;x;;;;;;;;;;;;;;;;;;;;;;;;;;;;;;;;;;;;;;;;;;;;;;,,,,,,,,,,,,,,,,,,,,,,
KAZ_fascist;The Nationalists;Faction fasciste;Die faschistische Fraktion;;;;;;;;;;;x;;;;;;;;;;;;;;;;;;;;;;;;;;;;;;;;;;;;;;;;;;;;;;,,,,,,,,,,,,,,,,,,,,,,
KCH;Kachin;;;;;;;;;;;;;x;;;;;;;;;;;;;;;;;;;;;;;;;;;;;;;;;;;;;;;;;;;;;;,,,,,,,,,,,,,,,,,,,,,,
KCH_ADJ;Kachin;;;;;;;;;;;;;x;;;;;;;;;;;;;;;;;;;;;;;;;;;;;;;;;;;;;;;;;;;;;;,,,,,,,,,,,,,,,,,,,,,,
KDS;Kurdistan;;;;;;;;;;;;;x;;;;;;;;;;;;;;;;;;;;;;;;;;;;;;;;;;;;;;;;;;;;;;,,,,,,,,,,,,,,,,,,,,,,
KDS_ADJ;Kurdish;;;;;;;;;;;;;x;;;;;;;;;;;;;;;;;;;;;;;;;;;;;;;;;;;;;;;;;;;;;;,,,,,,,,,,,,,,,,,,,,,,
KDS_conservative;Meclis-i MÓran;;;;;;;;;;;;;x;;;;;;;;;;;;;;;;;;;;;;;;;;;;;;;;;;;;;;;;;;;;;;,,,,,,,,,,,,,,,,,,,,,,
KDS_conservative_2;Partiya KurdistanÍ;;;;;;;;;;;;;x;;;;;;;;;;;;;;;;;;;;;;;;;;;;;;;;;;;;;;;;;;;;;;,,,,,,,,,,,,,,,,,,,,,,
KDS_liberal;Azadi;;;;;;;;;;;;;x;;;;;;;;;;;;;;;;;;;;;;;;;;;;;;;;;;;;;;;;;;;;;;,,,,,,,,,,,,,,,,,,,,,,
KDS_liberal_2;HÍvÓ;;;;;;;;;;;;;x;;;;;;;;;;;;;;;;;;;;;;;;;;;;;;;;;;;;;;;;;;;;;;,,,,,,,,,,,,,,,,,,,,,,
KDS_liberal_3;YeketÓ NistÓman;;;;;;;;;;;;;x;;;;;;;;;;;;;;;;;;;;;;;;;;;;;;;;;;;;;;;;;;;;;;,,,,,,,,,,,,,,,,,,,,,,
KDS_reactionary;Meclis-i Mesayih;;;;;;;;;;;;;x;;;;;;;;;;;;;;;;;;;;;;;;;;;;;;;;;;;;;;;;;;;;;;,,,,,,,,,,,,,,,,,,,,,,
KDS_reactionary_2;Bizutnawai Islami;;;;;;;;;;;;;x;;;;;;;;;;;;;;;;;;;;;;;;;;;;;;;;;;;;;;;;;;;;;;,,,,,,,,,,,,,,,,,,,,,,
KDS_anarcho_liberal;Terakkipeweran;;;;;;;;;;;;;x;;;;;;;;;;;;;;;;;;;;;;;;;;;;;;;;;;;;;;;;;;;;;;,,,,,,,,,,,,,,,,,,,,,,
KDS_socialist;Partiya KarkerÍn;;;;;;;;;;;;;x;;;;;;;;;;;;;;;;;;;;;;;;;;;;;;;;;;;;;;;;;;;;;;,,,,,,,,,,,,,,,,,,,,,,
KDS_socialist_2;Partiya Zahmatkesan;;;;;;;;;;;;;x;;;;;;;;;;;;;;;;;;;;;;;;;;;;;;;;;;;;;;;;;;;;;;,,,,,,,,,,,,,,,,,,,,,,
KDS_fascist;Jiyanewe;;;;;;;;;;;;;x;;;;;;;;;;;;;;;;;;;;;;;;;;;;;;;;;;;;;;;;;;;;;;,,,,,,,,,,,,,,,,,,,,,,
KDS_communist;Komala;;;;;;;;;;;;;x;;;;;;;;;;;;;;;;;;;;;;;;;;;;;;;;;;;;;;;;;;;;;;,,,,,,,,,,,,,,,,,,,,,,
KEL;Kelantan;;;;;;;;;;;;;x;;;;;;;;;;;;;;;;;;;;;;;;;;;;;;;;;;;;;;;;;;;;;;,,,,,,,,,,,,,,,,,,,,,,
KEL_ADJ;Kelantani;;;;;;;;;;;;;x;;;;;;;;;;;;;;;;;;;;;;;;;;;;;;;;;;;;;;;;;;;;;;,,,,,,,,,,,,,,,,,,,,,,
KDH;Kedah;;;;;;;;;;;;;x;;;;;;;;;;;;;;;;;;;;;;;;;;;;;;;;;;;;;;;;;;;;;;,,,,,,,,,,,,,,,,,,,,,,
KDH_ADJ;Kedai;;;;;;;;;;;;;x;;;;;;;;;;;;;;;;;;;;;;;;;;;;;;;;;;;;;;;;;;;;;;,,,,,,,,,,,,,,,,,,,,,,
KER;Cornwall;Cornouailles;Cornwall;;Cornwall;;;;;;;;;x;;;;;;;;;;;;;;;;;;;;;;;;;;;;;;;;;;;;;;;;;;;;;;,,,,,,,,,,,,,,,,,,,,,,
KER_ADJ;Cornish;Cornouaillais;Cornish;CornÈs;;;;;;;;;x;;;;;;;;;;;;;;;;;;;;;;;;;;;;;;;;;;;;;;;;;;;;;;;,,,,,,,,,,,,,,,,,,,,,,
KER_conservative;Conservative Party;Conservative Party;Conservative Party;;;;;;;;;;;x;;;;;;;;;;;;;;;;;;;;;;;;;;;;;;;;;;;;;;;;;;;;;;,,,,,,,,,,,,,,,,,,,,,,
KER_liberal;Liberal Party;Liberal Party;Liberal Party;;;;;;;;;;;x;;;;;;;;;;;;;;;;;;;;;;;;;;;;;;;;;;;;;;;;;;;;;;,,,,,,,,,,,,,,,,,,,,,,
KER_reactionary;Party Kenethlegek;Party Kenethlegek;Party Kenethlegek;;;;;;;;;;;x;;;;;;;;;;;;;;;;;;;;;;;;;;;;;;;;;;;;;;;;;;;;;;,,,,,,,,,,,,,,,,,,,,,,
KER_socialist;Labour Party;Labour Party;Labour Party;;;;;;;;;;;x;;;;;;;;;;;;;;;;;;;;;;;;;;;;;;;;;;;;;;;;;;;;;;,,,,,,,,,,,,,,,,,,,,,,
KER_communist;Miners' and Fishers' Party;Miners' and Fishers' Party;Miners' and Fishers' Party;;;;;;;;;;;x;;;;;;;;;;;;;;;;;;;;;;;;;;;;;;;;;;;;;;;;;;;;;;,,,,,,,,,,,,,,,,,,,,,,
KER_anarcho_liberal;Radical Party;Radical Party;Radical Party;;;;;;;;;;;x;;;;;;;;;;;;;;;;;;;;;;;;;;;;;;;;;;;;;;;;;;;;;;,,,,,,,,,,,,,,,,,,,,,,
KER_fascist;Mebyon Kernow;Mebyon Kernow;Mebyon Kernow;;;;;;;;;;;x;;;;;;;;;;;;;;;;;;;;;;;;;;;;;;;;;;;;;;;;;;;;;;,,,,,,,,,,,,,,,,,,,,,,
KIT;Saint Kitts;;;;;;;;;;;;x;;;;;;;;;;;;;;;;;;;;;;;;;;;;;;;;;;;;;;;;;;;;;;;,,,,,,,,,,,,,,,,,,,,,,
KIT_ADJ;Kittitian;;;;;;;;;;;;x;;;;;;;;;;;;;;;;;;;;;;;;;;;;;;;;;;;;;;;;;;;;;;;,,,,,,,,,,,,,,,,,,,,,,
KLM;Kalimantan;;;;;;;;;;;;;x;;;;;;;;;;;;;;;;;;;;;;;;;;;;;;;;;;;;;;;;;;;;;;,,,,,,,,,,,,,,,,,,,,,,
KLM_ADJ;Kalimantan;;;;;;;;;;;;;x;;;;;;;;;;;;;;;;;;;;;;;;;;;;;;;;;;;;;;;;;;;;;;,,,,,,,,,,,,,,,,,,,,,,
KMK;Kalmykia;;;;;;;;;;;;x;;;;;;;;;;;;;;;;;;;;;;;;;;;;;;;;;;;;;;;;;;;;;;;,,,,,,,,,,,,,,,,,,,,,,
KMK_fascist_dictatorship;Kalmyk Khanate;;;;;;;;;;;;x;;;;;;;;;;;;;;;;;;;;;;;;;;;;;;;;;;;;;;;;;;;;;;;,,,,,,,,,,,,,,,,,,,,,,
KMK_proletarian_dictatorship;Kalmyk Republic;;;;;;;;;;;;x;;;;;;;;;;;;;;;;;;;;;;;;;;;;;;;;;;;;;;;;;;;;;;;,,,,,,,,,,,,,,,,,,,,,,
KMK_ADJ;Kalmyk;;;;;;;;;;;;x;;;;;;;;;;;;;;;;;;;;;;;;;;;;;;;;;;;;;;;;;;;;;;;,,,,,,,,,,,,,,,,,,,,,,
KMK_conservative;The Conservatives;Faction royale;Kˆnigsfraktion;;;;;;;;;;;x;;;;;;;;;;;;;;;;;;;;;;;;;;;;;;;;;;;;;;;;;;;;;;,,,,,,,,,,,,,,,,,,,,,,
KMK_liberal;The Liberals;Faction libÈrale;Die liberale Fraktion;;;;;;;;;;;x;;;;;;;;;;;;;;;;;;;;;;;;;;;;;;;;;;;;;;;;;;;;;;,,,,,,,,,,,,,,,,,,,,,,
KMK_reactionary;The Khanate Faction;Faction nationaliste;Die nationalistische Fraktion;;;;;;;;;;;x;;;;;;;;;;;;;;;;;;;;;;;;;;;;;;;;;;;;;;;;;;;;;;,,,,,,,,,,,,,,,,,,,,,,
KMK_anarcho_liberal;The Libertains;Faction radicale;Die radikale Fraktion;;;;;;;;;;;x;;;;;;;;;;;;;;;;;;;;;;;;;;;;;;;;;;;;;;;;;;;;;;,,,,,,,,,,,,,,,,,,,,,,
KMK_socialist;The Socialists;Faction socialiste;Die sozialistische Fraktion;;;;;;;;;;;x;;;;;;;;;;;;;;;;;;;;;;;;;;;;;;;;;;;;;;;;;;;;;;,,,,,,,,,,,,,,,,,,,,,,
KMK_communist;The Communists;Faction communiste;Die kommunistische Fraktion;;;;;;;;;;;x;;;;;;;;;;;;;;;;;;;;;;;;;;;;;;;;;;;;;;;;;;;;;;,,,,,,,,,,,,,,,,,,,,,,
KMK_fascist;The Mongolian Faction;Faction fasciste;Die faschistische Fraktion;;;;;;;;;;;x;;;;;;;;;;;;;;;;;;;;;;;;;;;;;;;;;;;;;;;;;;;;;;,,,,,,,,,,,,,,,,,,,,,,
KMT;Nationalist China;;;;;;;;;;;;x;;;;;;;;;;;;;;;;;;;;;;;;;;;;;;;;;;;;;;;;;;;;;;;,,,,,,,,,,,,,,,,,,,,,,
KMT_ADJ;Chinese;;;;;;;;;;;;x;;;;;;;;;;;;;;;;;;;;;;;;;;;;;;;;;;;;;;;;;;;;;;;,,,,,,,,,,,,,,,,,,,,,,
KMT_proletarian_dictatorship;Socialist Republic of China;;;;;;;;;;;;x;;;;;;;;;;;;;;;;;;;;;;;;;;;;;;;;;;;;;;;;;;;;;;;,,,,,,,,,,,,,,,,,,,,,,
KMT_conservative;Imperial Faction;Faction impÈriale;Kaiserliche Fraktion;;;;;;;;;;;;x;;;;;;;;;;;;;;;;;;;;;;;;;;;;;;;;;;;;;;;;;;;;;,,,,,,,,,,,,,,,,,,,,,,
KMT_conservative_2;Zhiqiang;Zhiqiang;Zhiqiang;;;;;;;;;;;;x;;;;;;;;;;;;;;;;;;;;;;;;;;;;;;;;;;;;;;;;;;;;;,,,,,,,,,,,,,,,,,,,,,,
KMT_liberal;Reformers;RÈformateurs;Reformer;;;;;;;;;;;;x;;;;;;;;;;;;;;;;;;;;;;;;;;;;;;;;;;;;;;;;;;;;;,,,,,,,,,,,,,,,,,,,,,,
KMT_reactionary;Conservatives;Conservateurs;Konservative;;;;;;;;;;;;x;;;;;;;;;;;;;;;;;;;;;;;;;;;;;;;;;;;;;;;;;;;;;,,,,,,,,,,,,,,,,,,,,,,
KMT_anarcho_liberal;Republicans;RÈpublicains;Republikaner;;;;;;;;;;;;x;;;;;;;;;;;;;;;;;;;;;;;;;;;;;;;;;;;;;;;;;;;;;,,,,,,,,,,,,,,,,,,,,,,
KMT_liberal_2;Kuomintang Sun;Kuomintang Sun;Kuomintang Sun;;;;;;;;;;;;x;;;;;;;;;;;;;;;;;;;;;;;;;;;;;;;;;;;;;;;;;;;;;,,,,,,,,,,,,,,,,,,,,,,
KMT_liberal_3;Feng Yuxiang;Feng Yuxiang;Feng Yuxiang;;;;;;;;;;;;x;;;;;;;;;;;;;;;;;;;;;;;;;;;;;;;;;;;;;;;;;;;;;,,,,,,,,,,,,,,,,,,,,,,
KMT_socialist;Socialists;Socialistes;Sozialisten;;;;;;;;;;;;x;;;;;;;;;;;;;;;;;;;;;;;;;;;;;;;;;;;;;;;;;;;;;,,,,,,,,,,,,,,,,,,,,,,
KMT_communist;Communist Party of China;Parti communiste chinois;Kommunistische Partei Chinas;;;;;;;;;;;;x;;;;;;;;;;;;;;;;;;;;;;;;;;;;;;;;;;;;;;;;;;;;;,,,,,,,,,,,,,,,,,,,,,,
KMT_fascist;Fascists;Fascistes;Faschisten;;;;;;;;;;;;x;;;;;;;;;;;;;;;;;;;;;;;;;;;;;;;;;;;;;;;;;;;;;,,,,,,,,,,,,,,,,,,,,,,
KMT_conservative_4;Kuomintang Chiang;Kuomintang Chiang;Kuomintang Chiang;;;;;;;;;;;;x;;;;;;;;;;;;;;;;;;;;;;;;;;;;;;;;;;;;;;;;;;;;;,,,,,,,,,,,,,,,,,,,,,,
KNY;Kenya;;;;;;;;;;;;x;;;;;;;;;;;;;;;;;;;;;;;;;;;;;;;;;;;;;;;;;;;;;;;,,,,,,,,,,,,,,,,,,,,,,
KNY_ADJ;Kenyan;;;;;;;;;;;;x;;;;;;;;;;;;;;;;;;;;;;;;;;;;;;;;;;;;;;;;;;;;;;;,,,,,,,,,,,,,,,,,,,,,,
KNY_liberal;FORDñAsili;;;;;;;;;;;;x;;;;;;;;;;;;;;;;;;;;;;;;;;;;;;;;;;;;;;;;;;;;;;;,,,,,,,,,,,,,,,,,,,,,,
KNY_conservative;Democratic Party;;;;;;;;;;;;x;;;;;;;;;;;;;;;;;;;;;;;;;;;;;;;;;;;;;;;;;;;;;;;,,,,,,,,,,,,,,,,,,,,,,
KNY_socialist;FORDñKenya;;;;;;;;;;;;x;;;;;;;;;;;;;;;;;;;;;;;;;;;;;;;;;;;;;;;;;;;;;;;,,,,,,,,,,,,,,,,,,,,,,
KNY_reactionary;Kenya African National Union;;;;;;;;;;;;x;;;;;;;;;;;;;;;;;;;;;;;;;;;;;;;;;;;;;;;;;;;;;;;,,,,,,,,,,,,,,,,,,,,,,
KNY_anarcho_liberal;The Independent Party;;;;;;;;;;;;x;;;;;;;;;;;;;;;;;;;;;;;;;;;;;;;;;;;;;;;;;;;;;;;,,,,,,,,,,,,,,,,,,,,,,
KNY_communist;Farmers Party;;;;;;;;;;;;x;;;;;;;;;;;;;;;;;;;;;;;;;;;;;;;;;;;;;;;;;;;;;;;,,,,,,,,,,,,,,,,,,,,,,
KNY_fascist;Fascist Party;;;;;;;;;;;;x;;;;;;;;;;;;;;;;;;;;;;;;;;;;;;;;;;;;;;;;;;;;;;;,,,,,,,,,,,,,,,,,,,,,,
KRL;Karelia;;;;;;;;;;;;x;;;;;;;;;;;;;;;;;;;;;;;;;;;;;;;;;;;;;;;;;;;;;;;,,,,,,,,,,,,,,,,,,,,,,
KRL_ADJ;Karelian;;;;;;;;;;;;x;;;;;;;;;;;;;;;;;;;;;;;;;;;;;;;;;;;;;;;;;;;;;;;,,,,,,,,,,,,,,,,,,,,,,
KRL_conservative;Suomalainen puolue;Suomalainen puolue;Suomalainen puolue;;Suomalainen puolue;;;;;;;;;x;;;;;;;;;;;;;;;;;;;;;;;;;;;;;;;;;;;;;;;;;;;;;;,,,,,,,,,,,,,,,,,,,,,,
KRL_conservative_2;Svenska partiet;Svenska partiet;Svenska partiet;;Svenska partiet;;;;;;;;;x;;;;;;;;;;;;;;;;;;;;;;;;;;;;;;;;;;;;;;;;;;;;;;,,,,,,,,,,,,,,,,,,,,,,
KRL_liberal;Nuorsuomalaiset;Nuorsuomalaiset;Nuorsuomalaiset;;Nuorsuomalaiset;;;;;;;;;x;;;;;;;;;;;;;;;;;;;;;;;;;;;;;;;;;;;;;;;;;;;;;;,,,,,,,,,,,,,,,,,,,,,,
KRL_liberal_2;Edistyspuolue;Edistyspuolue;Edistyspuolue;;Edistyspuolue;;;;;;;;;x;;;;;;;;;;;;;;;;;;;;;;;;;;;;;;;;;;;;;;;;;;;;;;,,,,,,,,,,,,,,,,,,,,,,
KRL_reactionary;Kokoomus;Kokoomus;Kokoomus;;Kokoomus;;;;;;;;;x;;;;;;;;;;;;;;;;;;;;;;;;;;;;;;;;;;;;;;;;;;;;;;,,,,,,,,,,,,,,,,,,,,,,
KRL_socialist;Sosiaalidemokraatit;Sosiaalidemokraatit;Sosiaalidemokraatit;;Sosiaalidemokraatit;;;;;;;;;x;;;;;;;;;;;;;;;;;;;;;;;;;;;;;;;;;;;;;;;;;;;;;;,,,,,,,,,,,,,,,,,,,,,,
KRL_anarcho_liberal;Aktivistinen vastustuspuolue;Aktivistinen vastustuspuolue;Aktivistinen vastustuspuolue;;Aktivistinen vastustuspuolue;;;;;;;;;x;;;;;;;;;;;;;;;;;;;;;;;;;;;;;;;;;;;;;;;;;;;;;;,,,,,,,,,,,,,,,,,,,,,,
KRL_communist;Punakaarti;Punakaarti;Punakaarti;;Punakaarti;;;;;;;;;x;;;;;;;;;;;;;;;;;;;;;;;;;;;;;;;;;;;;;;;;;;;;;;,,,,,,,,,,,,,,,,,,,,,,
KRL_fascist;Fascists;Fascistes;Faschisten;;Fascistas;;;;;;;;;x;;;;;;;;;;;;;;;;;;;;;;;;;;;;;;;;;;;;;;;;;;;;;;,,,,,,,,,,,,,,,,,,,,,,
KRN;Chola;;;;;;;;;;;;x;;;;;;;;;;;;;;;;;;;;;;;;;;;;;;;;;;;;;;;;;;;;;;;,,,,,,,,,,,,,,,,,,,,,,
KRN_ADJ;Cholan;;;;;;;;;;;;x;;;;;;;;;;;;;;;;;;;;;;;;;;;;;;;;;;;;;;;;;;;;;;;,,,,,,,,,,,,,,,,,,,,,,
KRN_democracy;Tamil Nadu;;;;;;;;;;;;x;;;;;;;;;;;;;;;;;;;;;;;;;;;;;;;;;;;;;;;;;;;;;;;,,,,,,,,,,,,,,,,,,,,,,
KRN_democracy_ADJ;Tamil;;;;;;;;;;;;x;;;;;;;;;;;;;;;;;;;;;;;;;;;;;;;;;;;;;;;;;;;;;;;,,,,,,,,,,,,,,,,,,,,,,
KRN_fascist_dictatorship;Tamil Nadu;;;;;;;;;;;;x;;;;;;;;;;;;;;;;;;;;;;;;;;;;;;;;;;;;;;;;;;;;;;;,,,,,,,,,,,,,,,,,,,,,,
KRN_fascist_dictatorship_ADJ;Tamil;;;;;;;;;;;;x;;;;;;;;;;;;;;;;;;;;;;;;;;;;;;;;;;;;;;;;;;;;;;;,,,,,,,,,,,,,,,,,,,,,,
KRN_bourgeois_dictatorship;Tamil Nadu;;;;;;;;;;;;x;;;;;;;;;;;;;;;;;;;;;;;;;;;;;;;;;;;;;;;;;;;;;;;,,,,,,,,,,,,,,,,,,,,,,
KRN_bourgeois_dictatorship_ADJ;Tamil;;;;;;;;;;;;x;;;;;;;;;;;;;;;;;;;;;;;;;;;;;;;;;;;;;;;;;;;;;;;,,,,,,,,,,,,,,,,,,,,,,
KRN_proletarian_dictatorship;Republic of the Carnatic;;;;;;;;;;;;x;;;;;;;;;;;;;;;;;;;;;;;;;;;;;;;;;;;;;;;;;;;;;;;,,,,,,,,,,,,,,,,,,,,,,
KRN_proletarian_dictatorship_ADJ;Carnatic;;;;;;;;;;;;x;;;;;;;;;;;;;;;;;;;;;;;;;;;;;;;;;;;;;;;;;;;;;;;,,,,,,,,,,,,,,,,,,,,,,
KRN_conservative;Royal Faction;Faction royale;Kˆnigsfraktion;;;;;;;;;;;;x;;;;;;;;;;;;;;;;;;;;;;;;;;;;;;;;;;;;;;;;;;;;;,,,,,,,,,,,,,,,,,,,,,,
KRN_liberal;The Liberal Faction;Faction libÈrale;Die liberale Fraktion;;;;;;;;;;;;x;;;;;;;;;;;;;;;;;;;;;;;;;;;;;;;;;;;;;;;;;;;;;,,,,,,,,,,,,,,,,,,,,,,
KRN_reactionary;The Nationalist Faction;Faction nationaliste;Die nationalistische Fraktion;;;;;;;;;;;;x;;;;;;;;;;;;;;;;;;;;;;;;;;;;;;;;;;;;;;;;;;;;;,,,,,,,,,,,,,,,,,,,,,,
KRN_anarcho_liberal;The Radical Faction;Faction radicale;Die radikale Fraktion;;;;;;;;;;;;x;;;;;;;;;;;;;;;;;;;;;;;;;;;;;;;;;;;;;;;;;;;;;,,,,,,,,,,,,,,,,,,,,,,
KRN_socialist;The Socialist Faction;Faction socialiste;Die sozialistische Fraktion;;;;;;;;;;;;x;;;;;;;;;;;;;;;;;;;;;;;;;;;;;;;;;;;;;;;;;;;;;,,,,,,,,,,,,,,,,,,,,,,
KRN_communist;The Communist Faction;Faction communiste;Die kommunistische Fraktion;;;;;;;;;;;;x;;;;;;;;;;;;;;;;;;;;;;;;;;;;;;;;;;;;;;;;;;;;;,,,,,,,,,,,,,,,,,,,,,,
KRN_fascist;The Fascist Faction;Faction fasciste;Die faschistische Fraktion;;;;;;;;;;;;x;;;;;;;;;;;;;;;;;;;;;;;;;;;;;;;;;;;;;;;;;;;;;,,,,,,,,,,,,,,,,,,,,,,
KRY;Krasnoyarsk;;;;;;;;;;;;;x;;;;;;;;;;;;;;;;;;;;;;;;;;;;;;;;;;;;;;;;;;;;;;,,,,,,,,,,,,,,,,,,,,,,
KRY_ADJ;Ugrian;;;;;;;;;;;;;x;;;;;;;;;;;;;;;;;;;;;;;;;;;;;;;;;;;;;;;;;;;;;;,,,,,,,,,,,,,,,,,,,,,,
KRY_conservative;The Conservatives;Faction royale;Kˆnigsfraktion;;;;;;;;;;;x;;;;;;;;;;;;;;;;;;;;;;;;;;;;;;;;;;;;;;;;;;;;;;,,,,,,,,,,,,,,,,,,,,,,
KRY_liberal;The Liberals;Faction libÈrale;Die liberale Fraktion;;;;;;;;;;;x;;;;;;;;;;;;;;;;;;;;;;;;;;;;;;;;;;;;;;;;;;;;;;,,,,,,,,,,,,,,,,,,,,,,
KRY_reactionary;The Khanate Faction;Faction nationaliste;Die nationalistische Fraktion;;;;;;;;;;;x;;;;;;;;;;;;;;;;;;;;;;;;;;;;;;;;;;;;;;;;;;;;;;,,,,,,,,,,,,,,,,,,,,,,
KRY_anarcho_liberal;The Libertains;Faction radicale;Die radikale Fraktion;;;;;;;;;;;x;;;;;;;;;;;;;;;;;;;;;;;;;;;;;;;;;;;;;;;;;;;;;;,,,,,,,,,,,,,,,,,,,,,,
KRY_socialist;The Socialists;Faction socialiste;Die sozialistische Fraktion;;;;;;;;;;;x;;;;;;;;;;;;;;;;;;;;;;;;;;;;;;;;;;;;;;;;;;;;;;,,,,,,,,,,,,,,,,,,,,,,
KRY_communist;The Communists;Faction communiste;Die kommunistische Fraktion;;;;;;;;;;;x;;;;;;;;;;;;;;;;;;;;;;;;;;;;;;;;;;;;;;;;;;;;;;,,,,,,,,,,,,,,,,,,,,,,
KRY_fascist;The Nationalists;Faction fasciste;Die faschistische Fraktion;;;;;;;;;;;x;;;;;;;;;;;;;;;;;;;;;;;;;;;;;;;;;;;;;;;;;;;;;;,,,,,,,,,,,,,,,,,,,,,,
KTI;Kutai;;;;;;;;;;;;;x;;;;;;;;;;;;;;;;;;;;;;;;;;;;;;;;;;;;;;;;;;;;;;,,,,,,,,,,,,,,,,,,,,,,
KTI_ADJ;Kutain;;;;;;;;;;;;;x;;;;;;;;;;;;;;;;;;;;;;;;;;;;;;;;;;;;;;;;;;;;;;,,,,,,,,,,,,,,,,,,,,,,
KTI_conservative;Royal Faction;;;;;;;;;;;;x;;;;;;;;;;;;;;;;;;;;;;;;;;;;;;;;;;;;;;;;;;;;;;;,,,,,,,,,,,,,,,,,,,,,,
KTI_liberal;The Liberal Faction;;;;;;;;;;;;x;;;;;;;;;;;;;;;;;;;;;;;;;;;;;;;;;;;;;;;;;;;;;;;,,,,,,,,,,,,,,,,,,,,,,
KTI_reactionary;The Nationalist Faction;;;;;;;;;;;;x;;;;;;;;;;;;;;;;;;;;;;;;;;;;;;;;;;;;;;;;;;;;;;;,,,,,,,,,,,,,,,,,,,,,,
KTI_anarcho_liberal;The Radical Faction;;;;;;;;;;;;x;;;;;;;;;;;;;;;;;;;;;;;;;;;;;;;;;;;;;;;;;;;;;;;,,,,,,,,,,,,,,,,,,,,,,
KTI_socialist;The Socialist Faction;;;;;;;;;;;;x;;;;;;;;;;;;;;;;;;;;;;;;;;;;;;;;;;;;;;;;;;;;;;;,,,,,,,,,,,,,,,,,,,,,,
KTI_communist;The Communist Faction;;;;;;;;;;;;x;;;;;;;;;;;;;;;;;;;;;;;;;;;;;;;;;;;;;;;;;;;;;;;,,,,,,,,,,,,,,,,,,,,,,
KTI_fascist;The Fascist Faction;;;;;;;;;;;;x;;;;;;;;;;;;;;;;;;;;;;;;;;;;;;;;;;;;;;;;;;;;;;;,,,,,,,,,,,,,,,,,,,,,,
KYR;Kyrgyzstan;;;;;;;;;;;;;x;;;;;;;;;;;;;;;;;;;;;;;;;;;;;;;;;;;;;;;;;;;;;;,,,,,,,,,,,,,,,,,,,,,,
KYR_ADJ;Kyrgyz;;;;;;;;;;;;;x;;;;;;;;;;;;;;;;;;;;;;;;;;;;;;;;;;;;;;;;;;;;;;,,,,,,,,,,,,,,,,,,,,,,
KYR_conservative;Royal Faction;Faction royale;Kˆnigsfraktion;;;;;;;;;;;;x;;;;;;;;;;;;;;;;;;;;;;;;;;;;;;;;;;;;;;;;;;;;;,,,,,,,,,,,,,,,,,,,,,,
KYR_liberal;The Liberal Faction;Faction libÈrale;Die liberale Fraktion;;;;;;;;;;;;x;;;;;;;;;;;;;;;;;;;;;;;;;;;;;;;;;;;;;;;;;;;;;,,,,,,,,,,,,,,,,,,,,,,
KYR_reactionary;The Nationalist Faction;Faction nationaliste;Die nationalistische Fraktion;;;;;;;;;;;;x;;;;;;;;;;;;;;;;;;;;;;;;;;;;;;;;;;;;;;;;;;;;;,,,,,,,,,,,,,,,,,,,,,,
KYR_anarcho_liberal;The Radical Faction;Faction radicale;Die radikale Fraktion;;;;;;;;;;;;x;;;;;;;;;;;;;;;;;;;;;;;;;;;;;;;;;;;;;;;;;;;;;,,,,,,,,,,,,,,,,,,,,,,
KYR_socialist;The Socialist Faction;Faction socialiste;Die sozialistische Fraktion;;;;;;;;;;;;x;;;;;;;;;;;;;;;;;;;;;;;;;;;;;;;;;;;;;;;;;;;;;,,,,,,,,,,,,,,,,,,,,,,
KYR_communist;The Communist Faction;Faction communiste;Die kommunistische Fraktion;;;;;;;;;;;;x;;;;;;;;;;;;;;;;;;;;;;;;;;;;;;;;;;;;;;;;;;;;;,,,,,,,,,,,,,,,,,,,,,,
KYR_fascist;The Fascist Faction;Faction fasciste;Die faschistische Fraktion;;;;;;;;;;;;x;;;;;;;;;;;;;;;;;;;;;;;;;;;;;;;;;;;;;;;;;;;;;,,,,,,,,,,,,,,,,,,,,,,
LAN;Lanfang;;;;;;;;;;;;x;;;;;;;;;;;;;;;;;;;;;;;;;;;;;;;;;;;;;;;;;;;;;;;,,,,,,,,,,,,,,,,,,,,,,
LAN_ADJ;Lanfang;;;;;;;;;;;;x;;;;;;;;;;;;;;;;;;;;;;;;;;;;;;;;;;;;;;;;;;;;;;;,,,,,,,,,,,,,,,,,,,,,,
LAN_conservative;Conservative Kongsi;;;;;;;;;;;;x;;;;;;;;;;;;;;;;;;;;;;;;;;;;;;;;;;;;;;;;;;;;;;;,,,,,,,,,,,,,,,,,,,,,,
LAN_liberal;Liberal Kongsi;;;;;;;;;;;;x;;;;;;;;;;;;;;;;;;;;;;;;;;;;;;;;;;;;;;;;;;;;;;;,,,,,,,,,,,,,,,,,,,,,,
LAN_reactionary;Nationalist Kongsi;;;;;;;;;;;;x;;;;;;;;;;;;;;;;;;;;;;;;;;;;;;;;;;;;;;;;;;;;;;;,,,,,,,,,,,,,,,,,,,,,,
LAN_anarcho_liberal;Radical Kongsi;;;;;;;;;;;;x;;;;;;;;;;;;;;;;;;;;;;;;;;;;;;;;;;;;;;;;;;;;;;;,,,,,,,,,,,,,,,,,,,,,,
LAN_socialist;Socialist Kongsi;;;;;;;;;;;;x;;;;;;;;;;;;;;;;;;;;;;;;;;;;;;;;;;;;;;;;;;;;;;;,,,,,,,,,,,,,,,,,,,,,,
LAN_communist;The Communist Kongsi;;;;;;;;;;;;x;;;;;;;;;;;;;;;;;;;;;;;;;;;;;;;;;;;;;;;;;;;;;;;,,,,,,,,,,,,,,,,,,,,,,
LAN_fascist;Fascist Kongsi;;;;;;;;;;;;x;;;;;;;;;;;;;;;;;;;;;;;;;;;;;;;;;;;;;;;;;;;;;;;,,,,,,,,,,,,,,,,,,,,,,
LBY;Libya;;;;;;;;;;;;x;;;;;;;;;;;;;;;;;;;;;;;;;;;;;;;;;;;;;;;;;;;;;;;,,,,,,,,,,,,,,,,,,,,,,
LBY_ADJ;Libyan;;;;;;;;;;;;x;;;;;;;;;;;;;;;;;;;;;;;;;;;;;;;;;;;;;;;;;;;;;;;,,,,,,,,,,,,,,,,,,,,,,
LBN;Aram;;;;;;;;;;;;;x;;;;;;;;;;;;;;;;;;;;;;;;;;;;;;;;;;;;;;;;;;;;;;,,,,,,,,,,,,,,,,,,,,,,
LBN_ADJ;Syriac-Aramean;;;;;;;;;;;;;x;;;;;;;;;;;;;;;;;;;;;;;;;;;;;;;;;;;;;;;;;;;;;;,,,,,,,,,,,,,,,,,,,,,,
LBN_liberal;Harakat al-Tajaddod al-Dimoqrati;;;;;;;;;;;;;x;;;;;;;;;;;;;;;;;;;;;;;;;;;;;;;;;;;;;;;;;;;;;;,,,,,,,,,,,,,,,,,,,,,,
LBN_conservative;At-Tayyar al-Watani al-Horr;;;;;;;;;;;;;x;;;;;;;;;;;;;;;;;;;;;;;;;;;;;;;;;;;;;;;;;;;;;;,,,,,,,,,,,,,,,,,,,,,,
LBN_socialist;Hizb al-Taqadummi al-Ishtiraki;;;;;;;;;;;;;x;;;;;;;;;;;;;;;;;;;;;;;;;;;;;;;;;;;;;;;;;;;;;;,,,,,,,,,,,,,,,,,,,,,,
LBN_reactionary;Harakat al-Qawmiyyin al-Arab;;;;;;;;;;;;;x;;;;;;;;;;;;;;;;;;;;;;;;;;;;;;;;;;;;;;;;;;;;;;,,,,,,,,,,,,,,,,,,,,,,
LBN_anarcho_liberal;Hizb al-Wataniyyin al-Ahrar;;;;;;;;;;;;;x;;;;;;;;;;;;;;;;;;;;;;;;;;;;;;;;;;;;;;;;;;;;;;,,,,,,,,,,,,,,,,,,,,,,
LBN_communist;Al-Hizb al-Shooyoo'i al-Lubnani;;;;;;;;;;;;;x;;;;;;;;;;;;;;;;;;;;;;;;;;;;;;;;;;;;;;;;;;;;;;,,,,,,,,,,,,,,,,,,,,,,
LBN_fascist;Phalanges Libanaises;;;;;;;;;;;;;x;;;;;;;;;;;;;;;;;;;;;;;;;;;;;;;;;;;;;;;;;;;;;;,,,,,,,,,,,,,,,,,,,,,,
LNA;Lan Na;Lan Na;LanNa;Lan Na;Lanna;Lan Na;LanNa;Lan Na;;;;;;x;;;;;;;;;;;;;;;;;;;;;;;;;;;;;;;;;;;;;;;;;;;;;;,,,,,,,,,,,,,,,,,,,,,,
LNA_ADJ;Lan Nan;lan nan;Lan Nan;Lan Nan;de Lanna;Lan Nan;Lan Nan;Lanansk˝;;;;;;x;;;;;;;;;;;;;;;;;;;;;;;;;;;;;;;;;;;;;;;;;;;;;;,,,,,,,,,,,,,,,,,,,,,,
LNN_conservative;Royal Faction;;;;;;;;;;;;x;;;;;;;;;;;;;;;;;;;;;;;;;;;;;;;;;;;;;;;;;;;;;;;,,,,,,,,,,,,,,,,,,,,,,
LNN_liberal;The Liberal Faction;;;;;;;;;;;;x;;;;;;;;;;;;;;;;;;;;;;;;;;;;;;;;;;;;;;;;;;;;;;;,,,,,,,,,,,,,,,,,,,,,,
LNN_reactionary;The Nationalist Faction;;;;;;;;;;;;x;;;;;;;;;;;;;;;;;;;;;;;;;;;;;;;;;;;;;;;;;;;;;;;,,,,,,,,,,,,,,,,,,,,,,
LNN_anarcho_liberal;The Radical Faction;;;;;;;;;;;;x;;;;;;;;;;;;;;;;;;;;;;;;;;;;;;;;;;;;;;;;;;;;;;;,,,,,,,,,,,,,,,,,,,,,,
LNN_socialist;The Socialist Faction;;;;;;;;;;;;x;;;;;;;;;;;;;;;;;;;;;;;;;;;;;;;;;;;;;;;;;;;;;;;,,,,,,,,,,,,,,,,,,,,,,
LNN_communist;The Communist Faction;;;;;;;;;;;;x;;;;;;;;;;;;;;;;;;;;;;;;;;;;;;;;;;;;;;;;;;;;;;;,,,,,,,,,,,,,,,,,,,,,,
LNN_fascist;The Fascist Faction;;;;;;;;;;;;x;;;;;;;;;;;;;;;;;;;;;;;;;;;;;;;;;;;;;;;;;;;;;;;,,,,,,,,,,,,,,,,,,,,,,
LOM_reactionary;Monarchici;Monarchici;Monarchici;;Monarchici;;;;;;;;;x;;;;;;;;;;;;;;;;;;;;;;;;;;;;;;;;;;;;;;;;;;;;;;,,,,,,,,,,,,,,,,,,,,,,
LOM_liberal;Intransigenti;Intransigenti;Intransige nti;;Intransigenti;;;;;;;;;x;;;;;;;;;;;;;;;;;;;;;;;;;;;;;;;;;;;;;;;;;;;;;;,,,,,,,,,,,,,,,,,,,,,,
LOM_conservative;Transigenti;Transigenti;Transigen ti;;Transigenti;;;;;;;;;x;;;;;;;;;;;;;;;;;;;;;;;;;;;;;;;;;;;;;;;;;;;;;;,,,,,,,,,,,,,,,,,,,,,,
LOM_socialist;Socialisti;Socialisti;Socialisti;;So cialisti;;;;;;;;;x;;;;;;;;;;;;;;;;;;;;;;;;;;;;;;;;;;;;;;;;;;;;;;,,,,,,,,,,,,,,,,,,,,,,
LOM_communist;Rivoluzionari;Rivoluzionari;Rivoluzionari;;Rivoluzio nari;;;;;;;;;x;;;;;;;;;;;;;;;;;;;;;;;;;;;;;;;;;;;;;;;;;;;;;;,,,,,,,,,,,,,,,,,,,,,,
LOM_reactionary_2;Cattolici;Cattolici;Cattolici;;C attolici;;;;;;;;;x;;;;;;;;;;;;;;;;;;;;;;;;;;;;;;;;;;;;;;;;;;;;;;,,,,,,,,,,,,,,,,,,,,,,
LOM_anarcho_liberal;Radicali;Radicali;Radicali;;Radicali;;;;;;;;;x;;;;;;;;;;;;;;;;;;;;;;;;;;;;;;;;;;;;;;;;;;;;;;,,,,,,,,,,,,,,,,,,,,,,
LOM_fascist;Fascisti;Fascisti;Fascisti;;Fascisti;;;;;;;;;x;;;;;;;;;;;;;;;;;;;;;;;;;;;;;;;;;;;;;;;;;;;;;;,,,,,,,,,,,,,,,,,,,,,,
LOR;Lorraine;;;;;;;;;;;;;x;;;;;;;;;;;;;;;;;;;;;;;;;;;;;;;;;;;;;;;;;;;;;;,,,,,,,,,,,,,,,,,,,,,,
LOR_ADJ;Lorrainian;;;;;;;;;;;;;;x;;;;;;;;;;;;;;;;;;;;;;;;;;;;;;;;;;;;;;;;;;;;;,,,,,,,,,,,,,,,,,,,,,,
LOR_fascist_dictatorship;Lotharingia;;;;;;;;;;;;;x;;;;;;;;;;;;;;;;;;;;;;;;;;;;;;;;;;;;;;;;;;;;;;,,,,,,,,,,,,,,,,,,,,,,
LOR_fascist_dictatorship_ADJ;Lotharingian;;;;;;;;;;;;;x;;;;;;;;;;;;;;;;;;;;;;;;;;;;;;;;;;;;;;;;;;;;;;,,,,,,,,,,,,,,,,,,,,,,
LOS;Los Altos;;;;;;;;;;;;;x;;;;;;;;;;;;;;;;;;;;;;;;;;;;;;;;;;;;;;;;;;;;;;,,,,,,,,,,,,,,,,,,,,,,
LOS_ADJ;Losaltan;;;;;;;;;;;;;x;;;;;;;;;;;;;;;;;;;;;;;;;;;;;;;;;;;;;;;;;;;;;;,,,,,,,,,,,,,,,,,,,,,,
LOS_conservative;Partido Conservador;Partido Conservador;Partido Conservador;;;;;;;;;;;;x;;;;;;;;;;;;;;;;;;;;;;;;;;;;;;;;;;;;;;;;;;;;;,,,,,,,,,,,,,,,,,,,,,,
LOS_liberal;Partido Liberal;Partido Liberal;Partido Liberal;;;;;;;;;;;;x;;;;;;;;;;;;;;;;;;;;;;;;;;;;;;;;;;;;;;;;;;;;;,,,,,,,,,,,,,,,,,,,,,,
LOS_reactionary;Partido Nationalist;Partido nationaliste;Partido Nationalist;;;;;;;;;;;;x;;;;;;;;;;;;;;;;;;;;;;;;;;;;;;;;;;;;;;;;;;;;;,,,,,,,,,,,,,,,,,,,,,,
LOS_anarcho_liberal;Partido Radical;Partido Radical;Partido Radical;;;;;;;;;;;;x;;;;;;;;;;;;;;;;;;;;;;;;;;;;;;;;;;;;;;;;;;;;;,,,,,,,,,,,,,,,,,,,,,,
LOS_socialist;Partido Socialist;Partido socialiste;Partido Socialist;;;;;;;;;;;;x;;;;;;;;;;;;;;;;;;;;;;;;;;;;;;;;;;;;;;;;;;;;;,,,,,,,,,,,,,,,,,,,,,,
LOS_communist;Partido Communist;Partido communiste;Partido Communist;;;;;;;;;;;;x;;;;;;;;;;;;;;;;;;;;;;;;;;;;;;;;;;;;;;;;;;;;;,,,,,,,,,,,,,,,,,,,,,,
LOS_fascist;Partido Fascist;Partido fasciste;Partido Fascist;;;;;;;;;;;;x;;;;;;;;;;;;;;;;;;;;;;;;;;;;;;;;;;;;;;;;;;;;;,,,,,,,,,,,,,,,,,,,,,,
LPL;Frijistaden;;;;;;;;;;;;x;;;;;;;;;;;;;;;;;;;;;;;;;;;;;;;;;;;;;;;;;;;;;;;,,,,,,,,,,,,,,,,,,,,,,
LPL_ADJ;Frijen;;;;;;;;;;;;x;;;;;;;;;;;;;;;;;;;;;;;;;;;;;;;;;;;;;;;;;;;;;;;,,,,,,,,,,,,,,,,,,,,,,
LSK;Alaska;;;;;;;;;;;;;x;;;;;;;;;;;;;;;;;;;;;;;;;;;;;;;;;;;;;;;;;;;;;;,,,,,,,,,,,,,,,,,,,,,,
LSK_ADJ;Alaskan;;;;;;;;;;;;;x;;;;;;;;;;;;;;;;;;;;;;;;;;;;;;;;;;;;;;;;;;;;;;,,,,,,,,,,,,,,,,,,,,,,
LSK_reactionary;Nationalist Party;;;;;;;;;;;;;x;;;;;;;;;;;;;;;;;;;;;;;;;;;;;;;;;;;;;;;;;;;;;;,,,,,,,,,,,,,,,,,,,,,,
LSK_conservative;Democratic Party;;;;;;;;;;;;;x;;;;;;;;;;;;;;;;;;;;;;;;;;;;;;;;;;;;;;;;;;;;;;,,,,,,,,,,,,,,,,,,,,,,
LSK_liberal;Republican Party;;;;;;;;;;;;;x;;;;;;;;;;;;;;;;;;;;;;;;;;;;;;;;;;;;;;;;;;;;;;,,,,,,,,,,,,,,,,,,,,,,
LSK_anarcho_liberal;Liberal Economists;;;;;;;;;;;;;x;;;;;;;;;;;;;;;;;;;;;;;;;;;;;;;;;;;;;;;;;;;;;;,,,,,,,,,,,,,,,,,,,,,,
LSK_socialist;Socialist Party;;;;;;;;;;;;;x;;;;;;;;;;;;;;;;;;;;;;;;;;;;;;;;;;;;;;;;;;;;;;,,,,,,,,,,,,,,,,,,,,,,
LSK_communist;Bolsheviks;;;;;;;;;;;;;x;;;;;;;;;;;;;;;;;;;;;;;;;;;;;;;;;;;;;;;;;;;;;;,,,,,,,,,,,,,,,,,,,,,,
LSK_fascist;Northern Futurists;;;;;;;;;;;;;x;;;;;;;;;;;;;;;;;;;;;;;;;;;;;;;;;;;;;;;;;;;;;;,,,,,,,,,,,,,,,,,,,,,,
LUI;Saint Lucia;;;;;;;;;;;;x;;;;;;;;;;;;;;;;;;;;;;;;;;;;;;;;;;;;;;;;;;;;;;;,,,,,,,,,,,,,,,,,,,,,,
LUI_ADJ;Lucian;;;;;;;;;;;;x;;;;;;;;;;;;;;;;;;;;;;;;;;;;;;;;;;;;;;;;;;;;;;;,,,,,,,,,,,,,,,,,,,,,,
LUZ;Lusatia;;;;;;;;;;;;x;;;;;;;;;;;;;;;;;;;;;;;;;;;;;;;;;;;;;;;;;;;;;;;,,,,,,,,,,,,,,,,,,,,,,
LUZ_ADJ;Lusatian;;;;;;;;;;;;x;;;;;;;;;;;;;;;;;;;;;;;;;;;;;;;;;;;;;;;;;;;;;;;,,,,,,,,,,,,,,,,,,,,,,
LUZ_conservative;Conservative Party;;;;;;;;;;;;x;;;;;;;;;;;;;;;;;;;;;;;;;;;;;;;;;;;;;;;;;;;;;;;,,,,,,,,,,,,,,,,,,,,,,
LUZ_liberal;Liberal Party;;;;;;;;;;;;x;;;;;;;;;;;;;;;;;;;;;;;;;;;;;;;;;;;;;;;;;;;;;;;,,,,,,,,,,,,,,,,,,,,,,
LUZ_reactionary;Nationalist Party;;;;;;;;;;;;x;;;;;;;;;;;;;;;;;;;;;;;;;;;;;;;;;;;;;;;;;;;;;;;,,,,,,,,,,,,,,,,,,,,,,
LUZ_anarcho_liberal;Radical Party;;;;;;;;;;;;x;;;;;;;;;;;;;;;;;;;;;;;;;;;;;;;;;;;;;;;;;;;;;;;,,,,,,,,,,,,,,,,,,,,,,
LUZ_socialist;Socialist Party;;;;;;;;;;;;x;;;;;;;;;;;;;;;;;;;;;;;;;;;;;;;;;;;;;;;;;;;;;;;,,,,,,,,,,,,,,,,,,,,,,
LUZ_communist;Communist Party;;;;;;;;;;;;x;;;;;;;;;;;;;;;;;;;;;;;;;;;;;;;;;;;;;;;;;;;;;;;,,,,,,,,,,,,,,,,,,,,,,
LUZ_fascist;Fascist Party;;;;;;;;;;;;x;;;;;;;;;;;;;;;;;;;;;;;;;;;;;;;;;;;;;;;;;;;;;;;,,,,,,,,,,,,,,,,,,,,,,
LXA_democracy;Laos;;;;;;;;;;;;;x;;;;;;;;;;;;;;;;;;;;;;;;;;;;;;;;;;;;;;;;;;;;;;,,,,,,,,,,,,,,,,,,,,,,
LXA_democracy_ADJ;Lao;;;;;;;;;;;;;x;;;;;;;;;;;;;;;;;;;;;;;;;;;;;;;;;;;;;;;;;;;;;;,,,,,,,,,,,,,,,,,,,,,,
LXA_proletarian_dictatorship;Lao People's Republic;;;;;;;;;;;;;x;;;;;;;;;;;;;;;;;;;;;;;;;;;;;;;;;;;;;;;;;;;;;;,,,,,,,,,,,,,,,,,,,,,,
LXA_proletarian_dictatorship_ADJ;Lao;;;;;;;;;;;;;x;;;;;;;;;;;;;;;;;;;;;;;;;;;;;;;;;;;;;;;;;;;;;;,,,,,,,,,,,,,,,,,,,,,,
LXA;Laos;;;;;;;;;;;;;;;;;;;;x;;;;;;;;;;;;;;;;;;;;;;;;;;;;;;;;;;;;;;;,,,,,,,,,,,,,,,,,,,,,,
LXA_absolute_monarchy;Lan Xang;;;;;;;;;;;;;;;;;;;;;;;;;;x;;;;;;;;;;;;;;;;;;;;;;;;;;;;;;;;;,,,,,,,,,,,,,,,,,,,,,,
LXA_absolute_monarchy_ADJ;Lan Xangi;;;;;;;;;;;;;;;;;;;;;;;;;;x;;;;;;;;;;;;;;;;;;;;;;;;;;;;;;;;;,,,,,,,,,,,,,,,,,,,,,,
LXA_conservative;Royal Faction;;;;;;;;;;;;x;;;;;;;;;;;;;;;;;;;;;;;;;;;;;;;;;;;;;;;;;;;;;;;,,,,,,,,,,,,,,,,,,,,,,
LXA_liberal;The Liberal Faction;;;;;;;;;;;;x;;;;;;;;;;;;;;;;;;;;;;;;;;;;;;;;;;;;;;;;;;;;;;;,,,,,,,,,,,,,,,,,,,,,,
LXA_reactionary;The Nationalist Faction;;;;;;;;;;;;x;;;;;;;;;;;;;;;;;;;;;;;;;;;;;;;;;;;;;;;;;;;;;;;,,,,,,,,,,,,,,,,,,,,,,
LXA_anarcho_liberal;The Radical Faction;;;;;;;;;;;;x;;;;;;;;;;;;;;;;;;;;;;;;;;;;;;;;;;;;;;;;;;;;;;;,,,,,,,,,,,,,,,,,,,,,,
LXA_socialist;The Socialist Faction;;;;;;;;;;;;x;;;;;;;;;;;;;;;;;;;;;;;;;;;;;;;;;;;;;;;;;;;;;;;,,,,,,,,,,,,,,,,,,,,,,
LXA_communist;The Communist Faction;;;;;;;;;;;;x;;;;;;;;;;;;;;;;;;;;;;;;;;;;;;;;;;;;;;;;;;;;;;;,,,,,,,,,,,,,,,,,,,,,,
LXA_fascist;The Fascist Faction;;;;;;;;;;;;x;;;;;;;;;;;;;;;;;;;;;;;;;;;;;;;;;;;;;;;;;;;;;;;,,,,,,,,,,,,,,,,,,,,,,
MAH;Maharashtra;;;;;;;;;;;;x;;;;;;;;;;;;;;;;;;;;;;;;;;;;;;;;;;;;;;;;;;;;;;;,,,,,,,,,,,,,,,,,,,,,,
MAH_ADJ;Maharashtran;;;;;;;;;;;;x;;;;;;;;;;;;;;;;;;;;;;;;;;;;;;;;;;;;;;;;;;;;;;;,,,,,,,,,,,,,,,,,,,,,,
MAH_conservative;Royal Faction;;;;;;;;;;;;x;;;;;;;;;;;;;;;;;;;;;;;;;;;;;;;;;;;;;;;;;;;;;;;,,,,,,,,,,,,,,,,,,,,,,
MAH_liberal;The Liberal Faction;;;;;;;;;;;;x;;;;;;;;;;;;;;;;;;;;;;;;;;;;;;;;;;;;;;;;;;;;;;;,,,,,,,,,,,,,,,,,,,,,,
MAH_reactionary;The Nationalist Faction;;;;;;;;;;;;x;;;;;;;;;;;;;;;;;;;;;;;;;;;;;;;;;;;;;;;;;;;;;;;,,,,,,,,,,,,,,,,,,,,,,
MAH_anarcho_liberal;The Radical Faction;;;;;;;;;;;;x;;;;;;;;;;;;;;;;;;;;;;;;;;;;;;;;;;;;;;;;;;;;;;;,,,,,,,,,,,,,,,,,,,,,,
MAH_socialist;The Socialist Faction;;;;;;;;;;;;x;;;;;;;;;;;;;;;;;;;;;;;;;;;;;;;;;;;;;;;;;;;;;;;,,,,,,,,,,,,,,,,,,,,,,
MAH_communist;Communist Faction;;;;;;;;;;;;x;;;;;;;;;;;;;;;;;;;;;;;;;;;;;;;;;;;;;;;;;;;;;;;,,,,,,,,,,,,,,,,,,,,,,
MAH_fascist;The Fascist Faction;;;;;;;;;;;;x;;;;;;;;;;;;;;;;;;;;;;;;;;;;;;;;;;;;;;;;;;;;;;;,,,,,,,,,,,,,,,,,,,,,,
MAL;Maluku;;;;;;;;;;;;x;;;;;;;;;;;;;;;;;;;;;;;;;;;;;;;;;;;;;;;;;;;;;;;,,,,,,,,,,,,,,,,,,,,,,
MAL_absolute_monarchy;Tidore Sultanate;;;;;;;;;;;;;x;;;;;;;;;;;;;;;;;;;;;;;;;;;;;;;;;;;;;;;;;;;;;;,,,,,,,,,,,,,,,,,,,,,,
MAL_prussian_constitutionalism;Tidore Sultanate;;;;;;;;;;;;;x;;;;;;;;;;;;;;;;;;;;;;;;;;;;;;;;;;;;;;;;;;;;;;,,,,,,,,,,,,,,,,,,,,,,
MAL_hms_government;Tidore Sultanate;;;;;;;;;;;;;x;;;;;;;;;;;;;;;;;;;;;;;;;;;;;;;;;;;;;;;;;;;;;;,,,,,,,,,,,,,,,,,,,,,,
MAL_ADJ;Moluccan;;;;;;;;;;;;x;;;;;;;;;;;;;;;;;;;;;;;;;;;;;;;;;;;;;;;;;;;;;;;,,,,,,,,,,,,,,,,,,,,,,
MAR;Marianas;Marianas;Marianas;;;;;;;;;;;;x;;;;;;;;;;;;;;;;;;;;;;;;;;;;;;;;;;;;;;;;;;;;;,,,,,,,,,,,,,,,,,,,,,,
MAR_ADJ;Marianan;Marianan;Marianan;;;;;;;;;;;;x;;;;;;;;;;;;;;;;;;;;;;;;;;;;;;;;;;;;;;;;;;;;;,,,,,,,,,,,,,,,,,,,,,,
MCD;Macedonia;;;;;;;;;;;;x;;;;;;;;;;;;;;;;;;;;;;;;;;;;;;;;;;;;;;;;;;;;;;;,,,,,,,,,,,,,,,,,,,,,,
MCD_ADJ;Macedonian;;;;;;;;;;;;x;;;;;;;;;;;;;;;;;;;;;;;;;;;;;;;;;;;;;;;;;;;;;;;,,,,,,,,,,,,,,,,,,,,,,
MDR;Madeiras;;;;;;;;;;;;;x;;;;;;;;;;;;;;;;;;;;;;;;;;;;;;;;;;;;;;;;;;;;;;,,,,,,,,,,,,,,,,,,,,,,
MDR_ADJ;Madeiran;;;;;;;;;;;;;x;;;;;;;;;;;;;;;;;;;;;;;;;;;;;;;;;;;;;;;;;;;;;;,,,,,,,,,,,,,,,,,,,,,,
MDR_conservative;Partido Conservador;;;;;;;;;;;;;x;;;;;;;;;;;;;;;;;;;;;;;;;;;;;;;;;;;;;;;;;;;;;;,,,,,,,,,,,,,,,,,,,,,,
MDR_liberal;Partido Liberal;;;;;;;;;;;;;x;;;;;;;;;;;;;;;;;;;;;;;;;;;;;;;;;;;;;;;;;;;;;;,,,,,,,,,,,,,,,,,,,,,,
MDR_reactionary;Partido Real;;;;;;;;;;;;;x;;;;;;;;;;;;;;;;;;;;;;;;;;;;;;;;;;;;;;;;;;;;;;,,,,,,,,,,,,,,,,,,,,,,
MDR_socialist;Partido Socialist;;;;;;;;;;;;;x;;;;;;;;;;;;;;;;;;;;;;;;;;;;;;;;;;;;;;;;;;;;;;,,,,,,,,,,,,,,,,,,,,,,
MDR_communist;Partido Communist;;;;;;;;;;;;;x;;;;;;;;;;;;;;;;;;;;;;;;;;;;;;;;;;;;;;;;;;;;;;,,,,,,,,,,,,,,,,,,,,,,
MDR_anarcho_liberal;Partido Anarchist;;;;;;;;;;;;;x;;;;;;;;;;;;;;;;;;;;;;;;;;;;;;;;;;;;;;;;;;;;;;,,,,,,,,,,,,,,,,,,,,,,
MDR_fascist;Fascistos;;;;;;;;;;;;;x;;;;;;;;;;;;;;;;;;;;;;;;;;;;;;;;;;;;;;;;;;;;;;,,,,,,,,,,,,,,,,,,,,,,
MDV;Moldova;;;;;;;;;;;;x;;;;;;;;;;;;;;;;;;;;;;;;;;;;;;;;;;;;;;;;;;;;;;;,,,,,,,,,,,,,,,,,,,,,,
MDV_ADJ;Moldovian;;;;;;;;;;;;x;;;;;;;;;;;;;;;;;;;;;;;;;;;;;;;;;;;;;;;;;;;;;;;,,,,,,,,,,,,,,,,,,,,,,
MGH;Maghreb;;;;;;;;;;;;x;;;;;;;;;;;;;;;;;;;;;;;;;;;;;;;;;;;;;;;;;;;;;;;,,,,,,,,,,,,,,,,,,,,,,
MGH_ADJ;Maghrebi;;;;;;;;;;;;x;;;;;;;;;;;;;;;;;;;;;;;;;;;;;;;;;;;;;;;;;;;;;;;,,,,,,,,,,,,,,,,,,,,,,
MLI;Mali;;;;;;;;;;;;;x;;;;;;;;;;;;;;;;;;;;;;;;;;;;;;;;;;;;;;;;;;;;;;,,,,,,,,,,,,,,,,,,,,,,
MLI_ADJ;Malian;;;;;;;;;;;;;x;;;;;;;;;;;;;;;;;;;;;;;;;;;;;;;;;;;;;;;;;;;;;;,,,,,,,,,,,,,,,,,,,,,,
MLI_absolute_monarchy;Mali Empire;;;;;;;;;;;;;x;;;;;;;;;;;;;;;;;;;;;;;;;;;;;;;;;;;;;;;;;;;;;;,,,,,,,,,,,,,,,,,,,,,,
MLI_prussian_constitutionalism;Mali Empire;;;;;;;;;;;;;x;;;;;;;;;;;;;;;;;;;;;;;;;;;;;;;;;;;;;;;;;;;;;;,,,,,,,,,,,,,,,,,,,,,,
MLI_hms_government;Mali Empire;;;;;;;;;;;;;x;;;;;;;;;;;;;;;;;;;;;;;;;;;;;;;;;;;;;;;;;;;;;;,,,,,,,,,,,,,,,,,,,,,,
MLI_proletarian_dictatorship;Mali;;;;;;;;;;;;;x;;;;;;;;;;;;;;;;;;;;;;;;;;;;;;;;;;;;;;;;;;;;;;,,,,,,,,,,,,,,,,,,,,,,
MLI_liberal;African Regroupment Party;;;;;;;;;;;;x;;;;;;;;;;;;;;;;;;;;;;;;;;;;;;;;;;;;;;;;;;;;;;;,,,,,,,,,,,,,,,,,,,,,,
MLI_anarcho_liberal;Party for Unity, Democracy and Progress;;;;;;;;;;;;x;;;;;;;;;;;;;;;;;;;;;;;;;;;;;;;;;;;;;;;;;;;;;;;,,,,,,,,,,,,,,,,,,,,,
MLI_conservative;Progressive Party;;;;;;;;;;;;x;;;;;;;;;;;;;;;;;;;;;;;;;;;;;;;;;;;;;;;;;;;;;;;,,,,,,,,,,,,,,,,,,,,,,
MLI_reactionary;UDPM;;;;;;;;;;;;x;;;;;;;;;;;;;;;;;;;;;;;;;;;;;;;;;;;;;;;;;;;;;;;,,,,,,,,,,,,,,,,,,,,,,
MLI_socialist;Alliance for Democracy;;;;;;;;;;;;x;;;;;;;;;;;;;;;;;;;;;;;;;;;;;;;;;;;;;;;;;;;;;;;,,,,,,,,,,,,,,,,,,,,,,
MLI_communist;Party of Labor;;;;;;;;;;;;x;;;;;;;;;;;;;;;;;;;;;;;;;;;;;;;;;;;;;;;;;;;;;;;,,,,,,,,,,,,,,,,,,,,,,
MLI_fascist;Patriotic Movement for Renewal;;;;;;;;;;;;x;;;;;;;;;;;;;;;;;;;;;;;;;;;;;;;;;;;;;;;;;;;;;;;,,,,,,,,,,,,,,,,,,,,,,
MLT;Malta;;;;;;;;;;;;x;;;;;;;;;;;;;;;;;;;;;;;;;;;;;;;;;;;;;;;;;;;;;;;,,,,,,,,,,,,,,,,,,,,,,
MLT_ADJ;Maltese;;;;;;;;;;;;x;;;;;;;;;;;;;;;;;;;;;;;;;;;;;;;;;;;;;;;;;;;;;;;,,,,,,,,,,,,,,,,,,,,,,
MLT_conservative;Partit Nazzjonalista;Partit Nazzjonalista;Partit Nazzjonalista;;;;;;;;;;;x;;;;;;;;;;;;;;;;;;;;;;;;;;;;;;;;;;;;;;;;;;;;;;,,,,,,,,,,,,,,,,,,,,,,
MLT_liberal;Constitutional Party;Constitutional Party;Constitutional Party;;;;;;;;;;;x;;;;;;;;;;;;;;;;;;;;;;;;;;;;;;;;;;;;;;;;;;;;;;,,,,,,,,,,,,,,,,,,,,,,
MLT_reactionary;Azzjoni Nazzjonali;Azzjoni Nazzjonali;Azzjoni Nazzjonali;;;;;;;;;;;x;;;;;;;;;;;;;;;;;;;;;;;;;;;;;;;;;;;;;;;;;;;;;;,,,,,,,,,,,,,,,,,,,,,,
MLT_socialist;Partit Laburista;Partit Laburista;Partit Laburista;;;;;;;;;;;x;;;;;;;;;;;;;;;;;;;;;;;;;;;;;;;;;;;;;;;;;;;;;;,,,,,,,,,,,,,,,,,,,,,,
MLT_communist;Communist Party;Communist Party;Communist Party;;;;;;;;;;;x;;;;;;;;;;;;;;;;;;;;;;;;;;;;;;;;;;;;;;;;;;;;;;,,,,,,,,,,,,,,,,,,,,,,
MLT_anarcho_liberal;Alpha Partit Liberali;Alpha Partit Liberali;Alpha Partit Liberali;;;;;;;;;;;x;;;;;;;;;;;;;;;;;;;;;;;;;;;;;;;;;;;;;;;;;;;;;;,,,,,,,,,,,,,,,,,,,,,,
MLT_fascist;Imperium Europa;Imperium Europa;Imperium Europa;;;;;;;;;;;x;;;;;;;;;;;;;;;;;;;;;;;;;;;;;;;;;;;;;;;;;;;;;;,,,,,,,,,,,,,,,,,,,,,,
MLW;Malawi;;;;;;;;;;;;x;;;;;;;;;;;;;;;;;;;;;;;;;;;;;;;;;;;;;;;;;;;;;;;,,,,,,,,,,,,,,,,,,,,,,
MLW_ADJ;Malawian;;;;;;;;;;;;x;;;;;;;;;;;;;;;;;;;;;;;;;;;;;;;;;;;;;;;;;;;;;;;,,,,,,,,,,,,,,,,,,,,,,
MLW_absolute_monarchy;Nyasaland;;;;;;;;;;;;x;;;;;;;;;;;;;;;;;;;;;;;;;;;;;;;;;;;;;;;;;;;;;;;,,,,,,,,,,,,,,,,,,,,,,
MLW_prussian_constitutionalism;Nyasaland;;;;;;;;;;;;x;;;;;;;;;;;;;;;;;;;;;;;;;;;;;;;;;;;;;;;;;;;;;;;,,,,,,,,,,,,,,,,,,,,,,
MLW_hms_government;Nyasaland;;;;;;;;;;;;x;;;;;;;;;;;;;;;;;;;;;;;;;;;;;;;;;;;;;;;;;;;;;;;,,,,,,,,,,,,,,,,,,,,,,
MLW_absolute_monarchy_ADJ;Nyasa;;;;;;;;;;;;x;;;;;;;;;;;;;;;;;;;;;;;;;;;;;;;;;;;;;;;;;;;;;;;,,,,,,,,,,,,,,,,,,,,,,
MLW_prussian_constitutionalism_ADJ;Nyasa;;;;;;;;;;;;x;;;;;;;;;;;;;;;;;;;;;;;;;;;;;;;;;;;;;;;;;;;;;;;,,,,,,,,,,,,,,,,,,,,,,
MLW_hms_government_ADJ;Nyasa;;;;;;;;;;;;x;;;;;;;;;;;;;;;;;;;;;;;;;;;;;;;;;;;;;;;;;;;;;;;,,,,,,,,,,,,,,,,,,,,,,
MLW_liberal;United Democratic Front;;;;;;;;;;;;x;;;;;;;;;;;;;;;;;;;;;;;;;;;;;;;;;;;;;;;;;;;;;;;,,,,,,,,,,,,,,,,,,,,,,
MLW_conservative;Democratic Progressive Party;;;;;;;;;;;;x;;;;;;;;;;;;;;;;;;;;;;;;;;;;;;;;;;;;;;;;;;;;;;;,,,,,,,,,,,,,,,,,,,,,,
MLW_socialist;Alliance for Democracy;;;;;;;;;;;;x;;;;;;;;;;;;;;;;;;;;;;;;;;;;;;;;;;;;;;;;;;;;;;;,,,,,,,,,,,,,,,,,,,,,,
MLW_reactionary;Malawi Congress Party;;;;;;;;;;;;x;;;;;;;;;;;;;;;;;;;;;;;;;;;;;;;;;;;;;;;;;;;;;;;,,,,,,,,,,,,,,,,,,,,,,
MLW_anarcho_liberal;Malawi Forum for Unity and Development;;;;;;;;;;;;x;;;;;;;;;;;;;;;;;;;;;;;;;;;;;;;;;;;;;;;;;;;;;;;,,,,,,,,,,,,,,,,,,,,,,
MLW_communist;Communist Party of Malawi;;;;;;;;;;;;x;;;;;;;;;;;;;;;;;;;;;;;;;;;;;;;;;;;;;;;;;;;;;;;,,,,,,,,,,,,,,,,,,,,,,
MLW_fascist;Fascist Party of Malawi;;;;;;;;;;;;x;;;;;;;;;;;;;;;;;;;;;;;;;;;;;;;;;;;;;;;;;;;;;;;,,,,,,,,,,,,,,,,,,,,,,
MLY;Malaysia;;;;;;;;;;;;x;;;;;;;;;;;;;;;;;;;;;;;;;;;;;;;;;;;;;;;;;;;;;;;,,,,,,,,,,,,,,,,,,,,,,
MLY_ADJ;Malaysian;;;;;;;;;;;;x;;;;;;;;;;;;;;;;;;;;;;;;;;;;;;;;;;;;;;;;;;;;;;;,,,,,,,,,,,,,,,,,,,,,,
MLY_absolute_monarchy;Malaya;;;;;;;;;;;;x;;;;;;;;;;;;;;;;;;;;;;;;;;;;;;;;;;;;;;;;;;;;;;;,,,,,,,,,,,,,,,,,,,,,,
MLY_prussian_constitutionalism;Malaya;;;;;;;;;;;;x;;;;;;;;;;;;;;;;;;;;;;;;;;;;;;;;;;;;;;;;;;;;;;;,,,,,,,,,,,,,,,,,,,,,,
MLY_hms_government;Malay Federation;;;;;;;;;;;;x;;;;;;;;;;;;;;;;;;;;;;;;;;;;;;;;;;;;;;;;;;;;;;;,,,,,,,,,,,,,,,,,,,,,,
MLY_absolute_monarchy_ADJ;Malay;;;;;;;;;;;;x;;;;;;;;;;;;;;;;;;;;;;;;;;;;;;;;;;;;;;;;;;;;;;;,,,,,,,,,,,,,,,,,,,,,,
MLY_prussian_constitutionalism_ADJ;Malay;;;;;;;;;;;;x;;;;;;;;;;;;;;;;;;;;;;;;;;;;;;;;;;;;;;;;;;;;;;;,,,,,,,,,,,,,,,,,,,,,,
MLY_hms_government_ADJ;Malay;;;;;;;;;;;;x;;;;;;;;;;;;;;;;;;;;;;;;;;;;;;;;;;;;;;;;;;;;;;;,,,,,,,,,,,,,,,,,,,,,,
MOD_reactionary;Restaurazionisti;Restaurazionisti;Restaurazionisti;;Restaurazionis ti;;;;;;;;;x;;;;;;;;;;;;;;;;;;;;;;;;;;;;;;;;;;;;;;;;;;;;;;,,,,,,,,,,,,,,,,,,,,,,
MOD_conservative;Moderati ;Moderati ;Moderati;;Moderati ;;;;;;;;;x;;;;;;;;;;;;;;;;;;;;;;;;;;;;;;;;;;;;;;;;;;;;;;,,,,,,,,,,,,,,,,,,,,,,
MOD_liberal;Riformisti ;Riformisti ;Riformisti;;Riformisti ;;;;;;;;;x;;;;;;;;;;;;;;;;;;;;;;;;;;;;;;;;;;;;;;;;;;;;;;,,,,,,,,,,,,,,,,,,,,,,
MOD_liberal_2;Liberali;Liberali;Liberali;;Liberali ;;;;;;;;;x;;;;;;;;;;;;;;;;;;;;;;;;;;;;;;;;;;;;;;;;;;;;;;,,,,,,,,,,,,,,,,,,,,,,
MOD_socialist;Socialisti;Socialisti;Socialisti;;Socialisti;;;;;;;;; x;;;;;;;;;;;;;;;;;;;;;;;;;;;;;;;;;;;;;;;;;;;;;;,,,,,,,,,,,,,,,,,,,,,,
MOD_conservative_2;Popolari;Popolari;Popolari;;Pop olari;;;;;;;;;x;;;;;;;;;;;;;;;;;;;;;;;;;;;;;;;;;;;;;;;;;;;;;;,,,,,,,,,,,,,,,,,,,,,,
MOD_anarcho_liberal;Radicali;Radicali;Radicali;;Radicali;;;;;;;;;x;;;;;;;;;;;;;;;;;;;;;;;;;;;;;;;;;;;;;;;;;;;;;;,,,,,,,,,,,,,,,,,,,,,,
MOD_communist;Comunisti;Comunisti;Comunisti;;Comunisti;;;;;;;;;x;;;;;;;;;;;;;;;;;;;;;;;;;;;;;;;;;;;;;;;;;;;;;;,,,,,,,,,,,,,,,,,,,,,,
MOD_fascist;Fascisti;Fascisti;Fascisti;;Fascisti;;;;;;;;;x;;;;;;;;;;;;;;;;;;;;;;;;;;;;;;;;;;;;;;;;;;;;;;,,,,,,,,,,,,,,,,,,,,,,
MOZ;Mozambique;;;;;;;;;;;;x;;;;;;;;;;;;;;;;;;;;;;;;;;;;;;;;;;;;;;;;;;;;;;;,,,,,,,,,,,,,,,,,,,,,,
MOZ_ADJ;Mozambican;;;;;;;;;;;;x;;;;;;;;;;;;;;;;;;;;;;;;;;;;;;;;;;;;;;;;;;;;;;;,,,,,,,,,,,,,,,,,,,,,,
MOZ_liberal;Social Liberal Party;;;;;;;;;;;;x;;;;;;;;;;;;;;;;;;;;;;;;;;;;;;;;;;;;;;;;;;;;;;;,,,,,,,,,,,,,,,,,,,,,,
MOZ_conservative;Mozambique Democratic Party;;;;;;;;;;;;x;;;;;;;;;;;;;;;;;;;;;;;;;;;;;;;;;;;;;;;;;;;;;;;,,,,,,,,,,,,,,,,,,,,,,
MOZ_socialist;UDENAMO;;;;;;;;;;;;x;;;;;;;;;;;;;;;;;;;;;;;;;;;;;;;;;;;;;;;;;;;;;;;,,,,,,,,,,,,,,,,,,,,,,
MOZ_reactionary;RENAMO;;;;;;;;;;;;x;;;;;;;;;;;;;;;;;;;;;;;;;;;;;;;;;;;;;;;;;;;;;;;,,,,,,,,,,,,,,,,,,,,,,
MOZ_anarcho_liberal;Independent Party of Mozambique;;;;;;;;;;;;x;;;;;;;;;;;;;;;;;;;;;;;;;;;;;;;;;;;;;;;;;;;;;;;,,,,,,,,,,,,,,,,,,,,,,
MOZ_communist;FRELIMO;;;;;;;;;;;;x;;;;;;;;;;;;;;;;;;;;;;;;;;;;;;;;;;;;;;;;;;;;;;;,,,,,,,,,,,,,,,,,,,,,,
MOZ_fascist;Mozambique People's Progress Party;;;;;;;;;;;;x;;;;;;;;;;;;;;;;;;;;;;;;;;;;;;;;;;;;;;;;;;;;;;;,,,,,,,,,,,,,,,,,,,,,,
MRS;Marshall Islands;Marshall Islands;Marshall Islands;;;;;;;;;;;;x;;;;;;;;;;;;;;;;;;;;;;;;;;;;;;;;;;;;;;;;;;;;;,,,,,,,,,,,,,,,,,,,,,,
MRS_ADJ;Marshallese;Marshallese;Marshallese;;;;;;;;;;;;x;;;;;;;;;;;;;;;;;;;;;;;;;;;;;;;;;;;;;;;;;;;;;,,,,,,,,,,,,,,,,,,,,,,
MRT;Marathas;;;;;;;;;;;;x;;;;;;;;;;;;;;;;;;;;;;;;;;;;;;;;;;;;;;;;;;;;;;;,,,,,,,,,,,,,,,,,,,,,,
MRT_ADJ;Marathi;;;;;;;;;;;;x;;;;;;;;;;;;;;;;;;;;;;;;;;;;;;;;;;;;;;;;;;;;;;;,,,,,,,,,,,,,,,,,,,,,,
MRT_absolute_monarchy;Maratha Empire;;;;;;;;;;;;x;;;;;;;;;;;;;;;;;;;;;;;;;;;;;;;;;;;;;;;;;;;;;;;,,,,,,,,,,,,,,,,,,,,,,
MRT_prussian_constitutionalism;Maratha Empire;;;;;;;;;;;;x;;;;;;;;;;;;;;;;;;;;;;;;;;;;;;;;;;;;;;;;;;;;;;;,,,,,,,,,,,,,,,,,,,,,,
MRT_democracy;Maratha Confederacy;;;;;;;;;;;;x;;;;;;;;;;;;;;;;;;;;;;;;;;;;;;;;;;;;;;;;;;;;;;;,,,,,,,,,,,,,,,,,,,,,,
MRT_proletarian_dictatorship;Maratha Republic;;;;;;;;;;;;x;;;;;;;;;;;;;;;;;;;;;;;;;;;;;;;;;;;;;;;;;;;;;;;,,,,,,,,,,,,,,,,,,,,,,
MRU;The Maritime Republic;;;;;;;;;;;;x;;;;;;;;;;;;;;;;;;;;;;;;;;;;;;;;;;;;;;;;;;;;;;;,,,,,,,,,,,,,,,,,,,,,,
MRU_absolute_monarchy;The Maritime Union;;;;;;;;;;;;x;;;;;;;;;;;;;;;;;;;;;;;;;;;;;;;;;;;;;;;;;;;;;;;,,,,,,,,,,,,,,,,,,,,,,
MRU_prussian_constitutionalism;The Maritime Union;;;;;;;;;;;;x;;;;;;;;;;;;;;;;;;;;;;;;;;;;;;;;;;;;;;;;;;;;;;;,,,,,,,,,,,,,,,,,,,,,,
MRU_hms_government;The Maritime Union;;;;;;;;;;;;x;;;;;;;;;;;;;;;;;;;;;;;;;;;;;;;;;;;;;;;;;;;;;;;,,,,,,,,,,,,,,,,,,,,,,
MRU_ADJ;Maritime;;;;;;;;;;;;x;;;;;;;;;;;;;;;;;;;;;;;;;;;;;;;;;;;;;;;;;;;;;;;,,,,,,,,,,,,,,,,,,,,,,
NEJ_absolute_monarchy;Nejd Emirate;;;;;;;;;;;;x;;;;;;;;;;;;;;;;;;;;;;;;;;;;;;;;;;;;;;;;;;;;;;;,,,,,,,,,,,,,,,,,,,,,,
NEJ_prussian_constitutionalism;Nejd Emirate;;;;;;;;;;;;x;;;;;;;;;;;;;;;;;;;;;;;;;;;;;;;;;;;;;;;;;;;;;;;,,,,,,,,,,,,,,,,,,,,,,
NEJ_hms_government;Nejd Emirate;;;;;;;;;;;;x;;;;;;;;;;;;;;;;;;;;;;;;;;;;;;;;;;;;;;;;;;;;;;;,,,,,,,,,,,,,,,,,,,,,,
NEJ_absolute_monarchy_ADJ;Saudi;;;;;;;;;;;;x;;;;;;;;;;;;;;;;;;;;;;;;;;;;;;;;;;;;;;;;;;;;;;;,,,,,,,,,,,,,,,,,,,,,,
NEJ_prussian_constitutionalism_ADJ;Saudi;;;;;;;;;;;;x;;;;;;;;;;;;;;;;;;;;;;;;;;;;;;;;;;;;;;;;;;;;;;;,,,,,,,,,,,,,,,,,,,,,,
NEJ_hms_government_ADJ;Saudi;;;;;;;;;;;;x;;;;;;;;;;;;;;;;;;;;;;;;;;;;;;;;;;;;;;;;;;;;;;;,,,,,,,,,,,,,,,,,,,,,,
NEJ_conservative;Al-Sa'ud;;;;;;;;;;;;;;;;;;;x;;;;;;;;;;;;;;;;;;;;;;;;;;;;;;;;;;;;;;;;,,,,,,,,,,,,,,,,,,,,,,
NEJ_liberal;Al-Ahrar;;;;;;;;;;;;;;;;;;;;;;;;x;;;;;;;;;;;;;;;;;;;;;;;;;;;;;;;;;;;,,,,,,,,,,,,,,,,,,,,,,
NEJ_reactionary;Al-Da'wa al-Wahhabiyyah;;;;;;;;;;;;;;;;;;;;;;x;;;;;;;;;;;;;;;;;;;;;;;;;;;;;;;;;;;;;,,,,,,,,,,,,,,,,,,,,,,
NEJ_anarcho_liberal;Al-Hizb al-Metterf;;;;;;;;;;;;;;;;;;;;;;;;;;;;;;;;;x;;;;;;;;;;;;;;;;;;;;;;;;;;,,,,,,,,,,,,,,,,,,,,,,
NEJ_socialist;Hizb al-Ba'ath al-'Arabi al-Ishtiraki;;;;;;;;;;;;;;;;;;;;;;;x;;;;;;;;;;;;;;;;;;;;;;;;;;;;;;;;;;;;,,,,,,,,,,,,,,,,,,,,,,
NEJ_communist;Al-Hizb al-Shuyu'i;;;;;;;;;;;;;;;;;;;;;;;;;;;;;;;;;x;;;;;;;;;;;;;;;;;;;;;;;;;;,,,,,,,,,,,,,,,,,,,,,,
NEJ_fascist;Al-Hizb al-Fashy;;;;;;;;;;;;;;;;;;;;;x;;;;;;;;;;;;;;;;;;;;;;;;;;;;;;;;;;;;;;,,,,,,,,,,,,,,,,,,,,,,
NGR;Nigeria;;;;;;;;;;;;x;;;;;;;;;;;;;;;;;;;;;;;;;;;;;;;;;;;;;;;;;;;;;;;,,,,,,,,,,,,,,,,,,,,,,
NGR_ADJ;Nigerian;;;;;;;;;;;;x;;;;;;;;;;;;;;;;;;;;;;;;;;;;;;;;;;;;;;;;;;;;;;;,,,,,,,,,,,,,,,,,,,,,,
NGR_liberal;National Council;;;;;;;;;;;;x;;;;;;;;;;;;;;;;;;;;;;;;;;;;;;;;;;;;;;;;;;;;;;;,,,,,,,,,,,,,,,,,,,,,,
NGR_conservative;Northern People's Congress;;;;;;;;;;;;x;;;;;;;;;;;;;;;;;;;;;;;;;;;;;;;;;;;;;;;;;;;;;;;,,,,,,,,,,,,,,,,,,,,,,
NGR_socialist;Action Group;;;;;;;;;;;;x;;;;;;;;;;;;;;;;;;;;;;;;;;;;;;;;;;;;;;;;;;;;;;;,,,,,,,,,,,,,,,,,,,,,,
NGR_reactionary;Nigerian National Democratic Party;;;;;;;;;;;;x;;;;;;;;;;;;;;;;;;;;;;;;;;;;;;;;;;;;;;;;;;;;;;;,,,,,,,,,,,,,,,,,,,,,,
NGR_anarcho_liberal;NEPU;;;;;;;;;;;;x;;;;;;;;;;;;;;;;;;;;;;;;;;;;;;;;;;;;;;;;;;;;;;;,,,,,,,,,,,,,,,,,,,,,,
NGR_communist;Commoners Party;;;;;;;;;;;;x;;;;;;;;;;;;;;;;;;;;;;;;;;;;;;;;;;;;;;;;;;;;;;;,,,,,,,,,,,,,,,,,,,,,,
NGR_fascist;Dynamic Party;;;;;;;;;;;;x;;;;;;;;;;;;;;;;;;;;;;;;;;;;;;;;;;;;;;;;;;;;;;;,,,,,,,,,,,,,,,,,,,,,,
NIG;Niger;;;;;;;;;;;;x;;;;;;;;;;;;;;;;;;;;;;;;;;;;;;;;;;;;;;;;;;;;;;;,,,,,,,,,,,,,,,,,,,,,,
NIG_ADJ;Nigerien;;;;;;;;;;;;x;;;;;;;;;;;;;;;;;;;;;;;;;;;;;;;;;;;;;;;;;;;;;;;,,,,,,,,,,,,,,,,,,,,,,
NIG_liberal;UPDP;;;;;;;;;;;;x;;;;;;;;;;;;;;;;;;;;;;;;;;;;;;;;;;;;;;;;;;;;;;;,,,,,,,,,,,,,,,,,,,,,,
NIG_conservative;Democratic and Social Convention;;;;;;;;;;;;x;;;;;;;;;;;;;;;;;;;;;;;;;;;;;;;;;;;;;;;;;;;;;;;,,,,,,,,,,,,,,,,,,,,,,
NIG_socialist;Sawaba;;;;;;;;;;;;x;;;;;;;;;;;;;;;;;;;;;;;;;;;;;;;;;;;;;;;;;;;;;;;,,,,,,,,,,,,,,,,,,,,,,
NIG_reactionary;MNSD;;;;;;;;;;;;x;;;;;;;;;;;;;;;;;;;;;;;;;;;;;;;;;;;;;;;;;;;;;;;,,,,,,,,,,,,,,,,,,,,,,
NIG_anarcho_liberal;;;;;;;;;;;;;x;;;;;;;;;;;;;;;;;;;;;;;;;;;;;;;;;;;;;;;;;;;;;;;,,,,,,,,,,,,,,,,,,,,,,
NIG_communist;Progressive Party;;;;;;;;;;;;x;;;;;;;;;;;;;;;;;;;;;;;;;;;;;;;;;;;;;;;;;;;;;;;,,,,,,,,,,,,,,,,,,,,,,
NIG_fascist;Party for People's Dignity;;;;;;;;;;;;x;;;;;;;;;;;;;;;;;;;;;;;;;;;;;;;;;;;;;;;;;;;;;;;,,,,,,,,,,,,,,,,,,,,,,
NOR_liberal;Liberals;;;;;;;;;;;;x;;;;;;;;;;;;;;;;;;;;;;;;;;;;;;;;;;;;;;;;;;;;;;;,,,,,,,,,,,,,,,,,,,,,,
NOR_liberal_2;Venstre;;;;;;;;;;;;x;;;;;;;;;;;;;;;;;;;;;;;;;;;;;;;;;;;;;;;;;;;;;;;,,,,,,,,,,,,,,,,,,,,,,
NOR_conservative;Conservatives;;;;;;;;;;;;x;;;;;;;;;;;;;;;;;;;;;;;;;;;;;;;;;;;;;;;;;;;;;;;,,,,,,,,,,,,,,,,,,,,,,
NOR_conservative_2;H¯yre;;;;;;;;;;;;x;;;;;;;;;;;;;;;;;;;;;;;;;;;;;;;;;;;;;;;;;;;;;;;,,,,,,,,,,,,,,,,,,,,,,
NOR_conservative_3;Moderate Venstre;;;;;;;;;;;;x;;;;;;;;;;;;;;;;;;;;;;;;;;;;;;;;;;;;;;;;;;;;;;;,,,,,,,,,,,,,,,,,,,,,,
NOR_conservative_4;Samlingspartiet;;;;;;;;;;;;x;;;;;;;;;;;;;;;;;;;;;;;;;;;;;;;;;;;;;;;;;;;;;;;,,,,,,,,,,,,,,,,,,,,,,
NOR_conservative_5;Frisinnede Venstre;;;;;;;;;;;;x;;;;;;;;;;;;;;;;;;;;;;;;;;;;;;;;;;;;;;;;;;;;;;;,,,,,,,,,,,,,,,,,,,,,,
NOR_conservative_6;Kristelig Folkeparti;;;;;;;;;;;;x;;;;;;;;;;;;;;;;;;;;;;;;;;;;;;;;;;;;;;;;;;;;;;;,,,,,,,,,,,,,,,,,,,,,,
NOR_anarcho_liberal_2;Arbeiderdemokratene;;;;;;;;;;;;x;;;;;;;;;;;;;;;;;;;;;;;;;;;;;;;;;;;;;;;;;;;;;;;,,,,,,,,,,,,,,,,,,,,,,
NOR_socialist;Socialists;;;;;;;;;;;;x;;;;;;;;;;;;;;;;;;;;;;;;;;;;;;;;;;;;;;;;;;;;;;;,,,,,,,,,,,,,,,,,,,,,,
NOR_socialist_2;Det Norske Arbeiderparti;;;;;;;;;;;;x;;;;;;;;;;;;;;;;;;;;;;;;;;;;;;;;;;;;;;;;;;;;;;;,,,,,,,,,,,,,,,,,,,,,,
NOR_socialist_3;Norges Socialdemokratiske Arbeiderparti;;;;;;;;;;;;x;;;;;;;;;;;;;;;;;;;;;;;;;;;;;;;;;;;;;;;;;;;;;;;,,,,,,,,,,,,,,,,,,,,,,
NOR_socialist_4;Bondepartiet;;;;;;;;;;;;x;;;;;;;;;;;;;;;;;;;;;;;;;;;;;;;;;;;;;;;;;;;;;;;,,,,,,,,,,,,,,,,,,,,,,
NOR_communist_2;Det Norske Arbeiderparti;;;;;;;;;;;;x;;;;;;;;;;;;;;;;;;;;;;;;;;;;;;;;;;;;;;;;;;;;;;;,,,,,,,,,,,,,,,,,,,,,,
NOR_communist_3;Norges Kommunistiske Parti;;;;;;;;;;;;x;;;;;;;;;;;;;;;;;;;;;;;;;;;;;;;;;;;;;;;;;;;;;;;,,,,,,,,,,,,,,,,,,,,,,
NOR_fascist;Nationalists;;;;;;;;;;;;x;;;;;;;;;;;;;;;;;;;;;;;;;;;;;;;;;;;;;;;;;;;;;;;,,,,,,,,,,,,,,,,,,,,,,
NOR_fascist_2;Nasjonal Samling;;;;;;;;;;;;x;;;;;;;;;;;;;;;;;;;;;;;;;;;;;;;;;;;;;;;;;;;;;;;,,,,,,,,,,,,,,,,,,,,,,
CZH_fascist;Vlajka;;;;;;;;;;;;;;;;;;;;;;;;;;;;;;x;;;;;;;;;;;;;;;;;;;;;;;;;;;;;,,,,,,,,,,,,,,,,,,,,,,
SLV_fascist;Slovensk· Ludov· Strana;;;;;;;;;;;;;;;;;;;;;;;;;;;;;;;;;;;;;;;x;;;;;;;;;;;;;;;;;;;;,,,,,,,,,,,,,,,,,,,,,,
BEL_fascist;Parti Rexiste;;;;;;;;;;;;;;;;;;;;;;;;;;;;;;;;;;;;;;;x;;;;;;;;;;;;;;;;;;;;,,,,,,,,,,,,,,,,,,,,,,
NQL;North Queensland;North Queensland;North Queensland;;;;;;;;;;;x;;;;;;;;;;;;;;;;;;;;;;;;;;;;;;;;;;;;;;;;;;;;;;,,,,,,,,,,,,,,,,,,,,,,
NQL_ADJ;North Queenslander;North Queenslander;North Queenslander;;;;;;;;;;;x;;;;;;;;;;;;;;;;;;;;;;;;;;;;;;;;;;;;;;;;;;;;;;,,,,,,,,,,,,,,,,,,,,,,
NQL_fascist_dictatorship;Capricornia;Capricornia;Capricornia;;;;;;;;;;;x;;;;;;;;;;;;;;;;;;;;;;;;;;;;;;;;;;;;;;;;;;;;;;,,,,,,,,,,,,,,,,,,,,,,
NQL_fascist_dictatorship_ADJ;Capricornian;Capricornian;Capricornian;;;;;;;;;;;x;;;;;;;;;;;;;;;;;;;;;;;;;;;;;;;;;;;;;;;;;;;;;;,,,,,,,,,,,,,,,,,,,,,,
NQL_conservative;Conservative Faction;Conservative Faction;Conservative Faction;;;;;;;;;;;x;;;;;;;;;;;;;;;;;;;;;;;;;;;;;;;;;;;;;;;;;;;;;;,,,,,,,,,,,,,,,,,,,,,,
NQL_conservative_1;Nationalist Party;Nationalist Party;Nationalist Party;;;;;;;;;;;x;;;;;;;;;;;;;;;;;;;;;;;;;;;;;;;;;;;;;;;;;;;;;;,,,,,,,,,,,,,,,,,,,,,,
NQL_conservative_2;United Australia Party;United Australia Party;United Australia Party;;;;;;;;;;;x;;;;;;;;;;;;;;;;;;;;;;;;;;;;;;;;;;;;;;;;;;;;;;,,,,,,,,,,,,,,,,,,,,,,
NQL_liberal;Liberal Faction;Liberal Faction;Liberal Faction;;;;;;;;;;;x;;;;;;;;;;;;;;;;;;;;;;;;;;;;;;;;;;;;;;;;;;;;;;,,,,,,,,,,,,,,,,,,,,,,
NQL_liberal_1;Liberal Party;Liberal Party;Liberal Party;;;;;;;;;;;x;;;;;;;;;;;;;;;;;;;;;;;;;;;;;;;;;;;;;;;;;;;;;;,,,,,,,,,,,,,,,,,,,,,,
NQL_socialist;Labour Faction;Labour Faction;Labour Faction;;;;;;;;;;;x;;;;;;;;;;;;;;;;;;;;;;;;;;;;;;;;;;;;;;;;;;;;;;,,,,,,,,,,,,,,,,,,,,,,
NQL_socialist_1;Labor Party;Labor Party;Labor Party;;;;;;;;;;;x;;;;;;;;;;;;;;;;;;;;;;;;;;;;;;;;;;;;;;;;;;;;;;,,,,,,,,,,,,,,,,,,,,,,
NQL_communist;Communist Party;Communist Party;Communist Party;;;;;;;;;;;x;;;;;;;;;;;;;;;;;;;;;;;;;;;;;;;;;;;;;;;;;;;;;;,,,,,,,,,,,,,,,,,,,,,,
NQL_reactionary;Radical Nationalists;Radical Nationalists;Radical Nationalists;;;;;;;;;;;x;;;;;;;;;;;;;;;;;;;;;;;;;;;;;;;;;;;;;;;;;;;;;;,,,,,,,,,,,,,,,,,,,,,,
NQL_reactionary_2;Country Party;Country Party;Country Party;;;;;;;;;;;x;;;;;;;;;;;;;;;;;;;;;;;;;;;;;;;;;;;;;;;;;;;;;;,,,,,,,,,,,,,,,,,,,,,,
NQL_anarcho_liberal;Radical Liberals;Radical Liberals;Radical Liberals;;;;;;;;;;;x;;;;;;;;;;;;;;;;;;;;;;;;;;;;;;;;;;;;;;;;;;;;;;,,,,,,,,,,,,,,,,,,,,,,
NQL_fascist;Fascist Party;Fascist Party;Fascist Party;;;;;;;;;;;x;;;;;;;;;;;;;;;;;;;;;;;;;;;;;;;;;;;;;;;;;;;;;;,,,,,,,,,,,,,,,,,,,,,,
NSW;New South Wales;New South Wales;New South Wales;;;;;;;;;;;x;;;;;;;;;;;;;;;;;;;;;;;;;;;;;;;;;;;;;;;;;;;;;;,,,,,,,,,,,,,,,,,,,,,,
NSW_ADJ;New South Welsh;New South Welsh;New South Welsh;;;;;;;;;;;x;;;;;;;;;;;;;;;;;;;;;;;;;;;;;;;;;;;;;;;;;;;;;;,,,,,,,,,,,,,,,,,,,,,,
NSW_conservative;Conservative Faction;Conservative Faction;Conservative Faction;;;;;;;;;;;x;;;;;;;;;;;;;;;;;;;;;;;;;;;;;;;;;;;;;;;;;;;;;;,,,,,,,,,,,,,,,,,,,,,,
NSW_conservative_1;Protectionist Party;Protectionist Party;Protectionist Party;;;;;;;;;;;x;;;;;;;;;;;;;;;;;;;;;;;;;;;;;;;;;;;;;;;;;;;;;;,,,,,,,,,,,,,,,,,,,,,,
NSW_conservative_2;Progressive Party;Progressive Party;Progressive Party;;;;;;;;;;;x;;;;;;;;;;;;;;;;;;;;;;;;;;;;;;;;;;;;;;;;;;;;;;,,,,,,,,,,,,,,,,,,,,,,
NSW_conservative_3;Nationalist Party;Nationalist Party;Nationalist Party;;;;;;;;;;;x;;;;;;;;;;;;;;;;;;;;;;;;;;;;;;;;;;;;;;;;;;;;;;,,,,,,,,,,,,,,,,,,,,,,
NSW_conservative_4;United Australia Party;United Australia Party;United Australia Party;;;;;;;;;;;x;;;;;;;;;;;;;;;;;;;;;;;;;;;;;;;;;;;;;;;;;;;;;;,,,,,,,,,,,,,,,,,,,,,,
NSW_liberal;Liberal Faction;Liberal Faction;Liberal Faction;;;;;;;;;;;x;;;;;;;;;;;;;;;;;;;;;;;;;;;;;;;;;;;;;;;;;;;;;;,,,,,,,,,,,,,,,,,,,,,,
NSW_liberal_1;Free Trade Party;Free Trade Party;Free Trade Party;;;;;;;;;;;x;;;;;;;;;;;;;;;;;;;;;;;;;;;;;;;;;;;;;;;;;;;;;;,,,,,,,,,,,,,,,,,,,,,,
NSW_liberal_2;Liberal Reform Party;Liberal Reform Party;Liberal Reform Party;;;;;;;;;;;x;;;;;;;;;;;;;;;;;;;;;;;;;;;;;;;;;;;;;;;;;;;;;;,,,,,,,,,,,,,,,,,,,,,,
NSW_liberal_3;Liberal Party;Liberal Party;Liberal Party;;;;;;;;;;;x;;;;;;;;;;;;;;;;;;;;;;;;;;;;;;;;;;;;;;;;;;;;;;,,,,,,,,,,,,,,,,,,,,,,
NSW_socialist;Labour Faction;Labour Faction;Labour Faction;;;;;;;;;;;x;;;;;;;;;;;;;;;;;;;;;;;;;;;;;;;;;;;;;;;;;;;;;;,,,,,,,,,,,,,,,,,,,,,,
NSW_socialist_1;Labor Party;Labor Party;Labor Party;;;;;;;;;;;x;;;;;;;;;;;;;;;;;;;;;;;;;;;;;;;;;;;;;;;;;;;;;;,,,,,,,,,,,,,,,,,,,,,,
NSW_communist;Communist Party;Communist Party;Communist Party;;;;;;;;;;;x;;;;;;;;;;;;;;;;;;;;;;;;;;;;;;;;;;;;;;;;;;;;;;,,,,,,,,,,,,,,,,,,,,,,
NSW_reactionary;Radical Nationalists;Radical Nationalists;Radical Nationalists;;;;;;;;;;;x;;;;;;;;;;;;;;;;;;;;;;;;;;;;;;;;;;;;;;;;;;;;;;,,,,,,,,,,,,,,,,,,,,,,
NSW_reactionary_1;Farmers and Settlers Party;Farmers and Settlers Party;Farmers and Settlers Party;;;;;;;;;;;x;;;;;;;;;;;;;;;;;;;;;;;;;;;;;;;;;;;;;;;;;;;;;;,,,,,,,,,,,,,,,,,,,,,,
NSW_reactionary_2;Progressive Party;Progressive Party;Progressive Party;;;;;;;;;;;x;;;;;;;;;;;;;;;;;;;;;;;;;;;;;;;;;;;;;;;;;;;;;;,,,,,,,,,,,,,,,,,,,,,,
NSW_reactionary_3;Country Party;Country Party;Country Party;;;;;;;;;;;x;;;;;;;;;;;;;;;;;;;;;;;;;;;;;;;;;;;;;;;;;;;;;;,,,,,,,,,,,,,,,,,,,,,,
NSW_anarcho_liberal;Radical Liberals;Radical Liberals;Radical Liberals;;;;;;;;;;;x;;;;;;;;;;;;;;;;;;;;;;;;;;;;;;;;;;;;;;;;;;;;;;,,,,,,,,,,,,,,,,,,,,,,
NSW_fascist;New Guard;New Guard;New Guard;;;;;;;;;;;x;;;;;;;;;;;;;;;;;;;;;;;;;;;;;;;;;;;;;;;;;;;;;;,,,,,,,,,,,,,,,,,,,,,,
NTA;North Australia;North Australia;North Australia;;;;;;;;;;;x;;;;;;;;;;;;;;;;;;;;;;;;;;;;;;;;;;;;;;;;;;;;;;,,,,,,,,,,,,,,,,,,,,,,
NTA_ADJ;North Australian;North Australian;North Australian;;;;;;;;;;;x;;;;;;;;;;;;;;;;;;;;;;;;;;;;;;;;;;;;;;;;;;;;;;,,,,,,,,,,,,,,,,,,,,,,
NTA_conservative;Conservative Faction;Conservative Faction;Conservative Faction;;;;;;;;;;;x;;;;;;;;;;;;;;;;;;;;;;;;;;;;;;;;;;;;;;;;;;;;;;,,,,,,,,,,,,,,,,,,,,,,
NTA_conservative_1;Nationalist Party;Nationalist Party;Nationalist Party;;;;;;;;;;;x;;;;;;;;;;;;;;;;;;;;;;;;;;;;;;;;;;;;;;;;;;;;;;,,,,,,,,,,,,,,,,,,,,,,
NTA_conservative_2;United Australia Party;United Australia Party;United Australia Party;;;;;;;;;;;x;;;;;;;;;;;;;;;;;;;;;;;;;;;;;;;;;;;;;;;;;;;;;;,,,,,,,,,,,,,,,,,,,,,,
NTA_liberal;Liberal Faction;Liberal Faction;Liberal Faction;;;;;;;;;;;x;;;;;;;;;;;;;;;;;;;;;;;;;;;;;;;;;;;;;;;;;;;;;;,,,,,,,,,,,,,,,,,,,,,,
NTA_liberal_1;Liberal Party;Liberal Party;Liberal Party;;;;;;;;;;;x;;;;;;;;;;;;;;;;;;;;;;;;;;;;;;;;;;;;;;;;;;;;;;,,,,,,,,,,,,,,,,,,,,,,
NTA_socialist;Labour Faction;Labour Faction;Labour Faction;;;;;;;;;;;x;;;;;;;;;;;;;;;;;;;;;;;;;;;;;;;;;;;;;;;;;;;;;;,,,,,,,,,,,,,,,,,,,,,,
NTA_socialist_1;Labor Party;Labor Party;Labor Party;;;;;;;;;;;x;;;;;;;;;;;;;;;;;;;;;;;;;;;;;;;;;;;;;;;;;;;;;;,,,,,,,,,,,,,,,,,,,,,,
NTA_communist;Communist Party;Communist Party;Communist Party;;;;;;;;;;;x;;;;;;;;;;;;;;;;;;;;;;;;;;;;;;;;;;;;;;;;;;;;;;,,,,,,,,,,,,,,,,,,,,,,
NTA_reactionary;Radical Nationalists;Radical Nationalists;Radical Nationalists;;;;;;;;;;;x;;;;;;;;;;;;;;;;;;;;;;;;;;;;;;;;;;;;;;;;;;;;;;,,,,,,,,,,,,,,,,,,,,,,
NTA_reactionary_2;Country Party;Country Party;Country Party;;;;;;;;;;;x;;;;;;;;;;;;;;;;;;;;;;;;;;;;;;;;;;;;;;;;;;;;;;,,,,,,,,,,,,,,,,,,,,,,
NTA_anarcho_liberal;Radical Liberals;Radical Liberals;Radical Liberals;;;;;;;;;;;x;;;;;;;;;;;;;;;;;;;;;;;;;;;;;;;;;;;;;;;;;;;;;;,,,,,,,,,,,,,,,,,,,,,,
NTA_fascist;Fascist Party;Fascist Party;Fascist Party;;;;;;;;;;;x;;;;;;;;;;;;;;;;;;;;;;;;;;;;;;;;;;;;;;;;;;;;;;,,,,,,,,,,,,,,,,,,,,,,
YEM_proletarian_dictatorship;People's Republic of Yemen;;;;;;;;;;;x;;;;;;;;;;;;;;;;;;;;;;;;;;;;;;;;;;;;;;;;;;;;;;;;,,,,,,,,,,,,,,,,,,,,,,
NYE;North Yemen;;;;;;;;;;;x;;;;;;;;;;;;;;;;;;;;;;;;;;;;;;;;;;;;;;;;;;;;;;;;,,,,,,,,,,,,,,,,,,,,,,
NYE_democracy;Yemen Arab Republic;;;;;;;;;;;x;;;;;;;;;;;;;;;;;;;;;;;;;;;;;;;;;;;;;;;;;;;;;;;;,,,,,,,,,,,,,,,,,,,,,,
NYE_presidential_dictatorship;Yemen Arab Republic;;;;;;;;;;;x;;;;;;;;;;;;;;;;;;;;;;;;;;;;;;;;;;;;;;;;;;;;;;;;,,,,,,,,,,,,,,,,,,,,,,
NYE_ADJ;North Yemeni;;;;;;;;;;;x;;;;;;;;;;;;;;;;;;;;;;;;;;;;;;;;;;;;;;;;;;;;;;;;,,,,,,,,,,,,,,,,,,,,,,
NYE_absolute_monarchy;Zaydi;;;;;;;;;;;x;;;;;;;;;;;;;;;;;;;;;;;;;;;;;;;;;;;;;;;;;;;;;;;;,,,,,,,,,,,,,,,,,,,,,,
NYE_prussian_constitutionalism;Kingdom of Yemen;;;;;;;;;;;x;;;;;;;;;;;;;;;;;;;;;;;;;;;;;;;;;;;;;;;;;;;;;;;;,,,,,,,,,,,,,,,,,,,,,,
NYE_hms_government;Kingdom of Yemen;;;;;;;;;;;x;;;;;;;;;;;;;;;;;;;;;;;;;;;;;;;;;;;;;;;;;;;;;;;;,,,,,,,,,,,,,,,,,,,,,,
NYE_absolute_monarchy_ADJ;Zaidiyyah;;;;;;;;;;;x;;;;;;;;;;;;;;;;;;;;;;;;;;;;;;;;;;;;;;;;;;;;;;;;,,,,,,,,,,,,,,,,,,,,,,
OAX;Oaxaca;;;;;;;;;;;;x;;;;;;;;;;;;;;;;;;;;;;;;;;;;;;;;;;;;;;;;;;;;;;;,,,,,,,,,,,,,,,,,,,,,,
OAX_ADJ;Oaxacan;;;;;;;;;;;;x;;;;;;;;;;;;;;;;;;;;;;;;;;;;;;;;;;;;;;;;;;;;;;;,,,,,,,,,,,,,,,,,,,,,,
OAX_conservative;Conservative Party;;;;;;;;;;;;x;;;;;;;;;;;;;;;;;;;;;;;;;;;;;;;;;;;;;;;;;;;;;;;,,,,,,,,,,,,,,,,,,,,,,
OAX_liberal;Liberal Party;;;;;;;;;;;;x;;;;;;;;;;;;;;;;;;;;;;;;;;;;;;;;;;;;;;;;;;;;;;;,,,,,,,,,,,,,,,,,,,,,,
OAX_reactionary;Nationalist Party;;;;;;;;;;;;x;;;;;;;;;;;;;;;;;;;;;;;;;;;;;;;;;;;;;;;;;;;;;;;,,,,,,,,,,,,,,,,,,,,,,
OAX_anarcho_liberal;Radical Party;;;;;;;;;;;;x;;;;;;;;;;;;;;;;;;;;;;;;;;;;;;;;;;;;;;;;;;;;;;;,,,,,,,,,,,,,,,,,,,,,,
OAX_socialist;Socialist Party;;;;;;;;;;;;x;;;;;;;;;;;;;;;;;;;;;;;;;;;;;;;;;;;;;;;;;;;;;;;,,,,,,,,,,,,,,,,,,,,,,
OAX_communist;Communist Party;;;;;;;;;;;;x;;;;;;;;;;;;;;;;;;;;;;;;;;;;;;;;;;;;;;;;;;;;;;;,,,,,,,,,,,,,,,,,,,,,,
OAX_fascist;Fascist Party;;;;;;;;;;;;x;;;;;;;;;;;;;;;;;;;;;;;;;;;;;;;;;;;;;;;;;;;;;;;,,,,,,,,,,,,,,,,,,,,,,
OCC;Occitania;Occitanie;Occitania;;Occitania;;;;;;;;;x;;;;;;;;;;;;;;;;;;;;;;;;;;;;;;;;;;;;;;;;;;;;;;,,,,,,,,,,,,,,,,,,,,,,
OCC_ADJ;Occitan;Occitain;Occitanisch;;Occitano;;;;;;;;;x;;;;;;;;;;;;;;;;;;;;;;;;;;;;;;;;;;;;;;;;;;;;;;,,,,,,,,,,,,,,,,,,,,,,
OCC_reactionary;Partit Reiau-Alo;Partit Reiau-Alo;Partit Reiau-Alo;;Partit Reiau-Alo;;;;;;;;;;;x;;;;;;;;;;;;;;;;;;;;;;;;;;;;;;;;;;;;;;;;;;;;,,,,,,,,,,,,,,,,,,,,,,
OCC_liberal;Partit de lo Nacioun ”ucitano;Partit de lo Nacioun ”ucitano;Partit de lo Nacioun ”ucitano;;;;;;;;;;;x;;;;;;;;;;;;;;;;;;;;;;;;;;;;;;;;;;;;;;;;;;;;;;,,,,,,,,,,,,,,,,,,,,,,
OCC_conservative;Partit Counservadouro;Partit Counservadouro;Partit Counservadouro;;Partit Counservadouro;;;;;;;;;;;x;;;;;;;;;;;;;;;;;;;;;;;;;;;;;;;;;;;;;;;;;;;;,,,,,,,,,,,,,,,,,,,,,,
OCC_socialist;Partit Soucialisto;Partit Soucialisto;Partit Soucialisto;;Partit Soucialisto;;;;;;;;;;;x;;;;;;;;;;;;;;;;;;;;;;;;;;;;;;;;;;;;;;;;;;;;,,,,,,,,,,,,,,,,,,,,,,
OCC_anarcho_liberal;Partit Anarquisto;Partit Anarquisto;Partit Anarquisto;;Partit Anarquisto;;;;;;;;;;;x;;;;;;;;;;;;;;;;;;;;;;;;;;;;;;;;;;;;;;;;;;;;,,,,,,,,,,,,,,,,,,,,,,
OCC_communist;Partit Comunisto;Partit Comunisto;Partit Comunisto;;Partit Comunisto;;;;;;;;;;;x;;;;;;;;;;;;;;;;;;;;;;;;;;;;;;;;;;;;;;;;;;;;,,,,,,,,,,,,,,,,,,,,,,
OCC_fascist;Partit Faissisto;Partit Faissisto;Partit Faissisto;;Partit Faissisto;;;;;;;;;;;x;;;;;;;;;;;;;;;;;;;;;;;;;;;;;;;;;;;;;;;;;;;;,,,,,,,,,,,,,,,,,,,,,,
PAP;The Papal States;;;;;;;;;;;;;x;;;;;;;;;;;;;;;;;;;;;;;;;;;;;;;;;;;;;;;;;;;;;;,,,,,,,,,,,,,,,,,,,,,,
PAP_democracy;The Roman Republic;;;;;;;;;;;;;x;;;;;;;;;;;;;;;;;;;;;;;;;;;;;;;;;;;;;;;;;;;;;;,,,,,,,,,,,,,,,,,,,,,,
PAP_theocracy;The Papal States;;;;;;;;;;;;;x;;;;;;;;;;;;;;;;;;;;;;;;;;;;;;;;;;;;;;;;;;;;;;,,,,,,,,,,,,,,,,,,,,,,
PAP_presidential_dictatorship;The Roman Republic;;;;;;;;;;;;;x;;;;;;;;;;;;;;;;;;;;;;;;;;;;;;;;;;;;;;;;;;;;;;,,,,,,,,,,,,,,,,,,,,,,
PAP_bourgeois_dictatorship;The Roman Republic;;;;;;;;;;;;;x;;;;;;;;;;;;;;;;;;;;;;;;;;;;;;;;;;;;;;;;;;;;;;,,,,,,,,,,,,,,,,,,,,,,
PAP_proletarian_dictatorship;The People's Republic of Rome;;;;;;;;;;;;;x;;;;;;;;;;;;;;;;;;;;;;;;;;;;;;;;;;;;;;;;;;;;;;,,,,,,,,,,,,,,,,,,,,,,
PAP_fascist_dictatorship;The Roman Republic;;;;;;;;;;;;;x;;;;;;;;;;;;;;;;;;;;;;;;;;;;;;;;;;;;;;;;;;;;;;,,,,,,,,,,,,,,,,,,,,,,
PAP_absolute_monarchy;Lazio;;;;;;;;;;;;;x;;;;;;;;;;;;;;;;;;;;;;;;;;;;;;;;;;;;;;;;;;;;;;,,,,,,,,,,,,,,,,,,,,,,
PAP_prussian_constitutionalism;Lazio;;;;;;;;;;;;;x;;;;;;;;;;;;;;;;;;;;;;;;;;;;;;;;;;;;;;;;;;;;;;,,,,,,,,,,,,,,,,,,,,,,
PAP_hms_government;Lazio;;;;;;;;;;;;;x;;;;;;;;;;;;;;;;;;;;;;;;;;;;;;;;;;;;;;;;;;;;;;,,,,,,,,,,,,,,,,,,,,,,
PAP_ADJ_democracy;Roman;;;;;;;;;;;;;x;;;;;;;;;;;;;;;;;;;;;;;;;;;;;;;;;;;;;;;;;;;;;;,,,,,,,,,,,,,,,,,,,,,,
PAP_ADJ_presidential_dictatorship;Roman;;;;;;;;;;;;;x;;;;;;;;;;;;;;;;;;;;;;;;;;;;;;;;;;;;;;;;;;;;;;,,,,,,,,,,,,,,,,,,,,,,
PAP_ADJ_bourgeois_dictatorship;Roman;;;;;;;;;;;;;x;;;;;;;;;;;;;;;;;;;;;;;;;;;;;;;;;;;;;;;;;;;;;;,,,,,,,,,,,,,,,,,,,,,,
PAP_ADJ_proletarian_dictatorship;Roman;;;;;;;;;;;;;x;;;;;;;;;;;;;;;;;;;;;;;;;;;;;;;;;;;;;;;;;;;;;;,,,,,,,,,,,,,,,,,,,,,,
PAP_ADJ_fascist_dictatorship;Roman;;;;;;;;;;;;;x;;;;;;;;;;;;;;;;;;;;;;;;;;;;;;;;;;;;;;;;;;;;;;,,,,,,,,,,,,,,,,,,,,,,
PAP_ADJ_theocracy;Papal;;;;;;;;;;;;;x;;;;;;;;;;;;;;;;;;;;;;;;;;;;;;;;;;;;;;;;;;;;;;,,,,,,,,,,,,,,,,,,,,,,
PAP_ADJ;Roman;;;;;;;;;;;;;x;;;;;;;;;;;;;;;;;;;;;;;;;;;;;;;;;;;;;;;;;;;;;;,,,,,,,,,,,,,,,,,,,,,,
PAR_reactionary;Restaurazionisti;Restaurazionisti;Restaurazionisti;;Restaurazionis ti;;;;;;;;;x;;;;;;;;;;;;;;;;;;;;;;;;;;;;;;;;;;;;;;;;;;;;;;,,,,,,,,,,,,,,,,,,,,,,
PAR_conservative;Moderati ;Moderati ;Moderati;;Moderati ;;;;;;;;;x;;;;;;;;;;;;;;;;;;;;;;;;;;;;;;;;;;;;;;;;;;;;;;,,,,,,,,,,,,,,,,,,,,,,
PAR_liberal;Riformisti ;Riformisti ;Riformisti;;Riformisti ;;;;;;;;;x;;;;;;;;;;;;;;;;;;;;;;;;;;;;;;;;;;;;;;;;;;;;;;,,,,,,,,,,,,,,,,,,,,,,
PAR_liberal_2;Liberali;Liberali;Liberali;;Liberali ;;;;;;;;;x;;;;;;;;;;;;;;;;;;;;;;;;;;;;;;;;;;;;;;;;;;;;;;,,,,,,,,,,,,,,,,,,,,,,
PAR_socialist;Socialisti;Socialisti;Socialisti;;Socialisti;;;;;;;;; x;;;;;;;;;;;;;;;;;;;;;;;;;;;;;;;;;;;;;;;;;;;;;;,,,,,,,,,,,,,,,,,,,,,,
PAR_conservative_2;Popolari;Popolari;Popolari;;Pop olari;;;;;;;;;x;;;;;;;;;;;;;;;;;;;;;;;;;;;;;;;;;;;;;;;;;;;;;;,,,,,,,,,,,,,,,,,,,,,,
PAR_anarcho_liberal;Radicali;Radicali;Radicali;;Radicali;;;;;;;;;x;;;;;;;;;;;;;;;;;;;;;;;;;;;;;;;;;;;;;;;;;;;;;;,,,,,,,,,,,,,,,,,,,,,,
PAR_communist;Comunisti;Comunisti;Comunisti;;Comunisti;;;;;;;;;x;;;;;;;;;;;;;;;;;;;;;;;;;;;;;;;;;;;;;;;;;;;;;;,,,,,,,,,,,,,,,,,,,,,,
PAR_fascist;Fascisti;Fascisti;Fascisti;;Fascisti;;;;;;;;;x;;;;;;;;;;;;;;;;;;;;;;;;;;;;;;;;;;;;;;;;;;;;;;,,,,,,,,,,,,,,,,,,,,,,
PER;Eran;;;;;;;;;;;;;x;;;;;;;;;;;;;;;;;;;;;;;;;;;;;;;;;;;;;;;;;;;;;;,,,,,,,,,,,,,,,,,,,,,,
PER_ADJ;Eranian;;;;;;;;;;;;;x;;;;;;;;;;;;;;;;;;;;;;;;;;;;;;;;;;;;;;;;;;;;;;,,,,,,,,,,,,,,,,,,,,,,
PER_absolute_monarchy;Parvizids;;;;;;;;;;;;;x;;;;;;;;;;;;;;;;;;;;;;;;;;;;;;;;;;;;;;;;;;;;;;,,,,,,,,,,,,,,,,,,,,,,
PER_absolute_monarchy_ADJ;Parvizid;;;;;;;;;;;;;x;;;;;;;;;;;;;;;;;;;;;;;;;;;;;;;;;;;;;;;;;;;;;;,,,,,,,,,,,,,,,,,,,,,,
PER_prussian_constitutionalism;The Imperial State of Eran;;;;;;;;;;;;;x;;;;;;;;;;;;;;;;;;;;;;;;;;;;;;;;;;;;;;;;;;;;;;,,,,,,,,,,,,,,,,,,,,,,
PER_hms_government;The Imperial State of Eran;;;;;;;;;;;;x;;;;;;;;;;;;;;;;;;;;;;;;;;;;;;;;;;;;;;;;;;;;;;;,,,,,,,,,,,,,,,,,,,,,,
PER_bourgeois_dictatorship;The  r‚nian Free State;;;;;;;;;;;;;x;;;;;;;;;;;;;;;;;;;;;;;;;;;;;;;;;;;;;;;;;;;;;;,,,,,,,,,,,,,,,,,,,,,,
PER_communist;Tudeh Party of Eran;;;;;;;;;;;;;x;;;;;;;;;;;;;;;;;;;;;;;;;;;;;;;;;;;;;;;;;;;;;;,,,,,,,,,,,,,,,,,,,,,,
PER_conservative;Shahist Faction;;;;;;;;;;;;;x;;;;;;;;;;;;;;;;;;;;;;;;;;;;;;;;;;;;;;;;;;;;;;,,,,,,,,,,,,,,,,,,,,,,
PER_reactionary;Ulama Faction;;;;;;;;;;;;;x;;;;;;;;;;;;;;;;;;;;;;;;;;;;;;;;;;;;;;;;;;;;;;,,,,,,,,,,,,,,,,,,,,,,
PER_anarcho_liberal;Bazaari Faction;;;;;;;;;;;;x;;;;;;;;;;;;;;;;;;;;;;;;;;;;;;;;;;;;;;;;;;;;;;;,,,,,,,,,,,,,,,,,,,,,,
PER_socialist;Hizb-e Socialyist;;;;;;;;;;;;;x;;;;;;;;;;;;;;;;;;;;;;;;;;;;;;;;;;;;;;;;;;;;;;,,,,,,,,,,,,,,,,,,,,,,
PER_fascist;SUMKA;;;;;;;;;;;;;x;;;;;;;;;;;;;;;;;;;;;;;;;;;;;;;;;;;;;;;;;;;;;;,,,,,,,,,,,,,,,,,,,,,,
PER_liberal;Constitutionalist Party;;;;;;;;;;;;;x;;;;;;;;;;;;;;;;;;;;;;;;;;;;;;;;;;;;;;;;;;;;;;,,,,,,,,,,,,,,,,,,,,,,
PER_liberal_2;National Front;;;;;;;;;;;;;x;;;;;;;;;;;;;;;;;;;;;;;;;;;;;;;;;;;;;;;;;;;;;;,,,,,,,,,,,,,,,,,,,,,,
PLS;Palestine;;;;;;;;;;;;;x;;;;;;;;;;;;;;;;;;;;;;;;;;;;;;;;;;;;;;;;;;;;;;,,,,,,,,,,,,,,,,,,,,,,
PLS_ADJ;Palestinian;;;;;;;;;;;;;x;;;;;;;;;;;;;;;;;;;;;;;;;;;;;;;;;;;;;;;;;;;;;;,,,,,,,,,,,,,,,,,,,,,,
PLS_reactionary;Al Raj'i;;;;;;;;;;;;;x;;;;;;;;;;;;;;;;;;;;;;;;;;;;;;;;;;;;;;;;;;;;;;,,,,,,,,,,,,,,,,,,,,,,
PLS_conservative;Al Muhafidh;;;;;;;;;;;;;x;;;;;;;;;;;;;;;;;;;;;;;;;;;;;;;;;;;;;;;;;;;;;;,,,,,,,,,,,,,,,,,,,,,,
PLS_liberal;Al Mutaharir;;;;;;;;;;;;;x;;;;;;;;;;;;;;;;;;;;;;;;;;;;;;;;;;;;;;;;;;;;;;,,,,,,,,,,,,,,,,,,,,,,
PLS_anarcho_liberal;Al Anarkiliberali;;;;;;;;;;;;;x;;;;;;;;;;;;;;;;;;;;;;;;;;;;;;;;;;;;;;;;;;;;;;,,,,,,,,,,,,,,,,,,,,,,
PLS_socialist;Al Ishtiraki;;;;;;;;;;;;;x;;;;;;;;;;;;;;;;;;;;;;;;;;;;;;;;;;;;;;;;;;;;;;,,,,,,,,,,,,,,,,,,,,,,
PLS_communist;Al Shiu'i;;;;;;;;;;;;;x;;;;;;;;;;;;;;;;;;;;;;;;;;;;;;;;;;;;;;;;;;;;;;,,,,,,,,,,,,,,,,,,,,,,
PLS_fascist;Al Fashi;;;;;;;;;;;;;x;;;;;;;;;;;;;;;;;;;;;;;;;;;;;;;;;;;;;;;;;;;;;;,,,,,,,,,,,,,,,,,,,,,,
PLU;Palau;Palau;Palau;;;;;;;;;;;;x;;;;;;;;;;;;;;;;;;;;;;;;;;;;;;;;;;;;;;;;;;;;;,,,,,,,,,,,,,,,,,,,,,,
PLU_ADJ;Palauan;Palauan;Palauan;;;;;;;;;;;;x;;;;;;;;;;;;;;;;;;;;;;;;;;;;;;;;;;;;;;;;;;;;;,,,,,,,,,,,,,,,,,,,,,,
PTN;Pattani;;;;;;;;;;;;;x;;;;;;;;;;;;;;;;;;;;;;;;;;;;;;;;;;;;;;;;;;;;;;,,,,,,,,,,,,,,,,,,,,,,
PTN_ADJ;Pattani;;;;;;;;;;;;;x;;;;;;;;;;;;;;;;;;;;;;;;;;;;;;;;;;;;;;;;;;;;;;,,,,,,,,,,,,,,,,,,,,,,
PAN_absolute_monarchy;The Sikh Empire;;;;;;;;;;;;x;;;;;;;;;;;;;;;;;;;;;;;;;;;;;;;;;;;;;;;;;;;;;;;,,,,,,,,,,,,,,,,,,,,,,
PAN_prussian_constitutionalism;The Sikh Empire;;;;;;;;;;;;x;;;;;;;;;;;;;;;;;;;;;;;;;;;;;;;;;;;;;;;;;;;;;;;,,,,,,,,,,,,,,,,,,,,,,
PAN_absolute_monarchy_ADJ;Sikh;;;;;;;;;;;;x;;;;;;;;;;;;;;;;;;;;;;;;;;;;;;;;;;;;;;;;;;;;;;;,,,,,,,,,,,,,,,,,,,,,,
PAN_prussian_constitutionalism_ADJ;Sikh;;;;;;;;;;;;x;;;;;;;;;;;;;;;;;;;;;;;;;;;;;;;;;;;;;;;;;;;;;;;,,,,,,,,,,,,,,,,,,,,,,
PAN_fascist_dictatorship;Khalistan;;;;;;;;;;;;x;;;;;;;;;;;;;;;;;;;;;;;;;;;;;;;;;;;;;;;;;;;;;;;,,,,,,,,,,,,,,,,,,,,,,
PAN_fascist_dictatorship_ADJ;Khalistani;;;;;;;;;;;;x;;;;;;;;;;;;;;;;;;;;;;;;;;;;;;;;;;;;;;;;;;;;;;;,,,,,,,,,,,,,,,,,,,,,,
PHL;Lupang;x,,,,,,,,,,,,,,,,,,,,,,;;;;;;;;;;;;;;;;;;;;;;;;;;;;;;;;;;;;;;;;;;;;;;;;;;;;;;;;;;
PHL_ADJ;Lupangan;x,,,,,,,,,,,,,,,,,,,,,,;;;;;;;;;;;;;;;;;;;;;;;;;;;;;;;;;;;;;;;;;;;;;;;;;;;;;;;;;;
PHL_reactionary;Jeontongdang;x,,,,,,,,,,,,,,,,,,,,,,;;;;;;;;;;;;;;;;;;;;;;;;;;;;;;;;;;;;;;;;;;;;;;;;;;;;;;;;;;
PHL_socialist;Sahoedang;x,,,,,,,,,,,,,,,,,,,,,,;;;;;;;;;;;;;;;;;;;;;;;;;;;;;;;;;;;;;;;;;;;;;;;;;;;;;;;;;;
PHL_communist;Gongsandang;x,,,,,,,,,,,,,,,,,,,,,,;;;;;;;;;;;;;;;;;;;;;;;;;;;;;;;;;;;;;;;;;;;;;;;;;;;;;;;;;;
PHL_liberal;Jayudang;x,,,,,,,,,,,,,,,,,,,,,,;;;;;;;;;;;;;;;;;;;;;;;;;;;;;;;;;;;;;;;;;;;;;;;;;;;;;;;;;;
PHL_anarcho_liberal;Sang-eobdang;x,,,,,,,,,,,,,,,,,,,,,,;;;;;;;;;;;;;;;;;;;;;;;;;;;;;;;;;;;;;;;;;;;;;;;;;;;;;;;;;;
PHL_conservative;Bosudang;x,,,,,,,,,,,,,,,,,,,,,,;;;;;;;;;;;;;;;;;;;;;;;;;;;;;;;;;;;;;;;;;;;;;;;;;;;;;;;;;;
PHL_fascist;Guggasahoedang;x,,,,,,,,,,,,,,,,,,,,,,;;;;;;;;;;;;;;;;;;;;;;;;;;;;;;;;;;;;;;;;;;;;;;;;;;;;;;;;;;
PLC;The Polish-Lithuanian Commonwealth;;;;;;;;;;;;x;;;;;;;;;;;;;;;;;;;;;;;;;;;;;;;;;;;;;;;;;;;;;;;,,,,,,,,,,,,,,,,,,,,,,
PLC_ADJ;Polish-Lithuanian;;;;;;;;;;;;x;;;;;;;;;;;;;;;;;;;;;;;;;;;;;;;;;;;;;;;;;;;;;;;,,,,,,,,,,,,,,,,,,,,,,
PLC_proletarian_dictatorship;The Polish-Lithuanian Republic;;;;;;;;;;;;x;;;;;;;;;;;;;;;;;;;;;;;;;;;;;;;;;;;;;;;;;;;;;;;,,,,,,,,,,,,,,,,,,,,,,
PLC_fascist_dictatorship;The Polish-Lithuanian Republic;;;;;;;;;;;;x;;;;;;;;;;;;;;;;;;;;;;;;;;;;;;;;;;;;;;;;;;;;;;;,,,,,,,,,,,,,,,,,,,,,,
PLC_presidential_dictatorship;The Polish-Lithuanian Republic;;;;;;;;;;;;x;;;;;;;;;;;;;;;;;;;;;;;;;;;;;;;;;;;;;;;;;;;;;;;,,,,,,,,,,,,,,,,,,,,,,
PLC_democracy;Poland-Lithuania;;;;;;;;;;;;x;;;;;;;;;;;;;;;;;;;;;;;;;;;;;;;;;;;;;;;;;;;;;;;,,,,,,,,,,,,,,,,,,,,,,
PML;Langubardia;;;;;;;;;;;;x;;;;;;;;;;;;;;;;;;;;;;;;;;;;;;;;;;;;;;;;;;;;;;;,,,,,,,,,,,,,,,,,,,,,,
PML_ADJ;Langubard;;;;;;;;;;;;x;;;;;;;;;;;;;;;;;;;;;;;;;;;;;;;;;;;;;;;;;;;;;;;,,,,,,,,,,,,,,,,,,,,,,
PNP;Pohnpei;Pohnpei;Pohnpei;;;;;;;;;;;;x;;;;;;;;;;;;;;;;;;;;;;;;;;;;;;;;;;;;;;;;;;;;;,,,,,,,,,,,,,,,,,,,,,,
PNP_ADJ;Pohnpeian;Pohnpeian;Pohnpeian;;;;;;;;;;;;x;;;;;;;;;;;;;;;;;;;;;;;;;;;;;;;;;;;;;;;;;;;;;,,,,,,,,,,,,,,,,,,,,,,
PNJ;Punjab;Pendjab;Pandschab;;Punjab;;;;;;;;;;x;;;;;;;;;;;;;;;;;;;;;;;;;;;;;;;;;;;;;;;;;;;;;,,,,,,,,,,,,,,,,,,,,,,
PNJ_ADJ;Panjabi;Penjabi;Pundschabisch;;;;;;;;;;;;x;;;;;;;;;;;;;;;;;;;;;;;;;;;;;;;;;;;;;;;;;;;;;,,,,,,,,,,,,,,,,,,,,,,
PNJ_conservative;Khalsa;;;;;;;;;;;;;;;;;;;;;;;;;;;x;;;;;;;;;;;;;;;;;;;;;;;;;;;;;;;;,,,,,,,,,,,,,,,,,,,,,,
PNJ_liberal;Fauj-i-Khas;;;;;;;;;;;;;;;;;;;;;;;;x;;;;;;;;;;;;;;;;;;;;;;;;;;;;;;;;;;;,,,,,,,,,,,,,,,,,,,,,,
PNJ_reactionary;Misls;;;;;;;;;;;;;;;;;;;;x;;;;;;;;;;;;;;;;;;;;;;;;;;;;;;;;;;;;;;;,,,,,,,,,,,,,,,,,,,,,,
PNJ_anarcho_liberal;The Radical Party;;;;;;;;;;;;;;;;;;;;;;;x;;;;;;;;;;;;;;;;;;;;;;;;;;;;;;;;;;;;,,,,,,,,,,,,,,,,,,,,,,
PNJ_socialist;The Socialist Party;;;;;;;;;;;;;;;;;;;;;;;;x;;;;;;;;;;;;;;;;;;;;;;;;;;;;;;;;;;;,,,,,,,,,,,,,,,,,,,,,,
PNJ_communist;The Communist Party;;;;;;;;;;;;;;;;;;;;;;x;;;;;;;;;;;;;;;;;;;;;;;;;;;;;;;;;;;;;,,,,,,,,,,,,,,,,,,,,,,
PNJ_fascist;The Fascist Party;;;;;;;;;;;;;;;;;;;;;;;x;;;;;;;;;;;;;;;;;;;;;;;;;;;;;;;;;;;;,,,,,,,,,,,,,,,,,,,,,,
PNJ_absolute_monarchy;Hindustan;;;;;;;;;;;;x;;;;;;;;;;;;;;;;;;;;;;;;;;;;;;;;;;;;;;;;;;;;;;;,,,,,,,,,,,,,,,,,,,,,,
PNJ_prussian_constitutionalism;Hindustan;;;;;;;;;;;;x;;;;;;;;;;;;;;;;;;;;;;;;;;;;;;;;;;;;;;;;;;;;;;;,,,,,,,,,,,,,,,,,,,,,,
PNJ_absolute_monarchy_ADJ;Hindustani;;;;;;;;;;;;x;;;;;;;;;;;;;;;;;;;;;;;;;;;;;;;;;;;;;;;;;;;;;;;,,,,,,,,,,,,,,,,,,,,,,
PNJ_prussian_constitutionalism_ADJ;Hindustani;;;;;;;;;;;;x;;;;;;;;;;;;;;;;;;;;;;;;;;;;;;;;;;;;;;;;;;;;;;;,,,,,,,,,,,,,,,,,,,,,,
PNJ_hms_government;Hindustan;;;;;;;;;;;;x;;;;;;;;;;;;;;;;;;;;;;;;;;;;;;;;;;;;;;;;;;;;;;;,,,,,,,,,,,,,,,,,,,,,,
PNJ_hms_government_ADJ;Hindustani;;;;;;;;;;;;x;;;;;;;;;;;;;;;;;;;;;;;;;;;;;;;;;;;;;;;;;;;;;;;,,,,,,,,,,,,,,,,,,,,,,
PNJ_democracy;Hindustan;;;;;;;;;;;;x;;;;;;;;;;;;;;;;;;;;;;;;;;;;;;;;;;;;;;;;;;;;;;;,,,,,,,,,,,,,,,,,,,,,,
PNJ_democracy_ADJ;Hindustani;;;;;;;;;;;;x;;;;;;;;;;;;;;;;;;;;;;;;;;;;;;;;;;;;;;;;;;;;;;;,,,,,,,,,,,,,,,,,,,,,,
PNJ_fascist_dictatorship;Hindustan;;;;;;;;;;;;x;;;;;;;;;;;;;;;;;;;;;;;;;;;;;;;;;;;;;;;;;;;;;;;,,,,,,,,,,,,,,,,,,,,,,
PNJ_fascist_dictatorship_ADJ;Hindustani;;;;;;;;;;;;x;;;;;;;;;;;;;;;;;;;;;;;;;;;;;;;;;;;;;;;;;;;;;;;,,,,,,,,,,,,,,,,,,,,,,
PNT;Pontus;;;;;;;;;;;;x;;;;;;;;;;;;;;;;;;;;;;;;;;;;;;;;;;;;;;;;;;;;;;;,,,,,,,,,,,,,,,,,,,,,,
PNT_ADJ;Pontic;;;;;;;;;;;;x;;;;;;;;;;;;;;;;;;;;;;;;;;;;;;;;;;;;;;;;;;;;;;;,,,,,,,,,,,,,,,,,,,,,,
PRI;Puerto Rico;Puerto Rico;Puerto Rico;;Puerto Rico;;;;;;;;;x;;;;;;;;;;;;;;;;;;;;;;;;;;;;;;;;;;;;;;;;;;;;;;,,,,,,,,,,,,,,,,,,,,,,
PRI_ADJ;Puerto Rican;Puerto Ricain;?;;?;;;;;;;;;x;;;;;;;;;;;;;;;;;;;;;;;;;;;;;;;;;;;;;;;;;;;;;;,,,,,,,,,,,,,,,,,,,,,,
PRI_liberal;Partido Liberal;Partido Liberal;Partido Liberal;;;;;;;;;;;x;;;;;;;;;;;;;;;;;;;;;;;;;;;;;;;;;;;;;;;;;;;;;;,,,,,,,,,,,,,,,,,,,,,,
PRI_socialist;Partido Socialista;Partido Socialista;Partido Socialista;;;;;;;;;;;x;;;;;;;;;;;;;;;;;;;;;;;;;;;;;;;;;;;;;;;;;;;;;;,,,,,,,,,,,,,,,,,,,,,,
PRI_conservative;Partido Estadista Republicano;Partido Estadista Republicano;Partido Estadista Republicano;;;;;;;;;;;x;;;;;;;;;;;;;;;;;;;;;;;;;;;;;;;;;;;;;;;;;;;;;;,,,,,,,,,,,,,,,,,,,,,,
PRI_anarcho_liberal;Partido Anarchista;Partido Anarchista;Partido Anarchista;;;;;;;;;;;x;;;;;;;;;;;;;;;;;;;;;;;;;;;;;;;;;;;;;;;;;;;;;;,,,,,,,,,,,,,,,,,,,,,,
PRI_communist;Partido Comunista;Partido Comunista;Partido Comunista;;;;;;;;;;;x;;;;;;;;;;;;;;;;;;;;;;;;;;;;;;;;;;;;;;;;;;;;;;,,,,,,,,,,,,,,,,,,,,,,
PRI_fascist;Partido Nacionalista;Partido Nacionalista;Partido Nacionalista;;;;;;;;;;;x;;;;;;;;;;;;;;;;;;;;;;;;;;;;;;;;;;;;;;;;;;;;;;,,,,,,,,,,,,,,,,,,,,,,
PRI_reactionary;UniÛn Republicana;UniÛn Republicana;UniÛn Republicana;;;;;;;;;;;x;;;;;;;;;;;;;;;;;;;;;;;;;;;;;;;;;;;;;;;;;;;;;;,,,,,,,,,,,,,,,,,,,,,,
PTG;Patagonia;;;;;;;;;;;;x;;;;;;;;;;;;;;;;;;;;;;;;;;;;;;;;;;;;;;;;;;;;;;;,,,,,,,,,,,,,,,,,,,,,,
PTG_ADJ;Patagonian;;;;;;;;;;;;x;;;;;;;;;;;;;;;;;;;;;;;;;;;;;;;;;;;;;;;;;;;;;;;,,,,,,,,,,,,,,,,,,,,,,
PTG_conservative;Royal Faction;;;;;;;;;;;;x;;;;;;;;;;;;;;;;;;;;;;;;;;;;;;;;;;;;;;;;;;;;;;;,,,,,,,,,,,,,,,,,,,,,,
PTG_liberal;The Liberal Faction;;;;;;;;;;;;x;;;;;;;;;;;;;;;;;;;;;;;;;;;;;;;;;;;;;;;;;;;;;;;,,,,,,,,,,,,,,,,,,,,,,
PTG_reactionary;The Nationalist Faction;;;;;;;;;;;;x;;;;;;;;;;;;;;;;;;;;;;;;;;;;;;;;;;;;;;;;;;;;;;;,,,,,,,,,,,,,,,,,,,,,,
PTG_anarcho_liberal;The Radical Faction;;;;;;;;;;;;x;;;;;;;;;;;;;;;;;;;;;;;;;;;;;;;;;;;;;;;;;;;;;;;,,,,,,,,,,,,,,,,,,,,,,
PTG_socialist;The Socialist Faction;;;;;;;;;;;;x;;;;;;;;;;;;;;;;;;;;;;;;;;;;;;;;;;;;;;;;;;;;;;;,,,,,,,,,,,,,,,,,,,,,,
PTG_communist;The Communist Faction;;;;;;;;;;;;x;;;;;;;;;;;;;;;;;;;;;;;;;;;;;;;;;;;;;;;;;;;;;;;,,,,,,,,,,,,,,,,,,,,,,
PTG_fascist;The Fascist Faction;;;;;;;;;;;;x;;;;;;;;;;;;;;;;;;;;;;;;;;;;;;;;;;;;;;;;;;;;;;;,,,,,,,,,,,,,,,,,,,,,,
PZN;Poznan;Poznan;Poznan;;Poznan;;;;;;;;;;x;;;;;;;;;;;;;;;;;;;;;;;;;;;;;;;;;;;;;;;;;;;;;,,,,,,,,,,,,,,,,,,,,,,
PZN_ADJ;Poznan;Poznan;Poznan;;Poznan;;;;;;;;;;x;;;;;;;;;;;;;;;;;;;;;;;;;;;;;;;;;;;;;;;;;;;;;,,,,,,,,,,,,,,,,,,,,,,
QLD;Queensland;Queensland;Queensland;;;;;;;;;;;x;;;;;;;;;;;;;;;;;;;;;;;;;;;;;;;;;;;;;;;;;;;;;;,,,,,,,,,,,,,,,,,,,,,,
QLD_ADJ;Queenslander;Queenslander;Queenslander;;;;;;;;;;;x;;;;;;;;;;;;;;;;;;;;;;;;;;;;;;;;;;;;;;;;;;;;;;,,,,,,,,,,,,,,,,,,,,,,
QLD_conservative;Conservative Faction;Conservative Faction;Conservative Faction;;;;;;;;;;;x;;;;;;;;;;;;;;;;;;;;;;;;;;;;;;;;;;;;;;;;;;;;;;,,,,,,,,,,,,,,,,,,,,,,
QLD_conservative_1;Nationalist Party;Nationalist Party;Nationalist Party;;;;;;;;;;;x;;;;;;;;;;;;;;;;;;;;;;;;;;;;;;;;;;;;;;;;;;;;;;,,,,,,,,,,,,,,,,,,,,,,
QLD_conservative_2;United Party;United Party;United Party;;;;;;;;;;;x;;;;;;;;;;;;;;;;;;;;;;;;;;;;;;;;;;;;;;;;;;;;;;,,,,,,,,,,,,,,,,,,,,,,
QLD_conservative_3;Country & Progressive National Party;Country & Progressive National Party;Country & Progressive National Party;;;;;;;;;;;x;;;;;;;;;;;;;;;;;;;;;;;;;;;;;;;;;;;;;;;;;;;;;;,,,,,,,,,,,,,,,,,,,,,,
QLD_liberal;Liberal Faction;Liberal Faction;Liberal Faction;;;;;;;;;;;x;;;;;;;;;;;;;;;;;;;;;;;;;;;;;;;;;;;;;;;;;;;;;;,,,,,,,,,,,,,,,,,,,,,,
QLD_liberal_1;Liberal Party;Liberal Party;Liberal Party;;;;;;;;;;;x;;;;;;;;;;;;;;;;;;;;;;;;;;;;;;;;;;;;;;;;;;;;;;,,,,,,,,,,,,,,,,,,,,,,
QLD_socialist;Labour Faction;Labour Faction;Labour Faction;;;;;;;;;;;x;;;;;;;;;;;;;;;;;;;;;;;;;;;;;;;;;;;;;;;;;;;;;;,,,,,,,,,,,,,,,,,,,,,,
QLD_socialist_1;Labor Party;Labor Party;Labor Party;;;;;;;;;;;x;;;;;;;;;;;;;;;;;;;;;;;;;;;;;;;;;;;;;;;;;;;;;;,,,,,,,,,,,,,,,,,,,,,,
QLD_communist;Communist Party;Communist Party;Communist Party;;;;;;;;;;;x;;;;;;;;;;;;;;;;;;;;;;;;;;;;;;;;;;;;;;;;;;;;;;,,,,,,,,,,,,,,,,,,,,,,
QLD_reactionary;Radical Nationalists;Radical Nationalists;Radical Nationalists;;;;;;;;;;;x;;;;;;;;;;;;;;;;;;;;;;;;;;;;;;;;;;;;;;;;;;;;;;,,,,,,,,,,,,,,,,,,,,,,
QLD_reactionary_2;Queensland Farmers Union;Queensland Farmers Union;Queensland Farmers Union;;;;;;;;;;;x;;;;;;;;;;;;;;;;;;;;;;;;;;;;;;;;;;;;;;;;;;;;;;,,,,,,,,,,,,,,,,,,,,,,
QLD_reactionary_3;Country Party;Country Party;Country Party;;;;;;;;;;;x;;;;;;;;;;;;;;;;;;;;;;;;;;;;;;;;;;;;;;;;;;;;;;,,,,,,,,,,,,,,,,,,,,,,
QLD_anarcho_liberal;Radical Liberals;Radical Liberals;Radical Liberals;;;;;;;;;;;x;;;;;;;;;;;;;;;;;;;;;;;;;;;;;;;;;;;;;;;;;;;;;;,,,,,,,,,,,,,,,,,,,,,,
QLD_fascist;Fascist Party;Fascist Party;Fascist Party;;;;;;;;;;;x;;;;;;;;;;;;;;;;;;;;;;;;;;;;;;;;;;;;;;;;;;;;;;,,,,,,,,,,,,,,,,,,,,,,
QNG;The Great Qing;x,,,,,,,,,,,,,,,,,,,,,,;;;;;;;;;;;;;;;;;;;;;;;;;;;;;;;;;;;;;;;;;;;;;;;;;;;;;;;;;;
QNG_ADJ;Qing;x,,,,,,,,,,,,,,,,,,,,,,;;;;;;;;;;;;;;;;;;;;;;;;;;;;;;;;;;;;;;;;;;;;;;;;;;;;;;;;;;
CHI_conservative;Junjichu;;;;;;;;;;;;;;;;;;;;;;;;;;x;;;;;;;;;;;;;;;;;;;;;;;;;;;;;;;;;,,,,,,,,,,,,,,,,,,,,,,
CHI_conservative_2;Zhiqiang Yundong;;;;;;;;;;;;;;;;;;;;;;;x;;;;;;;;;;;;;;;;;;;;;;;;;;;;;;;;;;;;,,,,,,,,,,,,,,,,,,,,,,
CHI_conservative_3;Beiyang;;;;;;;;;;;;;;;;;;;;;;x;;;;;;;;;;;;;;;;;;;;;;;;;;;;;;;;;;;;;,,,,,,,,,,,,,,,,,,,,,,
CHI_conservative_4;Kuomintang;;;;;;;;;;;;;;;;;;;;;;;;;x;;;;;;;;;;;;;;;;;;;;;;;;;;;;;;;;;;,,,,,,,,,,,,,,,,,,,,,,
CHI_conservative_5;MÌnzhudang;;;;;;;;;;;;;;;;;;;;;;;;;x;;;;;;;;;;;;;;;;;;;;;;;;;;;;;;;;;;,,,,,,,,,,,,,,,,,,,,,,
CHI_liberal;Gai Liang Pai;;;;;;;;;;;;;;;;;;;;;;;;;;x;;;;;;;;;;;;;;;;;;;;;;;;;;;;;;;;;,,,,,,,,,,,,,,,,,,,,,,
CHI_liberal_2;Xingzhonghui;;;;;;;;;;;;;;;;;;;;;;;;x;;;;;;;;;;;;;;;;;;;;;;;;;;;;;;;;;;;,,,,,,,,,,,,,,,,,,,,,,
CHI_liberal_3;ZhongguÛ MÌnzhu TÛngmÈng;;;;;;;;;;;;;;;;;;;;;;;;;;;;;;;x;;;;;;;;;;;;;;;;;;;;;;;;;;;;,,,,,,,,,,,,,,,,,,,,,,
CHI_liberal_4;Yang Wu Pai;;;;;;;;;;;;;;;;;;;;;;;;;;x;;;;;;;;;;;;;;;;;;;;;;;;;;;;;;;;;,,,,,,,,,,,,,,,,,,,,,,
CHI_reactionary;Kongji‡o Yundong;;;;;;;;;;;;;;;;;;;;;;;;;x;;;;;;;;;;;;;;;;;;;;;;;;;;;;;;;;;;,,,,,,,,,,,,,,,,,,,,,,
CHI_reactionary_2;JÏnb˘dang;;;;;;;;;;;;;;;;;;;;;;;;;;;;;;x;;;;;;;;;;;;;;;;;;;;;;;;;;;;;,,,,,,,,,,,,,,,,,,,,,,
CHI_anarcho_liberal;ZhongguÛ MÌnzhu Ji‡nguÛ HuÏ;;;;;;;;;;;;;;;;;;;;x;;;;;;;;;;;;;;;;;;;;;;;;;;;;;;;;;;;;;;;,,,,,,,,,,,,,,,,,,,,,,
CHI_socialist;ZhongguÛ GuÛjia ShËhuÏ Dang;;;;;;;;;;;;;;;;;;;;;;;;x;;;;;;;;;;;;;;;;;;;;;;;;;;;;;;;;;;;,,,,,,,,,,,,,,,,,,,,,,
CHI_communist;ZhongguÛ GÚngchandang;;;;;;;;;;;;;;;;;;;;;;;;;;x;;;;;;;;;;;;;;;;;;;;;;;;;;;;;;;;;,,,,,,,,,,,,,,,,,,,,,,
CHI_fascist;Kai-tsu P'ai;;;;;;;;;;;;;;;;;;;;;;;;;;;;;;;;;x;;;;;;;;;;;;;;;;;;;;;;;;;;,,,,,,,,,,,,,,,,,,,,,,
RAJ;Rajputana;;;;;;;;;;;;x;;;;;;;;;;;;;;;;;;;;;;;;;;;;;;;;;;;;;;;;;;;;;;;,,,,,,,,,,,,,,,,,,,,,,
RAJ_ADJ;Rajput;;;;;;;;;;;;x;;;;;;;;;;;;;;;;;;;;;;;;;;;;;;;;;;;;;;;;;;;;;;;,,,,,,,,,,,,,,,,,,,,,,
RAJ_democracy;Rajasthan;;;;;;;;;;;;x;;;;;;;;;;;;;;;;;;;;;;;;;;;;;;;;;;;;;;;;;;;;;;;,,,,,,,,,,,,,,,,,,,,,,
RAJ_democracy_ADJ;Rajasthani;;;;;;;;;;;;x;;;;;;;;;;;;;;;;;;;;;;;;;;;;;;;;;;;;;;;;;;;;;;;,,,,,,,,,,,,,,,,,,,,,,
RAJ_proletarian_dictatorship;Rajasthan;;;;;;;;;;;;x;;;;;;;;;;;;;;;;;;;;;;;;;;;;;;;;;;;;;;;;;;;;;;;,,,,,,,,,,,,,,,,,,,,,,
RAJ_proletarian_dictatorship_ADJ;Rajasthani;;;;;;;;;;;;x;;;;;;;;;;;;;;;;;;;;;;;;;;;;;;;;;;;;;;;;;;;;;;;,,,,,,,,,,,,,,,,,,,,,,
RAJ_fascist_dictatorship;Rajasthan;;;;;;;;;;;;x;;;;;;;;;;;;;;;;;;;;;;;;;;;;;;;;;;;;;;;;;;;;;;;,,,,,,,,,,,,,,,,,,,,,,
RAJ_fascist_dictatorship_ADJ;Rajasthani;;;;;;;;;;;;x;;;;;;;;;;;;;;;;;;;;;;;;;;;;;;;;;;;;;;;;;;;;;;;,,,,,,,,,,,,,,,,,,,,,,
RAJ_bourgeois_dictatorship;Rajasthan;;;;;;;;;;;;x;;;;;;;;;;;;;;;;;;;;;;;;;;;;;;;;;;;;;;;;;;;;;;;,,,,,,,,,,,,,,,,,,,,,,
RAJ_bourgeois_dictatorship_ADJ;Rajasthani;;;;;;;;;;;;x;;;;;;;;;;;;;;;;;;;;;;;;;;;;;;;;;;;;;;;;;;;;;;;,,,,,,,,,,,,,,,,,,,,,,
RGR;Rio Grande;;;;;;;;;;;;;x;;;;;;;;;;;;;;;;;;;;;;;;;;;;;;;;;;;;;;;;;;;;;;,,,,,,,,,,,,,,,,,,,,,,
RGR_ADJ;Riograndese;;;;;;;;;;;;;x;;;;;;;;;;;;;;;;;;;;;;;;;;;;;;;;;;;;;;;;;;;;;;,,,,,,,,,,,,,,,,,,,,,,
RGR_conservative;Partido Conservador;Partido Conservador;Partido Conservador;;;;;;;;;;;;x;;;;;;;;;;;;;;;;;;;;;;;;;;;;;;;;;;;;;;;;;;;;;,,,,,,,,,,,,,,,,,,,,,,
RGR_liberal;Partido Liberal;Partido Liberal;Partido Liberal;;;;;;;;;;;;x;;;;;;;;;;;;;;;;;;;;;;;;;;;;;;;;;;;;;;;;;;;;;,,,,,,,,,,,,,,,,,,,,,,
RGR_anarcho_liberal;Partido Federalista;Partido Federalista;Partido Federalista;;;;;;;;;;;;x;;;;;;;;;;;;;;;;;;;;;;;;;;;;;;;;;;;;;;;;;;;;;,,,,,,,,,,,,,,,,,,,,,,
RGR_conservative_2;Partido Moderado Liberal;Partido Moderado Liberal;Partido Moderado Liberal;;;;;;;;;;;;x;;;;;;;;;;;;;;;;;;;;;;;;;;;;;;;;;;;;;;;;;;;;;,,,,,,,,,,,,,,,,,,,,,,
RGR_liberal_2;Partido Radical Liberal;Partido Radical Liberal;Partido Radical Liberal;;;;;;;;;;;;x;;;;;;;;;;;;;;;;;;;;;;;;;;;;;;;;;;;;;;;;;;;;;,,,,,,,,,,,,,,,,,,,,,,
RGR_liberal_3;Partido Progresista;Partido Progresista;Partido Progresista;;;;;;;;;;;;x;;;;;;;;;;;;;;;;;;;;;;;;;;;;;;;;;;;;;;;;;;;;;,,,,,,,,,,,,,,,,,,,,,,
RGR_conservative_3;Partido Constitucionalista;Partido Constitucionalista;Partido Constitucionalista;;;;;;;;;;;;x;;;;;;;;;;;;;;;;;;;;;;;;;;;;;;;;;;;;;;;;;;;;;,,,,,,,,,,,,,,,,,,,,,,
RGR_liberal_4;Partido Antireelecionista;Partido Antireelecionista;Partido Antireelecionista;;;;;;;;;;;;x;;;;;;;;;;;;;;;;;;;;;;;;;;;;;;;;;;;;;;;;;;;;;,,,,,,,,,,,,,,,,,,,,,,
RGR_reactionary;Partido Imperialista;Partido Imperialista;Partido Imperialista;;;;;;;;;;;;x;;;;;;;;;;;;;;;;;;;;;;;;;;;;;;;;;;;;;;;;;;;;;,,,,,,,,,,,,,,,,,,,,,,
RGR_socialist;Partido Socialist;Partido socialiste;Partido Socialist;;;;;;;;;;;;x;;;;;;;;;;;;;;;;;;;;;;;;;;;;;;;;;;;;;;;;;;;;;,,,,,,,,,,,,,,,,,,,,,,
RGR_communist;Partido Communist;Partido communiste;Partido Communist;;;;;;;;;;;;x;;;;;;;;;;;;;;;;;;;;;;;;;;;;;;;;;;;;;;;;;;;;;,,,,,,,,,,,,,,,,,,,,,,
RGR_fascist;Partido Fascist;Partido fasciste;Partido Fascist;;;;;;;;;;;;x;;;;;;;;;;;;;;;;;;;;;;;;;;;;;;;;;;;;;;;;;;;;;,,,,,,,,,,,,,,,,,,,,,,
RGS;Rio Grande do Sul;;;;;;;;;;;;;x;;;;;;;;;;;;;;;;;;;;;;;;;;;;;;;;;;;;;;;;;;;;;;,,,,,,,,,,,,,,,,,,,,,,
RGS_ADJ;Riograndense;;;;;;;;;;;;;x;;;;;;;;;;;;;;;;;;;;;;;;;;;;;;;;;;;;;;;;;;;;;;,,,,,,,,,,,,,,,,,,,,,,
RGS_conservative;Partido Republicano;;;;;;;;;;;;;x;;;;;;;;;;;;;;;;;;;;;;;;;;;;;;;;;;;;;;;;;;;;;;,,,,,,,,,,,,,,,,,,,,,,
RGS_liberal;Partido Federalista;;;;;;;;;;;;;x;;;;;;;;;;;;;;;;;;;;;;;;;;;;;;;;;;;;;;;;;;;;;;,,,,,,,,,,,,,,,,,,,,,,
RGS_socialist;Colorados;;;;;;;;;;;;;x;;;;;;;;;;;;;;;;;;;;;;;;;;;;;;;;;;;;;;;;;;;;;;,,,,,,,,,,,,,,,,,,,,,,
RGS_communist;Partido Popular;;;;;;;;;;;;;x;;;;;;;;;;;;;;;;;;;;;;;;;;;;;;;;;;;;;;;;;;;;;;,,,,,,,,,,,,,,,,,,,,,,
RGS_reactionary;Partido Gaucho;;;;;;;;;;;;;x;;;;;;;;;;;;;;;;;;;;;;;;;;;;;;;;;;;;;;;;;;;;;;,,,,,,,,,,,,,,,,,,,,,,
RGS_anarcho_liberal;Partido Libertador;;;;;;;;;;;;;x;;;;;;;;;;;;;;;;;;;;;;;;;;;;;;;;;;;;;;;;;;;;;;,,,,,,,,,,,,,,,,,,,,,,
RGS_fascist;Partido dos Pampas;;;;;;;;;;;;;x;;;;;;;;;;;;;;;;;;;;;;;;;;;;;;;;;;;;;;;;;;;;;;,,,,,,,,,,,,,,,,,,,,,,
RHI;Rhineland;RhÈnanie;Rheinland;;Rhineland;;;;;;;;;x;;;;;;;;;;;;;;;;;;;;;;;;;;;;;;;;;;;;;;;;;;;;;;,,,,,,,,,,,,,,,,,,,,,,
RHI_ADJ;Rhinelander;RhÈnan;Rheinlander;;Rhinelander;;;;;;;;;x;;;;;;;;;;;;;;;;;;;;;;;;;;;;;;;;;;;;;;;;;;;;;;,,,,,,,,,,,,,,,,,,,,,,
RHI_liberal;Liberaldem. Partei;Liberaldem. Partei;Liberaldem. Partei;;;;;;;;;;;;x;;;;;;;;;;;;;;;;;;;;;;;;;;;;;;;;;;;;;;;;;;;;;,,,,,,,,,,,,,,,,,,,,,,
RHI_conservative;Zentrumspartei;Zentrumspartei;Zentrumspartei;;;;;;;;;;;;x;;;;;;;;;;;;;;;;;;;;;;;;;;;;;;;;;;;;;;;;;;;;;,,,,,,,,,,,,,,,,,,,,,,
RHI_liberal_2;Nationalliberale ;Nationalliberale ;Nationalliberale ;;;;;;;;;;;;x;;;;;;;;;;;;;;;;;;;;;;;;;;;;;;;;;;;;;;;;;;;;;,,,,,,,,,,,,,,,,,,,,,,
RHI_liberal_3;Freisinnige Partei;Freisinnige Partei;Freisinnige Partei;;;;;;;;;;;;x;;;;;;;;;;;;;;;;;;;;;;;;;;;;;;;;;;;;;;;;;;;;;,,,,,,,,,,,,,,,,,,,,,,
RHI_socialist;Deutscher Arbeiterverein;Deutscher Arbeiterverein;Deutscher Arbeiterverein;;;;;;;;;;;;x;;;;;;;;;;;;;;;;;;;;;;;;;;;;;;;;;;;;;;;;;;;;;,,,,,,,,,,,,,,,,,,,,,,
RHI_socialist_2;Sozialdem. Arbeiterpartei ;Sozialdem. Arbeiterpartei ;Sozialdem. Arbeiterpartei ;;;;;;;;;;;;x;;;;;;;;;;;;;;;;;;;;;;;;;;;;;;;;;;;;;;;;;;;;;,,,,,,,,,,,,,,,,,,,,,,
RHI_socialist_3;Sozial. Arbeiterpartei ;Sozial. Arbeiterpartei ;Sozial. Arbeiterpartei ;;;;;;;;;;;;x;;;;;;;;;;;;;;;;;;;;;;;;;;;;;;;;;;;;;;;;;;;;;,,,,,,,,,,,,,,,,,,,,,,
RHI_reactionary;Nationale Partei;Nationale Partei;Nationale Partei;;;;;;;;;;;;x;;;;;;;;;;;;;;;;;;;;;;;;;;;;;;;;;;;;;;;;;;;;;,,,,,,,,,,,,,,,,,,,,,,
RHI_conservative_2;Konservative Partei;Konservative Partei;Konservative Partei;;;;;;;;;;;;x;;;;;;;;;;;;;;;;;;;;;;;;;;;;;;;;;;;;;;;;;;;;;,,,,,,,,,,,,,,,,,,,,,,
RHI_conservative_3;Christsoz. Arbeiterpartei;Christsoz. Arbeiterpartei;Christsoz. Arbeiterpartei;;;;;;;;;;;;x;;;;;;;;;;;;;;;;;;;;;;;;;;;;;;;;;;;;;;;;;;;;;,,,,,,,,,,,,,,,,,,,,,,
RHI_anarcho_liberal;Radical Arbeiterpartei;Arbeiterpartei radical;Radikale Arbeiterpartei;;;;;;;;;;;;x;;;;;;;;;;;;;;;;;;;;;;;;;;;;;;;;;;;;;;;;;;;;;,,,,,,,,,,,,,,,,,,,,,,
RHI_communist;Communist Arbeiterpartei;Arbeiterpartei communiste;Kommunistische Arbeiterpartei;;;;;;;;;;;;x;;;;;;;;;;;;;;;;;;;;;;;;;;;;;;;;;;;;;;;;;;;;;,,,,,,,,,,,,,,,,,,,,,,
RHI_fascist;NSDP;NSDP;NSDP;;;;;;;;;;;;x;;;;;;;;;;;;;;;;;;;;;;;;;;;;;;;;;;;;;;;;;;;;;,,,,,,,,,,,,,,,,,,,,,,
RHO_democracy;Rhodesia;;;;;;;;;;;;x;;;;;;;;;;;;;;;;;;;;;;;;;;;;;;;;;;;;;;;;;;;;;;;,,,,,,,,,,,,,,,,,,,,,,
RMG;Romagna;;;;;;;;;;;;;x;;;;;;;;;;;;;;;;;;;;;;;;;;;;;;;;;;;;;;;;;;;;;;,,,,,,,,,,,,,,,,,,,,,,
RMG_ADJ;Romagnan;;;;;;;;;;;;;x;;;;;;;;;;;;;;;;;;;;;;;;;;;;;;;;;;;;;;;;;;;;;;,,,,,,,,,,,,,,,,,,,,,,
RPL_colonial_company;The Hudson's Bay Company;;;;;;;;;;;;x,;;;;;;;;;;;;;;;;;;;;;;;;;;;;;;;;;;;;;;;;;;;;;;;,,,,,,,,,,,,,,,,,,,,,
RPL_dominion;The Hudson's Bay Company;;;;;;;;;;;;x,;;;;;;;;;;;;;;;;;;;;;;;;;;;;;;;;;;;;;;;;;;;;;;;,,,,,,,,,,,,,,,,,,,,,
RPL_colonial_company_ADJ;British;;;;;;;;;;;;x;;;;;;;;;;;;;;;;;;;;;;;;;;;;;;;;;;;;;;;;;;;;;;;,,,,,,,,,,,,,,,,,,,,,,
RPL_dominion_ADJ;British;;;;;;;;;;;;x;;;;;;;;;;;;;;;;;;;;;;;;;;;;;;;;;;;;;;;;;;;;;;;,,,,,,,,,,,,,,,,,,,,,,
RPL;Assiniboia;;;;;;;;;;;;x;;;;;;;;;;;;;;;;;;;;;;;;;;;;;;;;;;;;;;;;;;;;;;;,,,,,,,,,,,,,,,,,,,,,,
RPL_ADJ;Assiniboian;;;;;;;;;;;;x;;;;;;;;;;;;;;;;;;;;;;;;;;;;;;;;;;;;;;;;;;;;;;;,,,,,,,,,,,,,,,,,,,,,,
RPL_hms_government;Rupert's Land;;;;;;;;;;;;x;;;;;;;;;;;;;;;;;;;;;;;;;;;;;;;;;;;;;;;;;;;;;;;,,,,,,,,,,,,,,,,,,,,,,
RPL_hms_government_ADJ;Northwestern;;;;;;;;;;;;x;;;;;;;;;;;;;;;;;;;;;;;;;;;;;;;;;;;;;;;;;;;;;;;,,,,,,,,,,,,,,,,,,,,,,
RUT_proletarian_dictatorship;Ruthenian People's Republic;;;;;;;;;;;;;x;;;;;;;;;;;;;;;;;;;;;;;;;;;;;;;;;;;;;;;;;;;;;;,,,,,,,,,,,,,,,,,,,,,,
RUT_proletarian_dictatorship_ADJ;Ruthenian;;;;;;;;;;;;;x;;;;;;;;;;;;;;;;;;;;;;;;;;;;;;;;;;;;;;;;;;;;;;,,,,,,,,,,,,,,,,,,,,,,
RUT_democracy;Ruthenian Confederation;;;;;;;;;;;;;x;;;;;;;;;;;;;;;;;;;;;;;;;;;;;;;;;;;;;;;;;;;;;;,,,,,,,,,,,,,,,,,,,,,,
RUT_democracy_ADJ;Ruthenian;;;;;;;;;;;;;x;;;;;;;;;;;;;;;;;;;;;;;;;;;;;;;;;;;;;;;;;;;;;;,,,,,,,,,,,,,,,,,,,,,,
RUT_presidential_dictatorship;Democratic Republic of Ruthenia;;;;;;;;;;;;;x;;;;;;;;;;;;;;;;;;;;;;;;;;;;;;;;;;;;;;;;;;;;;;,,,,,,,,,,,,,,,,,,,,,,
RUT_presidential_dictatorship_ADJ;Ruthenian;;;;;;;;;;;;;x;;;;;;;;;;;;;;;;;;;;;;;;;;;;;;;;;;;;;;;;;;;;;;,,,,,,,,,,,,,,,,,,,,,,
RYU;Ryukyu;;;;;;;;;;;;;x;;;;;;;;;;;;;;;;;;;;;;;;;;;;;;;;;;;;;;;;;;;;;;,,,,,,,,,,,,,,,,,,,,,,
RYU_ADJ;Ryukyuan;;;;;;;;;;;;;x;;;;;;;;;;;;;;;;;;;;;;;;;;;;;;;;;;;;;;;;;;;;;;,,,,,,,,,,,,,,,,,,,,,,
RYU_conservative;National Party;;;;;;;;;;;;;x;;;;;;;;;;;;;;;;;;;;;;;;;;;;;;;;;;;;;;;;;;;;;;,,,,,,,,,,,,,,,,,,,,,,
RYU_liberal;Liberal Party;;;;;;;;;;;;;x;;;;;;;;;;;;;;;;;;;;;;;;;;;;;;;;;;;;;;;;;;;;;;,,,,,,,,,,,,,,,,,,,,,,
RYU_reactionary;Monarchist Party;;;;;;;;;;;;;x;;;;;;;;;;;;;;;;;;;;;;;;;;;;;;;;;;;;;;;;;;;;;;,,,,,,,,,,,,,,,,,,,,,,
RYU_anarcho_liberal;Libertarian Party;;;;;;;;;;;;;x;;;;;;;;;;;;;;;;;;;;;;;;;;;;;;;;;;;;;;;;;;;;;;,,,,,,,,,,,,,,,,,,,,,,
RYU_socialist;Social-Democratic Pary;;;;;;;;;;;;;x;;;;;;;;;;;;;;;;;;;;;;;;;;;;;;;;;;;;;;;;;;;;;;,,,,,,,,,,,,,,,,,,,,,,
RYU_communist;United Workers Party;;;;;;;;;;;;;x;;;;;;;;;;;;;;;;;;;;;;;;;;;;;;;;;;;;;;;;;;;;;;,,,,,,,,,,,,,,,,,,,,,,
RYU_fascist;National-Socialist Party;;;;;;;;;;;;;x;;;;;;;;;;;;;;;;;;;;;;;;;;;;;;;;;;;;;;;;;;;;;;,,,,,,,,,,,,,,,,,,,,,,
SAA;Saarland;Sarre;Saarland;;Saarland;;;;;;;;;x;;;;;;;;;;;;;;;;;;;;;;;;;;;;;;;;;;;;;;;;;;;;;;,,,,,,,,,,,,,,,,,,,,,,
SAA_ADJ;Saarlander;Sarrois;Saarlander;;Saarlander;;;;;;;;;x;;;;;;;;;;;;;;;;;;;;;;;;;;;;;;;;;;;;;;;;;;;;;;,,,,,,,,,,,,,,,,,,,,,,
SAA_liberal;Liberaldem. Partei;Liberaldem. Partei;Liberaldem. Partei;;;;;;;;;;;;x;;;;;;;;;;;;;;;;;;;;;;;;;;;;;;;;;;;;;;;;;;;;;,,,,,,,,,,,,,,,,,,,,,,
SAA_conservative;Zentrumspartei;Zentrumspartei;Zentrumspartei;;;;;;;;;;;;x;;;;;;;;;;;;;;;;;;;;;;;;;;;;;;;;;;;;;;;;;;;;;,,,,,,,,,,,,,,,,,,,,,,
SAA_liberal_2;Nationalliberale ;Nationalliberale ;Nationalliberale ;;;;;;;;;;;;x;;;;;;;;;;;;;;;;;;;;;;;;;;;;;;;;;;;;;;;;;;;;;,,,,,,,,,,,,,,,,,,,,,,
SAA_socialist;Deutscher Arbeiterverein;Deutscher Arbeiterverein;Deutscher Arbeiterverein;;;;;;;;;;;;x;;;;;;;;;;;;;;;;;;;;;;;;;;;;;;;;;;;;;;;;;;;;;,,,,,,,,,,,,,,,,,,,,,,
SAA_reactionary;Nationale Partei;Nationale Partei;Nationale Partei;;;;;;;;;;;;x;;;;;;;;;;;;;;;;;;;;;;;;;;;;;;;;;;;;;;;;;;;;;,,,,,,,,,,,,,,,,,,,,,,
SAA_conservative_2;Konservative Partei;Konservative Partei;Konservative Partei;;;;;;;;;;;;x;;;;;;;;;;;;;;;;;;;;;;;;;;;;;;;;;;;;;;;;;;;;;,,,,,,,,,,,,,,,,,,,,,,
SAA_anarcho_liberal;Radical Arbeiterpartei;Arbeiterpartei radical;Radikale Arbeiterpartei;;;;;;;;;;;;x;;;;;;;;;;;;;;;;;;;;;;;;;;;;;;;;;;;;;;;;;;;;;,,,,,,,,,,,,,,,,,,,,,,
SAA_communist;Communist Arbeiterpartei;Arbeiterpartei communiste;Kommunistische Arbeiterpartei;;;;;;;;;;;;x;;;;;;;;;;;;;;;;;;;;;;;;;;;;;;;;;;;;;;;;;;;;;,,,,,,,,,,,,,,,,,,,,,,
SAA_fascist;NSDP;NSDP;NSDP;;;;;;;;;;;;x;;;;;;;;;;;;;;;;;;;;;;;;;;;;;;;;;;;;;;;;;;;;;,,,,,,,,,,,,,,,,,,,,,,
SAR_reactionary;Restaurazionisti;Restaurazionisti;Restaurazionisti;;Restaurazionis ti;;;;;;;;;x;;;;;;;;;;;;;;;;;;;;;;;;;;;;;;;;;;;;;;;;;;;;;;,,,,,,,,,,,,,,,,,,,,,,
SAR_conservative;Moderati;Moderati ;Moderati;;Moderati ;;;;;;;;;x;;;;;;;;;;;;;;;;;;;;;;;;;;;;;;;;;;;;;;;;;;;;;;,,,,,,,,,,,,,,,,,,,,,,
SAR_liberal;Riformisti;Riformisti ;Riformisti;;Riformisti ;;;;;;;;;x;;;;;;;;;;;;;;;;;;;;;;;;;;;;;;;;;;;;;;;;;;;;;;,,,,,,,,,,,,,,,,,,,,,,
SAR_liberal_2;Liberali;Liberali;Liberali;;Liberali ;;;;;;;;;x;;;;;;;;;;;;;;;;;;;;;;;;;;;;;;;;;;;;;;;;;;;;;;,,,,,,,,,,,,,,,,,,,,,,
SAR_socialist;Socialisti;Socialisti;Socialisti;;Socialisti;;;;;;;;; x;;;;;;;;;;;;;;;;;;;;;;;;;;;;;;;;;;;;;;;;;;;;;;,,,,,,,,,,,,,,,,,,,,,,
SAR_conservative_2;Popolari;Popolari;Popolari;;Pop olari;;;;;;;;;x;;;;;;;;;;;;;;;;;;;;;;;;;;;;;;;;;;;;;;;;;;;;;;,,,,,,,,,,,,,,,,,,,,,,
SAR_anarcho_liberal;Radicali;Radicali;Radicali;;Radicali;;;;;;;;;x;;;;;;;;;;;;;;;;;;;;;;;;;;;;;;;;;;;;;;;;;;;;;;,,,,,,,,,,,,,,,,,,,,,,
SAR_communist;Comunisti;Comunisti;Comunisti;;Comunisti;;;;;;;;;x;;;;;;;;;;;;;;;;;;;;;;;;;;;;;;;;;;;;;;;;;;;;;;,,,,,,,,,,,,,,,,,,,,,,
SAR_fascist;Fascisti;Fascisti;Fascisti;;Fascisti;;;;;;;;;x;;;;;;;;;;;;;;;;;;;;;;;;;;;;;;;;;;;;;;;;;;;;;;,,,,,,,,,,,,,,,,,,,,,,
SAS;South Australia;South Australia;South Australia;;;;;;;;;;;x;;;;;;;;;;;;;;;;;;;;;;;;;;;;;;;;;;;;;;;;;;;;;;,,,,,,,,,,,,,,,,,,,,,,
SAS_ADJ;South Australian;South Australian;South Australian;;;;;;;;;;;x;;;;;;;;;;;;;;;;;;;;;;;;;;;;;;;;;;;;;;;;;;;;;;,,,,,,,,,,,,,,,,,,,,,,
SAS_conservative;Conservative Faction;Conservative Faction;Conservative Faction;;;;;;;;;;;x;;;;;;;;;;;;;;;;;;;;;;;;;;;;;;;;;;;;;;;;;;;;;;,,,,,,,,,,,,,,,,,,,,,,
SAS_conservative_1;Conservative Party;Conservative Party;Conservative Party;;;;;;;;;;;x;;;;;;;;;;;;;;;;;;;;;;;;;;;;;;;;;;;;;;;;;;;;;;,,,,,,,,,,,,,,,,,,,,,,
SAS_conservative_2;Nationalist Party;Nationalist Party;Nationalist Party;;;;;;;;;;;x;;;;;;;;;;;;;;;;;;;;;;;;;;;;;;;;;;;;;;;;;;;;;;,,,,,,,,,,,,,,,,,,,,,,
SAS_conservative_3;Liberal and Country League;Liberal and Country League;Liberal and Country League;;;;;;;;;;;x;;;;;;;;;;;;;;;;;;;;;;;;;;;;;;;;;;;;;;;;;;;;;;,,,,,,,,,,,,,,,,,,,,,,
SAS_liberal;Liberal Faction;Liberal Faction;Liberal Faction;;;;;;;;;;;x;;;;;;;;;;;;;;;;;;;;;;;;;;;;;;;;;;;;;;;;;;;;;;,,,,,,,,,,,,,,,,,,,,,,
SAS_liberal_1;Liberal Party;Liberal Party;Liberal Party;;;;;;;;;;;x;;;;;;;;;;;;;;;;;;;;;;;;;;;;;;;;;;;;;;;;;;;;;;,,,,,,,,,,,,,,,,,,,,,,
SAS_liberal_2;Liberal and Democratic Union;Liberal and Democratic Union;Liberal and Democratic Union;;;;;;;;;;;x;;;;;;;;;;;;;;;;;;;;;;;;;;;;;;;;;;;;;;;;;;;;;;,,,,,,,,,,,,,,,,,,,,,,
SAS_liberal_3;Liberal Union;Liberal Union;Liberal Union;;;;;;;;;;;x;;;;;;;;;;;;;;;;;;;;;;;;;;;;;;;;;;;;;;;;;;;;;;,,,,,,,,,,,,,,,,,,,,,,
SAS_liberal_4;Liberal Federation;Liberal Federation;Liberal Federation;;;;;;;;;;;x;;;;;;;;;;;;;;;;;;;;;;;;;;;;;;;;;;;;;;;;;;;;;;,,,,,,,,,,,,,,,,,,,,,,
SAS_socialist;Labour Faction;Labour Faction;Labour Faction;;;;;;;;;;;x;;;;;;;;;;;;;;;;;;;;;;;;;;;;;;;;;;;;;;;;;;;;;;,,,,,,,,,,,,,,,,,,,,,,
SAS_socialist_1;Labor Party;Labor Party;Labor Party;;;;;;;;;;;x;;;;;;;;;;;;;;;;;;;;;;;;;;;;;;;;;;;;;;;;;;;;;;,,,,,,,,,,,,,,,,,,,,,,
SAS_communist;Communist Party;Communist Party;Communist Party;;;;;;;;;;;x;;;;;;;;;;;;;;;;;;;;;;;;;;;;;;;;;;;;;;;;;;;;;;,,,,,,,,,,,,,,,,,,,,,,
SAS_reactionary;Radical Nationalists;Radical Nationalists;Radical Nationalists;;;;;;;;;;;x;;;;;;;;;;;;;;;;;;;;;;;;;;;;;;;;;;;;;;;;;;;;;;,,,,,,,,,,,,,,,,,,,,,,
SAS_reactionary_2;Country Party;Country Party;Country Party;;;;;;;;;;;x;;;;;;;;;;;;;;;;;;;;;;;;;;;;;;;;;;;;;;;;;;;;;;,,,,,,,,,,,,,,,,,,,,,,
SAS_anarcho_liberal;Radical Liberals;Radical Liberals;Radical Liberals;;;;;;;;;;;x;;;;;;;;;;;;;;;;;;;;;;;;;;;;;;;;;;;;;;;;;;;;;;,,,,,,,,,,,,,,,,,,,,,,
SAS_fascist;Fascist Party;Fascist Party;Fascist Party;;;;;;;;;;;x;;;;;;;;;;;;;;;;;;;;;;;;;;;;;;;;;;;;;;;;;;;;;;,,,,,,,,,,,,,,,,,,,,,,
SAT;Kyushu;;;;;;;;;;;;;x;;;;;;;;;;;;;;;;;;;;;;;;;;;;;;;;;;;;;;;;;;;;;;,,,,,,,,,,,,,,,,,,,,,,
SAT_ADJ;Kyushuan;;;;;;;;;;;;;x;;;;;;;;;;;;;;;;;;;;;;;;;;;;;;;;;;;;;;;;;;;;;;,,,,,,,,,,,,,,,,,,,,,,
SAT_absolute_monarchy;Satsuma;;;;;;;;;;;;;x;;;;;;;;;;;;;;;;;;;;;;;;;;;;;;;;;;;;;;;;;;;;;;,,,,,,,,,,,,,,,,,,,,,,
SAT_prussian_constitutionalism;Satsuma;;;;;;;;;;;;;x;;;;;;;;;;;;;;;;;;;;;;;;;;;;;;;;;;;;;;;;;;;;;;,,,,,,,,,,,,,,,,,,,,,,
SAT_hms_government;Satsuma;;;;;;;;;;;;;x;;;;;;;;;;;;;;;;;;;;;;;;;;;;;;;;;;;;;;;;;;;;;;,,,,,,,,,,,,,,,,,,,,,,
SAT_absolute_monarchy_ADJ;Shimazu;;;;;;;;;;;;;x;;;;;;;;;;;;;;;;;;;;;;;;;;;;;;;;;;;;;;;;;;;;;;,,,,,,,,,,,,,,,,,,,,,,
SAT_prussian_constitutionalism_ADJ;Shimazu;;;;;;;;;;;;;x;;;;;;;;;;;;;;;;;;;;;;;;;;;;;;;;;;;;;;;;;;;;;;,,,,,,,,,,,,,,,,,,,,,,
SAT_hms_government_ADJ;Shimazu;;;;;;;;;;;;;x;;;;;;;;;;;;;;;;;;;;;;;;;;;;;;;;;;;;;;;;;;;;;;,,,,,,,,,,,,,,,,,,,,,,
SAV;Saint Vincent;;;;;;;;;;;;x;;;;;;;;;;;;;;;;;;;;;;;;;;;;;;;;;;;;;;;;;;;;;;;,,,,,,,,,,,,,,,,,,,,,,
SAV_ADJ;Vincentian;;;;;;;;;;;;x;;;;;;;;;;;;;;;;;;;;;;;;;;;;;;;;;;;;;;;;;;;;;;;,,,,,,,,,,,,,,,,,,,,,,
SEN;Tohoku;;;;;;;;;;;;;x;;;;;;;;;;;;;;;;;;;;;;;;;;;;;;;;;;;;;;;;;;;;;;,,,,,,,,,,,,,,,,,,,,,,
SEN_ADJ;Tohokuan;;;;;;;;;;;;;x;;;;;;;;;;;;;;;;;;;;;;;;;;;;;;;;;;;;;;;;;;;;;;,,,,,,,,,,,,,,,,,,,,,,
SEN_absolute_monarchy;Sendai;;;;;;;;;;;;;x;;;;;;;;;;;;;;;;;;;;;;;;;;;;;;;;;;;;;;;;;;;;;;,,,,,,,,,,,,,,,,,,,,,,
SEN_prussian_constitutionalism;Sendai;;;;;;;;;;;;;x;;;;;;;;;;;;;;;;;;;;;;;;;;;;;;;;;;;;;;;;;;;;;;,,,,,,,,,,,,,,,,,,,,,,
SEN_hms_government;Sendai;;;;;;;;;;;;;x;;;;;;;;;;;;;;;;;;;;;;;;;;;;;;;;;;;;;;;;;;;;;;,,,,,,,,,,,,,,,,,,,,,,
SEN_absolute_monarchy_ADJ;Date;;;;;;;;;;;;;x;;;;;;;;;;;;;;;;;;;;;;;;;;;;;;;;;;;;;;;;;;;;;;,,,,,,,,,,,,,,,,,,,,,,
SEN_prussian_constitutionalism_ADJ;Date;;;;;;;;;;;;;x;;;;;;;;;;;;;;;;;;;;;;;;;;;;;;;;;;;;;;;;;;;;;;,,,,,,,,,,,,,,,,,,,,,,
SEN_hms_government_ADJ;Date;;;;;;;;;;;;;x;;;;;;;;;;;;;;;;;;;;;;;;;;;;;;;;;;;;;;;;;;;;;;,,,,,,,,,,,,,,,,,,,,,,
SHA;Shan;;;;;;;;;;;;;x;;;;;;;;;;;;;;;;;;;;;;;;;;;;;;;;;;;;;;;;;;;;;;,,,,,,,,,,,,,,,,,,,,,,
SHA_ADJ;Shan;;;;;;;;;;;;;x;;;;;;;;;;;;;;;;;;;;;;;;;;;;;;;;;;;;;;;;;;;;;;,,,,,,,,,,,,,,,,,,,,,,
SHA_conservative;National Party;;;;;;;;;;;;;x;;;;;;;;;;;;;;;;;;;;;;;;;;;;;;;;;;;;;;;;;;;;;;,,,,,,,,,,,,,,,,,,,,,,
SHA_liberal;Democratic Party;;;;;;;;;;;;;x;;;;;;;;;;;;;;;;;;;;;;;;;;;;;;;;;;;;;;;;;;;;;;,,,,,,,,,,,,,,,,,,,,,,
SHA_socialist;Progressive Party;;;;;;;;;;;;;x;;;;;;;;;;;;;;;;;;;;;;;;;;;;;;;;;;;;;;;;;;;;;;,,,,,,,,,,,,,,,,,,,,,,
SHA_communist;Communist Party;;;;;;;;;;;;;x;;;;;;;;;;;;;;;;;;;;;;;;;;;;;;;;;;;;;;;;;;;;;;,,,,,,,,,,,,,,,,,,,,,,
SHA_reactionary;Unity Party;;;;;;;;;;;;;x;;;;;;;;;;;;;;;;;;;;;;;;;;;;;;;;;;;;;;;;;;;;;;,,,,,,,,,,,,,,,,,,,,,,
SHA_anarcho_liberal;Radical Party;;;;;;;;;;;;;x;;;;;;;;;;;;;;;;;;;;;;;;;;;;;;;;;;;;;;;;;;;;;;,,,,,,,,,,,,,,,,,,,,,,
SHA_fascist;Fascist Party;;;;;;;;;;;;;x;;;;;;;;;;;;;;;;;;;;;;;;;;;;;;;;;;;;;;;;;;;;;;,,,,,,,,,,,,,,,,,,,,,,
SAK;Siak;;;;;;;;;;;;;x;;;;;;;;;;;;;;;;;;;;;;;;;;;;;;;;;;;;;;;;;;;;;;,,,,,,,,,,,,,,,,,,,,,,
SAK_ADJ;Siak;;;;;;;;;;;;;x;;;;;;;;;;;;;;;;;;;;;;;;;;;;;;;;;;;;;;;;;;;;;;,,,,,,,,,,,,,,,,,,,,,,
SIB;Sibir;;;;;;;;;;;;;x;;;;;;;;;;;;;;;;;;;;;;;;;;;;;;;;;;;;;;;;;;;;;;,,,,,,,,,,,,,,,,,,,,,,
SIB_absolute_monarchy;Sibir;;;;;;;;;;;;;x;;;;;;;;;;;;;;;;;;;;;;;;;;;;;;;;;;;;;;;;;;;;;;,,,,,,,,,,,,,,,,,,,,,,
SIB_prussian_constitutionalism;Sibir;;;;;;;;;;;;;x;;;;;;;;;;;;;;;;;;;;;;;;;;;;;;;;;;;;;;;;;;;;;;,,,,,,,,,,,,,,,,,,,,,,
SIB_hms_government;Sibir;;;;;;;;;;;;;x;;;;;;;;;;;;;;;;;;;;;;;;;;;;;;;;;;;;;;;;;;;;;;,,,,,,,,,,,,,,,,,,,,,,
SIB_ADJ;Siberian;;;;;;;;;;;;;x;;;;;;;;;;;;;;;;;;;;;;;;;;;;;;;;;;;;;;;;;;;;;;,,,,,,,,,,,,,,,,,,,,,,
SIB_conservative;Slavophile;Slavophile;Slawophile;;;;;;;;;;;;x;;;;;;;;;;;;;;;;;;;;;;;;;;;;;;;;;;;;;;;;;;;;;,,,,,,,,,,,,,,,,,,,,,,
SIB_liberal;Westerniser;Westerniser;Westler;;;;;;;;;;;;x;;;;;;;;;;;;;;;;;;;;;;;;;;;;;;;;;;;;;;;;;;;;;,,,,,,,,,,,,,,,,,,,,,,
SIB_communist;Social Democratic;Social-dÈmocrate;Social Democratic;;;;;;;;;;;;x;;;;;;;;;;;;;;;;;;;;;;;;;;;;;;;;;;;;;;;;;;;;;,,,,,,,,,,,,,,,,,,,,,,
SIB_socialist;Menshevik;Menshevik;Menschewiki;;;;;;;;;;;;x;;;;;;;;;;;;;;;;;;;;;;;;;;;;;;;;;;;;;;;;;;;;;,,,,,,,,,,,,,,,,,,,,,,
SIB_reactionary;Panslavic;Panslavic;Panslawisten;;;;;;;;;;;;x;;;;;;;;;;;;;;;;;;;;;;;;;;;;;;;;;;;;;;;;;;;;;,,,,,,,,,,,,,,,,,,,,,,
SIB_conservative_2;Octobrists;Octobristes;Octobristen;;;;;;;;;;;;x;;;;;;;;;;;;;;;;;;;;;;;;;;;;;;;;;;;;;;;;;;;;;,,,,,,,,,,,,,,,,,,,,,,
SIB_anarcho_liberal;Radicals;Radicaux;Radikale;;;;;;;;;;;;x;;;;;;;;;;;;;;;;;;;;;;;;;;;;;;;;;;;;;;;;;;;;;,,,,,,,,,,,,,,,,,,,,,,
SIB_fascist;Fascists;Fascistes;Faschisten;;;;;;;;;;;;x;;;;;;;;;;;;;;;;;;;;;;;;;;;;;;;;;;;;;;;;;;;;;,,,,,,,,,,,,,,,,,,,,,,
SLE;Sierra Leone;;;;;;;;;;;;x;;;;;;;;;;;;;;;;;;;;;;;;;;;;;;;;;;;;;;;;;;;;;;;,,,,,,,,,,,,,,,,,,,,,,
SLE_ADJ;Sierra Leonean;;;;;;;;;;;;x;;;;;;;;;;;;;;;;;;;;;;;;;;;;;;;;;;;;;;;;;;;;;;;,,,,,,,,,,,,,,,,,,,,,,
SLE_liberal;United Progressive Party;;;;;;;;;;;;x;;;;;;;;;;;;;;;;;;;;;;;;;;;;;;;;;;;;;;;;;;;;;;;,,,,,,,,,,,,,,,,,,,,,,
SLE_anarcho_liberal;National Unity Movement;;;;;;;;;;;;x;;;;;;;;;;;;;;;;;;;;;;;;;;;;;;;;;;;;;;;;;;;;;;;,,,,,,,,,,,,,,,,,,,,,,
SLE_conservative;National Council;;;;;;;;;;;;x;;;;;;;;;;;;;;;;;;;;;;;;;;;;;;;;;;;;;;;;;;;;;;;,,,,,,,,,,,,,,,,,,,,,,
SLE_reactionary;National Reformation Council;;;;;;;;;;;;x;;;;;;;;;;;;;;;;;;;;;;;;;;;;;;;;;;;;;;;;;;;;;;;,,,,,,,,,,,,,,,,,,,,,,
SLE_socialist;Sierra Leone People's Party;;;;;;;;;;;;x;;;;;;;;;;;;;;;;;;;;;;;;;;;;;;;;;;;;;;;;;;;;;;;,,,,,,,,,,,,,,,,,,,,,,
SLE_communist;All People's Congress;;;;;;;;;;;;x;;;;;;;;;;;;;;;;;;;;;;;;;;;;;;;;;;;;;;;;;;;;;;;,,,,,,,,,,,,,,,,,,,,,,
SLE_fascist;Dawoh;;;;;;;;;;;;x;;;;;;;;;;;;;;;;;;;;;;;;;;;;;;;;;;;;;;;;;;;;;;;,,,,,,,,,,,,,,,,,,,,,,
SLS;Silesia;;;;;;;;;;;;;x;;;;;;;;;;;;;;;;;;;;;;;;;;;;;;;;;;;;;;;;;;;;;;,,,,,,,,,,,,,,,,,,,,,,
SLS_ADJ;Silesian;;;;;;;;;;;;;x;;;;;;;;;;;;;;;;;;;;;;;;;;;;;;;;;;;;;;;;;;;;;;,,,,,,,,,,,,,,,,,,,,,,
SLS_liberal;Liberaldem. Partei;Liberaldem. Partei;Liberaldem. Partei;;Liberaldem. Partei;;;;;;;;;x;;;;;;;;;;;;;;;;;;;;;;;;;;;;;;;;;;;;;;;;;;;;;;,,,,,,,,,,,,,,,,,,,,,,
SLS_conservative;Zentrumspartei;Zentrumspartei;Zentrumspartei;;Zentrumspartei;;;;;;;;;x;;;;;;;;;;;;;;;;;;;;;;;;;;;;;;;;;;;;;;;;;;;;;;,,,,,,,,,,,,,,,,,,,,,,
SLS_liberal_2;Nationalliberale ;Nationalliberale ;Nationalliberale ;;Nationalliberale ;;;;;;;;;x;;;;;;;;;;;;;;;;;;;;;;;;;;;;;;;;;;;;;;;;;;;;;;,,,,,,,,,,,,,,,,,,,,,,
SLS_socialist;Deutscher Arbeiterverein;Deutscher Arbeiterverein;Deutscher Arbeiterverein;;Deutscher Arbeiterverein;;;;;;;;;x;;;;;;;;;;;;;;;;;;;;;;;;;;;;;;;;;;;;;;;;;;;;;;,,,,,,,,,,,,,,,,,,,,,,
SLS_reactionary;Nationale Partei;Nationale Partei;Nationale Partei;;Nationale Partei;;;;;;;;;x;;;;;;;;;;;;;;;;;;;;;;;;;;;;;;;;;;;;;;;;;;;;;;,,,,,,,,,,,,,,,,,,,,,,
SLS_conservative_2;Konservative Partei;Konservative Partei;Konservative Partei;;Konservative Partei;;;;;;;;;x;;;;;;;;;;;;;;;;;;;;;;;;;;;;;;;;;;;;;;;;;;;;;;,,,,,,,,,,,,,,,,,,,,,,
SLS_anarcho_liberal;Radical Arbeiterpartei;Arbeiterpartei radical;Radikale Arbeiterpartei;;Radical Arbeiterpartei;;;;;;;;;x;;;;;;;;;;;;;;;;;;;;;;;;;;;;;;;;;;;;;;;;;;;;;;,,,,,,,,,,,,,,,,,,,,,,
SLS_communist;Communist Arbeiterpartei;Arbeiterpartei communiste;Kommunistische Arbeiterpartei;;Communist Arbeiterpartei;;;;;;;;;x;;;;;;;;;;;;;;;;;;;;;;;;;;;;;;;;;;;;;;;;;;;;;;,,,,,,,,,,,,,,,,,,,,,,
SLS_fascist;Fascists;;;;;;;;;;;;;x;;;;;;;;;;;;;;;;;;;;;;;;;;;;;;;;;;;;;;;;;;;;;;,,,,,,,,,,,,,,,,,,,,,,
BRA;Brunswick;;;;;;;;;;;;x;;;;;;;;;;;;;;;;;;;;;;;;;;;;;;;;;;;;;;;;;;;;;;;,,,,,,,,,,,,,,,,,,,,,,
BRA_ADJ;Brunswicker;;;;;;;;;;;;x;;;;;;;;;;;;;;;;;;;;;;;;;;;;;;;;;;;;;;;;;;;;;;;,,,,,,,,,,,,,,,,,,,,,,
SLW;Sulawesi;;;;;;;;;;;;;x;;;;;;;;;;;;;;;;;;;;;;;;;;;;;;;;;;;;;;;;;;;;;;,,,,,,,,,,,,,,,,,,,,,,
SLW_ADJ;Sulawesian;;;;;;;;;;;;;x;;;;;;;;;;;;;;;;;;;;;;;;;;;;;;;;;;;;;;;;;;;;;;,,,,,,,,,,,,,,,,,,,,,,
SLW_absolute_monarchy;Bone Sultanate;;;;;;;;;;;;;x;;;;;;;;;;;;;;;;;;;;;;;;;;;;;;;;;;;;;;;;;;;;;;,,,,,,,,,,,,,,,,,,,,,,
SLW_prussian_constitutionalism;Bone Sultanate;;;;;;;;;;;;;x;;;;;;;;;;;;;;;;;;;;;;;;;;;;;;;;;;;;;;;;;;;;;;,,,,,,,,,,,,,,,,,,,,,,
SLW_hms_government;Bone Sultanate;;;;;;;;;;;;;x;;;;;;;;;;;;;;;;;;;;;;;;;;;;;;;;;;;;;;;;;;;;;;,,,,,,,,,,,,,,,,,,,,,,
SLW_ADJ;Boni;;;;;;;;;;;;;x;;;;;;;;;;;;;;;;;;;;;;;;;;;;;;;;;;;;;;;;;;;;;;,,,,,,,,,,,,,,,,,,,,,,
SMI;Sapmi;Sapmi;Sapmi;;;;;;;;;;;;x;;;;;;;;;;;;;;;;;;;;;;;;;;;;;;;;;;;;;;;;;;;;;,,,,,,,,,,,,,,,,,,,,,,
SMI_ADJ;Sami;Sami;Sami;;;;;;;;;;;;x;;;;;;;;;;;;;;;;;;;;;;;;;;;;;;;;;;;;;;;;;;;;;,,,,,,,,,,,,,,,,,,,,,,
SMI_liberal;Liberal Party;Liberal Party;Liberal Party;;;;;;;;;;;;x;;;;;;;;;;;;;;;;;;;;;;;;;;;;;;;;;;;;;;;;;;;;;,,,,,,,,,,,,,,,,,,,,,,
SMI_conservative;Conservative Party;Conservative Party;Conservative Party;;;;;;;;;;;;x;;;;;;;;;;;;;;;;;;;;;;;;;;;;;;;;;;;;;;;;;;;;;,,,,,,,,,,,,,,,,,,,,,,
SMI_reactionary;Nationalist Party;Nationalist Party;Nationalist Party;;;;;;;;;;;;x;;;;;;;;;;;;;;;;;;;;;;;;;;;;;;;;;;;;;;;;;;;;;,,,,,,,,,,,,,,,,,,,,,,
SMI_socialist;Labour Party;Labour Party;Labour Party;;;;;;;;;;;;x;;;;;;;;;;;;;;;;;;;;;;;;;;;;;;;;;;;;;;;;;;;;;,,,,,,,,,,,,,,,,,,,,,,
SMI_anarcho_liberal;Radical Party;Radical Party;Radical Party;;;;;;;;;;;;x;;;;;;;;;;;;;;;;;;;;;;;;;;;;;;;;;;;;;;;;;;;;;,,,,,,,,,,,,,,,,,,,,,,
SMI_communist;Communist Party;Communist Party;Communist Party;;;;;;;;;;;;x;;;;;;;;;;;;;;;;;;;;;;;;;;;;;;;;;;;;;;;;;;;;;,,,,,,,,,,,,,,,,,,,,,,
SMI_fascist;Fascist Party;Fascist Party;Fascist Party;;;;;;;;;;;;x;;;;;;;;;;;;;;;;;;;;;;;;;;;;;;;;;;;;;;;;;;;;;,,,,,,,,,,,,,,,,,,,,,,
SNG;Senegal;;;;;;;;;;;;x;;;;;;;;;;;;;;;;;;;;;;;;;;;;;;;;;;;;;;;;;;;;;;;,,,,,,,,,,,,,,,,,,,,,,
SNG_ADJ;Senegalese;;;;;;;;;;;;x;;;;;;;;;;;;;;;;;;;;;;;;;;;;;;;;;;;;;;;;;;;;;;;,,,,,,,,,,,,,,,,,,,,,,
SNG_liberal;Senegalese Democratic Party;;;;;;;;;;;;x;;;;;;;;;;;;;;;;;;;;;;;;;;;;;;;;;;;;;;;;;;;;;;;,,,,,,,,,,,,,,,,,,,,,,
SNG_anarcho_liberal;Convention of Democrats and Patriots;;;;;;;;;;;;x;;;;;;;;;;;;;;;;;;;;;;;;;;;;;;;;;;;;;;;;;;;;;;;,,,,,,,,,,,,,,,,,,,,,,
SNG_conservative;African Regroupment Party;;;;;;;;;;;;x;;;;;;;;;;;;;;;;;;;;;;;;;;;;;;;;;;;;;;;;;;;;;;;,,,,,,,,,,,,,,,,,,,,,,
SNG_reactionary;Senegalese Solidarity Party;;;;;;;;;;;;x;;;;;;;;;;;;;;;;;;;;;;;;;;;;;;;;;;;;;;;;;;;;;;;,,,,,,,,,,,,,,,,,,,,,,
SNG_socialist;Senegalese Progressive Union;;;;;;;;;;;;x;;;;;;;;;;;;;;;;;;;;;;;;;;;;;;;;;;;;;;;;;;;;;;;,,,,,,,,,,,,,,,,,,,,,,
SNG_communist;African Independence Party;;;;;;;;;;;;x;;;;;;;;;;;;;;;;;;;;;;;;;;;;;;;;;;;;;;;;;;;;;;;,,,,,,,,,,,,,,,,,,,,,,
SNG_fascist;Alliance of the Forces of Progress;;;;;;;;;;;;x;;;;;;;;;;;;;;;;;;;;;;;;;;;;;;;;;;;;;;;;;;;;;;;,,,,,,,,,,,,,,,,,,,,,,
SNZ;New Munster;New Munster;New Munster;;;;;;;;;;;x;;;;;;;;;;;;;;;;;;;;;;;;;;;;;;;;;;;;;;;;;;;;;;,,,,,,,,,,,,,,,,,,,,,,
SNZ_ADJ;Munsterian;Munsterian;Munsterian;;;;;;;;;;;x;;;;;;;;;;;;;;;;;;;;;;;;;;;;;;;;;;;;;;;;;;;;;;,,,,,,,,,,,,,,,,,,,,,,
SNZ_fascist_dictatorship;Zealandia;Zealandia;Zealandia;;;;;;;;;;;x;;;;;;;;;;;;;;;;;;;;;;;;;;;;;;;;;;;;;;;;;;;;;;,,,,,,,,,,,,,,,,,,,,,,
SNZ_fascist_dictatorship_ADJ;Zealandian;Zealandian;Zealandian;;;;;;;;;;;x;;;;;;;;;;;;;;;;;;;;;;;;;;;;;;;;;;;;;;;;;;;;;;,,,,,,,,,,,,,,,,,,,,,,
SNZ_presidential_dictatorship;South Island Republic;South Island Republic;South Island Republic;;;;;;;;;;;x;;;;;;;;;;;;;;;;;;;;;;;;;;;;;;;;;;;;;;;;;;;;;;,,,,,,,,,,,,,,,,,,,,,,
SNZ_presidential_dictatorship_ADJ;South Islander;South Islander;South Islander;;;;;;;;;;;x;;;;;;;;;;;;;;;;;;;;;;;;;;;;;;;;;;;;;;;;;;;;;;,,,,,,,,,,,,,,,,,,,,,,
SNZ_bourgeois_dictatorship;South Island Republic;South Island Republic;South Island Republic;;;;;;;;;;;x;;;;;;;;;;;;;;;;;;;;;;;;;;;;;;;;;;;;;;;;;;;;;;,,,,,,,,,,,,,,,,,,,,,,
SNZ_bourgeois_dictatorship_ADJ;South Islander;South Islander;South Islander;;;;;;;;;;;x;;;;;;;;;;;;;;;;;;;;;;;;;;;;;;;;;;;;;;;;;;;;;;,,,,,,,,,,,,,,,,,,,,,,
SNZ_democracy;South Island Republic;South Island Republic;South Island Republic;;;;;;;;;;;x;;;;;;;;;;;;;;;;;;;;;;;;;;;;;;;;;;;;;;;;;;;;;;,,,,,,,,,,,,,,,,,,,,,,
SNZ_democracy_ADJ;South Islander;South Islander;South Islander;;;;;;;;;;;x;;;;;;;;;;;;;;;;;;;;;;;;;;;;;;;;;;;;;;;;;;;;;;,,,,,,,,,,,,,,,,,,,,,,
SNZ_proletarian_dictatorship;Zealandia;Zealandia;Zealandia;;;;;;;;;;;x;;;;;;;;;;;;;;;;;;;;;;;;;;;;;;;;;;;;;;;;;;;;;;,,,,,,,,,,,,,,,,,,,,,,
SNZ_proletarian_dictatorship_ADJ;Zealandian;Zealandian;Zealandian;;;;;;;;;;;x;;;;;;;;;;;;;;;;;;;;;;;;;;;;;;;;;;;;;;;;;;;;;;,,,,,,,,,,,,,,,,,,,,,,
SNZ_conservative;Conservative Party;Conservative Party;Conservative Party;;;;;;;;;;;x;;;;;;;;;;;;;;;;;;;;;;;;;;;;;;;;;;;;;;;;;;;;;;,,,,,,,,,,,,,,,,,,,,,,
SNZ_liberal;Liberal Party;Liberal Party;Liberal Party;;;;;;;;;;;x;;;;;;;;;;;;;;;;;;;;;;;;;;;;;;;;;;;;;;;;;;;;;;,,,,,,,,,,,,,,,,,,,,,,
SNZ_socialist;Labour Party;Labour Party;Labour Party;;;;;;;;;;;x;;;;;;;;;;;;;;;;;;;;;;;;;;;;;;;;;;;;;;;;;;;;;;,,,,,,,,,,,,,,,,,,,,,,
SNZ_communist;Communist Party;Communist Party;Communist Party;;;;;;;;;;;x;;;;;;;;;;;;;;;;;;;;;;;;;;;;;;;;;;;;;;;;;;;;;;,,,,,,,,,,,,,,,,,,,,,,
SNZ_reactionary;Nationalist Party;Nationalist Party;Nationalist Party;;;;;;;;;;;x;;;;;;;;;;;;;;;;;;;;;;;;;;;;;;;;;;;;;;;;;;;;;;,,,,,,,,,,,,,,,,,,,,,,
SNZ_anarcho_liberal;Radical Party;Radical Party;Radical Party;;;;;;;;;;;x;;;;;;;;;;;;;;;;;;;;;;;;;;;;;;;;;;;;;;;;;;;;;;,,,,,,,,,,,,,,,,,,,,,,
SNZ_fascist;Fascist Party;Fascist Party;Fascist Party;;;;;;;;;;;x;;;;;;;;;;;;;;;;;;;;;;;;;;;;;;;;;;;;;;;;;;;;;;,,,,,,,,,,,,,,,,,,,,,,
SON;Sonora;;;;;;;;;;;;;x;;;;;;;;;;;;;;;;;;;;;;;;;;;;;;;;;;;;;;;;;;;;;;,,,,,,,,,,,,,,,,,,,,,,
SON_ADJ;Sonoran;;;;;;;;;;;;;x;;;;;;;;;;;;;;;;;;;;;;;;;;;;;;;;;;;;;;;;;;;;;;,,,,,,,,,,,,,,,,,,,,,,
SON_conservative;Partido Conservador;Partido Conservador;Partido Conservador;;;;;;;;;;;;x;;;;;;;;;;;;;;;;;;;;;;;;;;;;;;;;;;;;;;;;;;;;;,,,,,,,,,,,,,,,,,,,,,,
SON_liberal;Partido Liberal;Partido Liberal;Partido Liberal;;;;;;;;;;;;x;;;;;;;;;;;;;;;;;;;;;;;;;;;;;;;;;;;;;;;;;;;;;,,,,,,,,,,,,,,,,,,,,,,
SON_anarcho_liberal;Partido Federalista;Partido Federalista;Partido Federalista;;;;;;;;;;;;x;;;;;;;;;;;;;;;;;;;;;;;;;;;;;;;;;;;;;;;;;;;;;,,,,,,,,,,,,,,,,,,,,,,
SON_conservative_2;Partido Moderado Liberal;Partido Moderado Liberal;Partido Moderado Liberal;;;;;;;;;;;;x;;;;;;;;;;;;;;;;;;;;;;;;;;;;;;;;;;;;;;;;;;;;;,,,,,,,,,,,,,,,,,,,,,,
SON_liberal_2;Partido Radical Liberal;Partido Radical Liberal;Partido Radical Liberal;;;;;;;;;;;;x;;;;;;;;;;;;;;;;;;;;;;;;;;;;;;;;;;;;;;;;;;;;;,,,,,,,,,,,,,,,,,,,,,,
SON_liberal_3;Partido Progresista;Partido Progresista;Partido Progresista;;;;;;;;;;;;x;;;;;;;;;;;;;;;;;;;;;;;;;;;;;;;;;;;;;;;;;;;;;,,,,,,,,,,,,,,,,,,,,,,
SON_conservative_3;Partido Constitucionalista;Partido Constitucionalista;Partido Constitucionalista;;;;;;;;;;;;x;;;;;;;;;;;;;;;;;;;;;;;;;;;;;;;;;;;;;;;;;;;;;,,,,,,,,,,,,,,,,,,,,,,
SON_liberal_4;Partido Antireelecionista;Partido Antireelecionista;Partido Antireelecionista;;;;;;;;;;;;x;;;;;;;;;;;;;;;;;;;;;;;;;;;;;;;;;;;;;;;;;;;;;,,,,,,,,,,,,,,,,,,,,,,
SON_reactionary;Partido Imperialista;Partido Imperialista;Partido Imperialista;;;;;;;;;;;;x;;;;;;;;;;;;;;;;;;;;;;;;;;;;;;;;;;;;;;;;;;;;;,,,,,,,,,,,,,,,,,,,,,,
SON_socialist;Partido Socialist;Partido socialiste;Partido Socialist;;;;;;;;;;;;x;;;;;;;;;;;;;;;;;;;;;;;;;;;;;;;;;;;;;;;;;;;;;,,,,,,,,,,,,,,,,,,,,,,
SON_communist;Partido Communist;Partido communiste;Partido Communist;;;;;;;;;;;;x;;;;;;;;;;;;;;;;;;;;;;;;;;;;;;;;;;;;;;;;;;;;;,,,,,,,,,,,,,,,,,,,,,,
SON_fascist;Partido Fascist;Partido fasciste;Partido Fascist;;;;;;;;;;;;x;;;;;;;;;;;;;;;;;;;;;;;;;;;;;;;;;;;;;;;;;;;;;,,,,,,,,,,,,,,,,,,,,,,
SPC;Spain;;;;;;;;;;;;;x;;;;;;;;;;;;;;;;;;;;;;;;;;;;;;;;;;;;;;;;;;;;;;,,,,,,,,,,,,,,,,,,,,,,
SPC_absolute_monarchy;The Kingdom of Spain;;;;;;;;;;;;;x;;;;;;;;;;;;;;;;;;;;;;;;;;;;;;;;;;;;;;;;;;;;;;,,,,,,,,,,,,,,,,,,,,,,
SPC_prussian_constitutionalism;The Kingdom of Spain;;;;;;;;;;;;;x;;;;;;;;;;;;;;;;;;;;;;;;;;;;;;;;;;;;;;;;;;;;;;,,,,,,,,,,,,,,,,,,,,,,
SPC_hms_government;The Kingdom of Spain;;;;;;;;;;;;;x;;;;;;;;;;;;;;;;;;;;;;;;;;;;;;;;;;;;;;;;;;;;;;,,,,,,,,,,,,,,,,,,,,,,
SPC_ADJ;Spanish;;;;;;;;;;;;;x;;;;;;;;;;;;;;;;;;;;;;;;;;;;;;;;;;;;;;;;;;;;;;,,,,,,,,,,,,,,,,,,,,,,
SRD;Sardinia;;;;;;;;;;;;;;;;;;;;;;;;;;;;;;;;;;;;;;;;;;;;;;;;;;;;;;;;;;;,,,,,,,,,,,,,,,,,,,,,,
SRD_ADJ;Sardinian;;;;;;;;;;;;;;;;;;;;;;;;;;;;;;;;;;;;;;;;;;;;;;;;;;;;;;;;;;;,,,,,,,,,,,,,,,,,,,,,,
SRI;Sri Lanka;;;;;;;;;;;;;x;;;;;;;;;;;;;;;;;;;;;;;;;;;;;;;;;;;;;;;;;;;;;;,,,,,,,,,,,,,,,,,,,,,,
SRI_ADJ;Sri Lankan;;;;;;;;;;;;;x;;;;;;;;;;;;;;;;;;;;;;;;;;;;;;;;;;;;;;;;;;;;;;,,,,,,,,,,,,,,,,,,,,,,
SRI_absolute_monarchy;Ceylon;;;;;;;;;;;;x;;;;;;;;;;;;;;;;;;;;;;;;;;;;;;;;;;;;;;;;;;;;;;;,,,,,,,,,,,,,,,,,,,,,,
SRI_prussian_constitutionalism;Ceylon;;;;;;;;;;;;x;;;;;;;;;;;;;;;;;;;;;;;;;;;;;;;;;;;;;;;;;;;;;;;,,,,,,,,,,,,,,,,,,,,,,
SRI_hms_government;Ceylon;;;;;;;;;;;;x;;;;;;;;;;;;;;;;;;;;;;;;;;;;;;;;;;;;;;;;;;;;;;;,,,,,,,,,,,,,,,,,,,,,,
SRI_absolute_monarchy_ADJ;Ceylonian;;;;;;;;;;;;x;;;;;;;;;;;;;;;;;;;;;;;;;;;;;;;;;;;;;;;;;;;;;;;,,,,,,,,,,,,,,,,,,,,,,
SRI_prussian_constitutionalism_ADJ;Ceylonian;;;;;;;;;;;;x;;;;;;;;;;;;;;;;;;;;;;;;;;;;;;;;;;;;;;;;;;;;;;;,,,,,,,,,,,,,,,,,,,,,,
SRI_hms_government_ADJ;Ceylonian;;;;;;;;;;;;x;;;;;;;;;;;;;;;;;;;;;;;;;;;;;;;;;;;;;;;;;;;;;;;,,,,,,,,,,,,,,,,,,,,,,
SRI_conservative;Royal Faction;;;;;;;;;;;;x;;;;;;;;;;;;;;;;;;;;;;;;;;;;;;;;;;;;;;;;;;;;;;;,,,,,,,,,,,,,,,,,,,,,,
SRI_liberal;The Liberal Faction;;;;;;;;;;;;x;;;;;;;;;;;;;;;;;;;;;;;;;;;;;;;;;;;;;;;;;;;;;;;,,,,,,,,,,,,,,,,,,,,,,
SRI_reactionary;The Nationalist Faction;;;;;;;;;;;;x;;;;;;;;;;;;;;;;;;;;;;;;;;;;;;;;;;;;;;;;;;;;;;;,,,,,,,,,,,,,,,,,,,,,,
SRI_anarcho_liberal;The Radical Faction;;;;;;;;;;;;x;;;;;;;;;;;;;;;;;;;;;;;;;;;;;;;;;;;;;;;;;;;;;;;,,,,,,,,,,,,,,,,,,,,,,
SRI_socialist;The Socialist Faction;;;;;;;;;;;;x;;;;;;;;;;;;;;;;;;;;;;;;;;;;;;;;;;;;;;;;;;;;;;;,,,,,,,,,,,,,,,,,,,,,,
SRI_communist;The Communist Faction;;;;;;;;;;;;x;;;;;;;;;;;;;;;;;;;;;;;;;;;;;;;;;;;;;;;;;;;;;;;,,,,,,,,,,,,,,,,,,,,,,
SRI_fascist;The Fascist Faction;;;;;;;;;;;;x;;;;;;;;;;;;;;;;;;;;;;;;;;;;;;;;;;;;;;;;;;;;;;;,,,,,,,,,,,,,,,,,,,,,,
BKF;Burkina Faso;;;;;;;;;;;;x;;;;;;;;;;;;;;;;;;;;;;;;;;;;;;;;;;;;;;;;;;;;;;;,,,,,,,,,,,,,,,,,,,,,,
BKF_ADJ;Burkinabe;;;;;;;;;;;;x;;;;;;;;;;;;;;;;;;;;;;;;;;;;;;;;;;;;;;;;;;;;;;;,,,,,,,,,,,,,,,,,,,,,,
BKF_liberal;UNDD;;;;;;;;;;;;x;;;;;;;;;;;;;;;;;;;;;;;;;;;;;;;;;;;;;;;;;;;;;;;,,,,,,,,,,,,,,,,,,,,,,
BKF_anarcho_liberal;Voltaic Progressive Union;;;;;;;;;;;;x;;;;;;;;;;;;;;;;;;;;;;;;;;;;;;;;;;;;;;;;;;;;;;;,,,,,,,,,,,,,,,,,,,,,,
BKF_conservative;Voltaic Union;;;;;;;;;;;;x;;;;;;;;;;;;;;;;;;;;;;;;;;;;;;;;;;;;;;;;;;;;;;;,,,,,,,,,,,,,,,,,,,,,,
BKF_reactionary;UDV-RDA;;;;;;;;;;;;x;;;;;;;;;;;;;;;;;;;;;;;;;;;;;;;;;;;;;;;;;;;;;;;,,,,,,,,,,,,,,,,,,,,,,
BKF_socialist;Voltaic Democratic Movement;;;;;;;;;;;;x;;;;;;;;;;;;;;;;;;;;;;;;;;;;;;;;;;;;;;;;;;;;;;;,,,,,,,,,,,,,,,,,,,,,,
BKF_communist;Voltaic Communist Organization;;;;;;;;;;;;x;;;;;;;;;;;;;;;;;;;;;;;;;;;;;;;;;;;;;;;;;;;;;;;,,,,,,,,,,,,,,,,,,,,,,
BKF_fascist;Rejectors Front;;;;;;;;;;;;x;;;;;;;;;;;;;;;;;;;;;;;;;;;;;;;;;;;;;;;;;;;;;;;,,,,,,,,,,,,,,,,,,,,,,
SUD;Sudan;;;;;;;;;;;;x;;;;;;;;;;;;;;;;;;;;;;;;;;;;;;;;;;;;;;;;;;;;;;;,,,,,,,,,,,,,,,,,,,,,,
SUD_theocracy;Mahdist Sudan;;;;;;;;;;;;;;;;x;;;;;;;;;;;;;;;;;;;;;;;;;;;;;;;;;;;;;;;;;;;,,,,,,,,,,,,,,,,,,,,,,
SUD_ADJ;Sudanese;;;;;;;;;;;;x;;;;;;;;;;;;;;;;;;;;;;;;;;;;;;;;;;;;;;;;;;;;;;;,,,,,,,,,,,,,,,,,,,,,,
SUD_reactionary;The Mahdists;;;;;;;;;;;;;x;;;;;;;;;;;;;;;;;;;;;;;;;;;;;;;;;;;;;;;;;;;;;;,,,,,,,,,,,,,,,,,,,,,,
SUD_conservative;Al Muhafidh;;;;;;;;;;;;;x;;;;;;;;;;;;;;;;;;;;;;;;;;;;;;;;;;;;;;;;;;;;;;,,,,,,,,,,,,,,,,,,,,,,
SUD_liberal;Al Mutaharir;;;;;;;;;;;;;x;;;;;;;;;;;;;;;;;;;;;;;;;;;;;;;;;;;;;;;;;;;;;;,,,,,,,,,,,,,,,,,,,,,,
SUD_anarcho_liberal;Al Anarkiliberali;;;;;;;;;;;;;x;;;;;;;;;;;;;;;;;;;;;;;;;;;;;;;;;;;;;;;;;;;;;;,,,,,,,,,,,,,,,,,,,,,,
SUD_socialist;Al Ishtiraki;;;;;;;;;;;;;x;;;;;;;;;;;;;;;;;;;;;;;;;;;;;;;;;;;;;;;;;;;;;;,,,,,,,,,,,,,,,,,,,,,,
SUD_communist;Al Shiu'i;;;;;;;;;;;;;x;;;;;;;;;;;;;;;;;;;;;;;;;;;;;;;;;;;;;;;;;;;;;;,,,,,,,,,,,,,,,,,,,,,,
SUD_fascist;Al Fashi;;;;;;;;;;;;;x;;;;;;;;;;;;;;;;;;;;;;;;;;;;;;;;;;;;;;;;;;;;;;,,,,,,,,,,,,,,,,,,,,,,
SUL;Sulu;;;;;;;;;;;;;x;;;;;;;;;;;;;;;;;;;;;;;;;;;;;;;;;;;;;;;;;;;;;;,,,,,,,,,,,,,,,,,,,,,,
SUL_ADJ;Sulu;;;;;;;;;;;;;x;;;;;;;;;;;;;;;;;;;;;;;;;;;;;;;;;;;;;;;;;;;;;;,,,,,,,,,,,,,,,,,,,,,,
SUL_conservative;Conservatist Faction;;;;;;;;;;;;;x;;;;;;;;;;;;;;;;;;;;;;;;;;;;;;;;;;;;;;;;;;;;;;,,,,,,,,,,,,,,,,,,,,,,
SUL_liberal;Reformist Faction;;;;;;;;;;;;;x;;;;;;;;;;;;;;;;;;;;;;;;;;;;;;;;;;;;;;;;;;;;;;,,,,,,,,,,,,,,,,,,,,,,
SUL_socialist;Progressive Faction;;;;;;;;;;;;;x;;;;;;;;;;;;;;;;;;;;;;;;;;;;;;;;;;;;;;;;;;;;;;,,,,,,,,,,,,,,,,,,,,,,
SUL_communist;Communist Faction;;;;;;;;;;;;;x;;;;;;;;;;;;;;;;;;;;;;;;;;;;;;;;;;;;;;;;;;;;;;,,,,,,,,,,,,,,,,,,,,,,
SUL_reactionary;Nationalist Faction;;;;;;;;;;;;;x;;;;;;;;;;;;;;;;;;;;;;;;;;;;;;;;;;;;;;;;;;;;;;,,,,,,,,,,,,,,,,,,,,,,
SUL_anarcho_liberal;Radical Faction;;;;;;;;;;;;;x;;;;;;;;;;;;;;;;;;;;;;;;;;;;;;;;;;;;;;;;;;;;;;,,,,,,,,,,,,,,,,,,,,,,
SUL_fascist;Fascist faction;;;;;;;;;;;;;x;;;;;;;;;;;;;;;;;;;;;;;;;;;;;;;;;;;;;;;;;;;;;;,,,,,,,,,,,,,,,,,,,,,,
SVY;Savoy;;;;;;;;;;;;;x;;;;;;;;;;;;;;;;;;;;;;;;;;;;;;;;;;;;;;;;;;;;;;,,,,,,,,,,,,,,,,,,,,,,
SVY_ADJ;Savoyard;;;;;;;;;;;;;x;;;;;;;;;;;;;;;;;;;;;;;;;;;;;;;;;;;;;;;;;;;;;;,,,,,,,,,,,,,,,,,,,,,,
SWH;Schleswig-Holstein;;;;;;;;;;;;x;;;;;;;;;;;;;;;;;;;;;;;;;;;;;;;;;;;;;;;;;;;;;;;,,,,,,,,,,,,,,,,,,,,,,
SWH_ADJ;Schleswigian;;;;;;;;;;;;x;;;;;;;;;;;;;;;;;;;;;;;;;;;;;;;;;;;;;;;;;;;;;;;,,,,,,,,,,,,,,,,,,,,,,
SWH_liberal;Liberaldem. Partei;Liberaldem. Partei;Liberaldem. Partei;;;;;;;;;;;;x;;;;;;;;;;;;;;;;;;;;;;;;;;;;;;;;;;;;;;;;;;;;;,,,,,,,,,,,,,,,,,,,,,,
SWH_conservative;Zentrumspartei;;;;;;;;;;;;x;;;;;;;;;;;;;;;;;;;;;;;;;;;;;;;;;;;;;;;;;;;;;;;,,,,,,,,,,,,,,,,,,,,,,
SWH_liberal_2;Nationalliberale;;;;;;;;;;;;x;;;;;;;;;;;;;;;;;;;;;;;;;;;;;;;;;;;;;;;;;;;;;;;,,,,,,,,,,,,,,,,,,,,,,
SWH_liberal_3;Freisinnige Partei;;;;;;;;;;;;x;;;;;;;;;;;;;;;;;;;;;;;;;;;;;;;;;;;;;;;;;;;;;;;,,,,,,,,,,,,,,,,,,,,,,
SWH_socialist;Deutscher Arbeiterverein;;;;;;;;;;;;x;;;;;;;;;;;;;;;;;;;;;;;;;;;;;;;;;;;;;;;;;;;;;;;,,,,,,,,,,,,,,,,,,,,,,
SWH_socialist_2;Sozialdem. Arbeiterpartei;;;;;;;;;;;;x;;;;;;;;;;;;;;;;;;;;;;;;;;;;;;;;;;;;;;;;;;;;;;;,,,,,,,,,,,,,,,,,,,,,,
SWH_socialist_3;Sozial. Arbeiterpartei;;;;;;;;;;;;x;;;;;;;;;;;;;;;;;;;;;;;;;;;;;;;;;;;;;;;;;;;;;;;,,,,,,,,,,,,,,,,,,,,,,
SWH_reactionary;Nationale Partei;;;;;;;;;;;;x;;;;;;;;;;;;;;;;;;;;;;;;;;;;;;;;;;;;;;;;;;;;;;;,,,,,,,,,,,,,,,,,,,,,,
SWH_conservative_2;Konservative Partei;;;;;;;;;;;;x;;;;;;;;;;;;;;;;;;;;;;;;;;;;;;;;;;;;;;;;;;;;;;;,,,,,,,,,,,,,,,,,,,,,,
SWH_conservative_3;Christsoz. Arbeiterpartei;;;;;;;;;;;;x;;;;;;;;;;;;;;;;;;;;;;;;;;;;;;;;;;;;;;;;;;;;;;;,,,,,,,,,,,,,,,,,,,,,,
SWH_anarcho_liberal;Radical Arbeiterpartei;;;;;;;;;;;;x;;;;;;;;;;;;;;;;;;;;;;;;;;;;;;;;;;;;;;;;;;;;;;;,,,,,,,,,,,,,,,,,,,,,,
SWH_communist;Communist Arbeiterpartei;;;;;;;;;;;;x;;;;;;;;;;;;;;;;;;;;;;;;;;;;;;;;;;;;;;;;;;;;;;;,,,,,,,,,,,,,,,,,,,,,,
SWH_fascist;NSDP;;;;;;;;;;;;x;;;;;;;;;;;;;;;;;;;;;;;;;;;;;;;;;;;;;;;;;;;;;;;,,,,,,,,,,,,,,,,,,,,,,
SWK;Sarawak;;;;;;;;;;;;;x;;;;;;;;;;;;;;;;;;;;;;;;;;;;;;;;;;;;;;;;;;;;;;,,,,,,,,,,,,,,,,,,,,,,
SWK_ADJ;Sarawakian;;;;;;;;;;;;;x;;;;;;;;;;;;;;;;;;;;;;;;;;;;;;;;;;;;;;;;;;;;;;,,,,,,,,,,,,,,,,,,,,,,
SWK_fascist_dictatorship;Borneo Republic;;;;;;;;;;;;;x;;;;;;;;;;;;;;;;;;;;;;;;;;;;;;;;;;;;;;;;;;;;;;,,,,,,,,,,,,,,,,,,,,,,
SWK_fascist_dictatorship_ADJ;Bornean;;;;;;;;;;;;;x;;;;;;;;;;;;;;;;;;;;;;;;;;;;;;;;;;;;;;;;;;;;;;,,,,,,,,,,,,,,,,,,,,,,
SWK_conservative;Rajah Faction;Faction royale;Kˆnigsfraktion;;FacciÛn real;;;;;;;;;x;;;;;;;;;;;;;;;;;;;;;;;;;;;;;;;;;;;;;;;;;;;;;;,,,,,,,,,,,,,,,,,,,,,,
SWK_liberal;The Liberal Faction;Faction libÈrale;Die liberale Fraktion;;La facciÛn liberal;;;;;;;;;x;;;;;;;;;;;;;;;;;;;;;;;;;;;;;;;;;;;;;;;;;;;;;;,,,,,,,,,,,,,,,,,,,,,,
SWK_reactionary;The Nationalist Faction;Faction nationaliste;Die nationalistische Fraktion;;La facciÛn nacionalista;;;;;;;;;x;;;;;;;;;;;;;;;;;;;;;;;;;;;;;;;;;;;;;;;;;;;;;;,,,,,,,,,,,,,,,,,,,,,,
SWK_anarcho_liberal;The Radical Faction;Faction radicale;Die radikale Fraktion;;La facciÛn radical;;;;;;;;;x;;;;;;;;;;;;;;;;;;;;;;;;;;;;;;;;;;;;;;;;;;;;;;,,,,,,,,,,,,,,,,,,,,,,
SWK_socialist;The Socialist Faction;Faction socialiste;Die sozialistische Fraktion;;La facciÛn socialista;;;;;;;;;x;;;;;;;;;;;;;;;;;;;;;;;;;;;;;;;;;;;;;;;;;;;;;;,,,,,,,,,,,,,,,,,,,,,,
SWK_communist;The Communist Faction;Faction communiste;Die kommunistische Fraktion;;La facciÛn comunista;;;;;;;;;x;;;;;;;;;;;;;;;;;;;;;;;;;;;;;;;;;;;;;;;;;;;;;;,,,,,,,,,,,,,,,,,,,,,,
SWK_fascist;The Borneo Faction;Faction fasciste;Die faschistische Fraktion;;La facciÛn fascista;;;;;;;;;x;;;;;;;;;;;;;;;;;;;;;;;;;;;;;;;;;;;;;;;;;;;;;;,,,,,,,,,,,,,,,,,,,,,,
SIE;Dasha;;;;;;;;;;;;;x;;;;;;;;;;;;;;;;;;;;;;;;;;;;;;;;;;;;;;;;;;;;;;,,,,,,,,,,,,,,,,,,,,,,
SIE_ADJ;Dashan;;;;;;;;;;;;;x;;;;;;;;;;;;;;;;;;;;;;;;;;;;;;;;;;;;;;;;;;;;;;,,,,,,,,,,,,,,,,,,,,,,
SXI;Shanxi;Clique de Shanxi;Shanxi-Clique;;;;;;;;;;;x;;;;;;;;;;;;;;;;;;;;;;;;;;;;;;;;;;;;;;;;;;;;;;,,,,,,,,,,,,,,,,,,,,,,
SXI_presidential_dictatorship;Shanxi Clique;Clique de Shanxi;Shanxi-Clique;;;;;;;;;;;x;;;;;;;;;;;;;;;;;;;;;;;;;;;;;;;;;;;;;;;;;;;;;;,,,,,,,,,,,,,,,,,,,,,,
SYR;Syria;;;;;;;;;;;;;x;;;;;;;;;;;;;;;;;;;;;;;;;;;;;;;;;;;;;;;;;;;;;;,,,,,,,,,,,,,,,,,,,,,,
SYR_ADJ;Syrian;;;;;;;;;;;;;x;;;;;;;;;;;;;;;;;;;;;;;;;;;;;;;;;;;;;;;;;;;;;;,,,,,,,,,,,,,,,,,,,,,,
SYR_liberal;Hizb al-Islah al-Suriy;;;;;;;;;;;;;x;;;;;;;;;;;;;;;;;;;;;;;;;;;;;;;;;;;;;;;;;;;;;;,,,,,,,,,,,,,,,,,,,,,,
SYR_conservative;Jamíiyat al-Arabiya al-Fatat;;;;;;;;;;;;;x;;;;;;;;;;;;;;;;;;;;;;;;;;;;;;;;;;;;;;;;;;;;;;,,,,,,,,,,,,,,,,,,,,,,
SYR_socialist;Haraka al-Ishtirakiyyun al-Arab;;;;;;;;;;;;;x;;;;;;;;;;;;;;;;;;;;;;;;;;;;;;;;;;;;;;;;;;;;;;,,,,,,,,,,,,,,,,,,,,,,
SYR_reactionary;Haraka al-Ahd al-Watani;;;;;;;;;;;;;x;;;;;;;;;;;;;;;;;;;;;;;;;;;;;;;;;;;;;;;;;;;;;;,,,,,,,,,,,,,,,,,,,,,,
SYR_anarcho_liberal;Hizb al-Wataniyyin al-Ahrar;;;;;;;;;;;;;x;;;;;;;;;;;;;;;;;;;;;;;;;;;;;;;;;;;;;;;;;;;;;;,,,,,,,,,,,,,,,,,,,,,,
SYR_communist;Al-hizb ash-Shuyu'i as-Suri;;;;;;;;;;;;;x;;;;;;;;;;;;;;;;;;;;;;;;;;;;;;;;;;;;;;;;;;;;;;,,,,,,,,,,,,,,,,,,,,,,
SYR_fascist;Al-Hizb Al-Suri Al-Qawmi Al-'Ijtima'i;;;;;;;;;;;;;x;;;;;;;;;;;;;;;;;;;;;;;;;;;;;;;;;;;;;;;;;;;;;;,,,,,,,,,,,,,,,,,,,,,,
SZC;Sichuan;;;;;;;;;;;;x;;;;;;;;;;;;;;;;;;;;;;;;;;;;;;;;;;;;;;;;;;;;;;;,,,,,,,,,,,,,,,,,,,,,,
SZC_ADJ;Sichuan;;;;;;;;;;;;x;;;;;;;;;;;;;;;;;;;;;;;;;;;;;;;;;;;;;;;;;;;;;;;,,,,,,,,,,,,,,,,,,,,,,
SZC_presidential_dictatorship;Sichuan Clique;;;;;;;;;;;;x;;;;;;;;;;;;;;;;;;;;;;;;;;;;;;;;;;;;;;;;;;;;;;;,,,,,,,,,,,,,,,,,,,,,,
SZC_reactionary;Beiyang Faction;Faction Rongting;Rongting-Fraktion;;;;;;;;;;;x;;;;;;;;;;;;;;;;;;;;;;;;;;;;;;;;;;;;;;;;;;;;;;,,,,,,,,,,,,,,,,,,,,,,
SZC_socialist;Socialist Party;Parti socialiste;Sozialistische Partei;;;;;;;;;;;x;;;;;;;;;;;;;;;;;;;;;;;;;;;;;;;;;;;;;;;;;;;;;;,,,,,,,,,,,,,,,,,,,,,,
SZC_communist;Chinese Communist Party;Parti communiste chinois;Kommunistische Partei China;;;;;;;;;;;x;;;;;;;;;;;;;;;;;;;;;;;;;;;;;;;;;;;;;;;;;;;;;;,,,,,,,,,,,,,,,,,,,,,,
SZC_liberal;Liberal Party;Parti libÈral;Liberale Partei;;;;;;;;;;;x;;;;;;;;;;;;;;;;;;;;;;;;;;;;;;;;;;;;;;;;;;;;;;,,,,,,,,,,,,,,,,,,,,,,
SZC_conservative;Kuomintang Faction;Faction Kuomintang;Guomintang-Fraktion;;;;;;;;;;;x;;;;;;;;;;;;;;;;;;;;;;;;;;;;;;;;;;;;;;;;;;;;;;,,,,,,,,,,,,,,,,,,,,,,
SZC_fascist;Fascist Party;Parti fasciste;Faschistische Partei;;;;;;;;;;;x;;;;;;;;;;;;;;;;;;;;;;;;;;;;;;;;;;;;;;;;;;;;;;,,,,,,,,,,,,,,,,,,,,,,
SZC_anarcho_liberal;Freedom Party;Parti de la libertÈ;Freiheitspartei;;;;;;;;;;;x;;;;;;;;;;;;;;;;;;;;;;;;;;;;;;;;;;;;;;;;;;;;;;,,,,,,,,,,,,,,,,,,,,,,
TAI;Taiwan;;;;;;;;;;;;x;;;;;;;;;;;;;;;;;;;;;;;;;;;;;;;;;;;;;;;;;;;;;;;,,,,,,,,,,,,,,,,,,,,,,
TAI_ADJ;Taiwanese;;;;;;;;;;;;x;;;;;;;;;;;;;;;;;;;;;;;;;;;;;;;;;;;;;;;;;;;;;;;,,,,,,,,,,,,,,,,,,,,,,
TAI_conservative;Conservative Party;;;;;;;;;;;;x;;;;;;;;;;;;;;;;;;;;;;;;;;;;;;;;;;;;;;;;;;;;;;;,,,,,,,,,,,,,,,,,,,,,,
TAI_liberal;Liberal Party;;;;;;;;;;;;x;;;;;;;;;;;;;;;;;;;;;;;;;;;;;;;;;;;;;;;;;;;;;;;,,,,,,,,,,,,,,,,,,,,,,
TAI_reactionary;Nationalist Party;;;;;;;;;;;;x;;;;;;;;;;;;;;;;;;;;;;;;;;;;;;;;;;;;;;;;;;;;;;;,,,,,,,,,,,,,,,,,,,,,,
TAI_anarcho_liberal;Radical Party;;;;;;;;;;;;x;;;;;;;;;;;;;;;;;;;;;;;;;;;;;;;;;;;;;;;;;;;;;;;,,,,,,,,,,,,,,,,,,,,,,
TAI_socialist;Socialist Party;;;;;;;;;;;;x;;;;;;;;;;;;;;;;;;;;;;;;;;;;;;;;;;;;;;;;;;;;;;;,,,,,,,,,,,,,,,,,,,,,,
TAI_communist;Communist Party;;;;;;;;;;;;x;;;;;;;;;;;;;;;;;;;;;;;;;;;;;;;;;;;;;;;;;;;;;;;,,,,,,,,,,,,,,,,,,,,,,
TAI_fascist;Fascist Party;;;;;;;;;;;;x;;;;;;;;;;;;;;;;;;;;;;;;;;;;;;;;;;;;;;;;;;;;;;;,,,,,,,,,,,,,,,,,,,,,,
TAJ;Tajikistan;;;;;;;;;;;;;x;;;;;;;;;;;;;;;;;;;;;;;;;;;;;;;;;;;;;;;;;;;;;;,,,,,,,,,,,,,,,,,,,,,,
TAJ_ADJ;Tajik;;;;;;;;;;;;;x;;;;;;;;;;;;;;;;;;;;;;;;;;;;;;;;;;;;;;;;;;;;;;,,,,,,,,,,,,,,,,,,,,,,
TAJ_conservative;Royal Faction;Faction royale;Kˆnigsfraktion;;;;;;;;;;;;x;;;;;;;;;;;;;;;;;;;;;;;;;;;;;;;;;;;;;;;;;;;;;,,,,,,,,,,,,,,,,,,,,,,
TAJ_liberal;The Liberal Faction;Faction libÈrale;Die liberale Fraktion;;;;;;;;;;;;x;;;;;;;;;;;;;;;;;;;;;;;;;;;;;;;;;;;;;;;;;;;;;,,,,,,,,,,,,,,,,,,,,,,
TAJ_reactionary;The Nationalist Faction;Faction nationaliste;Die nationalistische Fraktion;;;;;;;;;;;;x;;;;;;;;;;;;;;;;;;;;;;;;;;;;;;;;;;;;;;;;;;;;;,,,,,,,,,,,,,,,,,,,,,,
TAJ_anarcho_liberal;The Radical Faction;Faction radicale;Die radikale Fraktion;;;;;;;;;;;;x;;;;;;;;;;;;;;;;;;;;;;;;;;;;;;;;;;;;;;;;;;;;;,,,,,,,,,,,,,,,,,,,,,,
TAJ_socialist;The Socialist Faction;Faction socialiste;Die sozialistische Fraktion;;;;;;;;;;;;x;;;;;;;;;;;;;;;;;;;;;;;;;;;;;;;;;;;;;;;;;;;;;,,,,,,,,,,,,,,,,,,,,,,
TAJ_communist;The Communist Faction;Faction communiste;Die kommunistische Fraktion;;;;;;;;;;;;x;;;;;;;;;;;;;;;;;;;;;;;;;;;;;;;;;;;;;;;;;;;;;,,,,,,,,,,,,,,,,,,,,,,
TAJ_fascist;The Fascist Faction;Faction fasciste;Die faschistische Fraktion;;;;;;;;;;;;x;;;;;;;;;;;;;;;;;;;;;;;;;;;;;;;;;;;;;;;;;;;;;,,,,,,,,,,,,,,,,,,,,,,
TAR;Tatarstan;;;;;;;;;;;;;x;;;;;;;;;;;;;;;;;;;;;;;;;;;;;;;;;;;;;;;;;;;;;;,,,,,,,,,,,,,,,,,,,,,,
TAR_ADJ;Tatar;;;;;;;;;;;;;x;;;;;;;;;;;;;;;;;;;;;;;;;;;;;;;;;;;;;;;;;;;;;;,,,,,,,,,,,,,,,,,,,,,,
TAR_conservative;The Conservatives;Faction royale;Kˆnigsfraktion;;;;;;;;;;;x;;;;;;;;;;;;;;;;;;;;;;;;;;;;;;;;;;;;;;;;;;;;;;,,,,,,,,,,,,,,,,,,,,,,
TAR_liberal;The Liberals;Faction libÈrale;Die liberale Fraktion;;;;;;;;;;;x;;;;;;;;;;;;;;;;;;;;;;;;;;;;;;;;;;;;;;;;;;;;;;,,,,,,,,,,,,,,,,,,,,,,
TAR_reactionary;The Khanate Faction;Faction nationaliste;Die nationalistische Fraktion;;;;;;;;;;;x;;;;;;;;;;;;;;;;;;;;;;;;;;;;;;;;;;;;;;;;;;;;;;,,,,,,,,,,,,,,,,,,,,,,
TAR_anarcho_liberal;The Libertains;Faction radicale;Die radikale Fraktion;;;;;;;;;;;x;;;;;;;;;;;;;;;;;;;;;;;;;;;;;;;;;;;;;;;;;;;;;;,,,,,,,,,,,,,,,,,,,,,,
TAR_socialist;The Socialists;Faction socialiste;Die sozialistische Fraktion;;;;;;;;;;;x;;;;;;;;;;;;;;;;;;;;;;;;;;;;;;;;;;;;;;;;;;;;;;,,,,,,,,,,,,,,,,,,,,,,
TAR_communist;The Communists;Faction communiste;Die kommunistische Fraktion;;;;;;;;;;;x;;;;;;;;;;;;;;;;;;;;;;;;;;;;;;;;;;;;;;;;;;;;;;,,,,,,,,,,,,,,,,,,,,,,
TAR_fascist;The Nationalists;Faction fasciste;Die faschistische Fraktion;;;;;;;;;;;x;;;;;;;;;;;;;;;;;;;;;;;;;;;;;;;;;;;;;;;;;;;;;;,,,,,,,,,,,,,,,,,,,,,,
TAS;Tasmania;Tasmania;Tasmania;;;;;;;;;;;x;;;;;;;;;;;;;;;;;;;;;;;;;;;;;;;;;;;;;;;;;;;;;;,,,,,,,,,,,,,,,,,,,,,,
TAS_ADJ;Tasmanian;Tasmanian;Tasmanian;;;;;;;;;;;x;;;;;;;;;;;;;;;;;;;;;;;;;;;;;;;;;;;;;;;;;;;;;;,,,,,,,,,,,,,,,,,,,,,,
TAS_absolute_monarchy;Van Diemen's Land;Van Diemen's Land;Van Diemen's Land;;;;;;;;;;;x;;;;;;;;;;;;;;;;;;;;;;;;;;;;;;;;;;;;;;;;;;;;;;,,,,,,,,,,,,,,,,,,,,,,
TAS_absolute_monarchy_ADJ;Van Diemonian;Van Diemonian;Van Diemonian;;;;;;;;;;;x;;;;;;;;;;;;;;;;;;;;;;;;;;;;;;;;;;;;;;;;;;;;;;,,,,,,,,,,,,,,,,,,,,,,
TAS_conservative;Conservative Faction;Conservative Faction;Conservative Faction;;;;;;;;;;;x;;;;;;;;;;;;;;;;;;;;;;;;;;;;;;;;;;;;;;;;;;;;;;,,,,,,,,,,,,,,,,,,,,,,
TAS_conservative_1;Anti-Socialist Party;Anti-Socialist Party;Anti-Socialist Party;;;;;;;;;;;x;;;;;;;;;;;;;;;;;;;;;;;;;;;;;;;;;;;;;;;;;;;;;;,,,,,,,,,,,,,,,,,,,,,,
TAS_conservative_2;Nationalist Party;Nationalist Party;Nationalist Party;;;;;;;;;;;x;;;;;;;;;;;;;;;;;;;;;;;;;;;;;;;;;;;;;;;;;;;;;;,,,,,,,,,,,,,,,,,,,,,,
TAS_liberal;Liberal Faction;Liberal Faction;Liberal Faction;;;;;;;;;;;x;;;;;;;;;;;;;;;;;;;;;;;;;;;;;;;;;;;;;;;;;;;;;;,,,,,,,,,,,,,,,,,,,,,,
TAS_liberal_1;Liberal Party;Liberal Party;Liberal Party;;;;;;;;;;;x;;;;;;;;;;;;;;;;;;;;;;;;;;;;;;;;;;;;;;;;;;;;;;,,,,,,,,,,,,,,,,,,,,,,
TAS_socialist;Labour Faction;Labour Faction;Labour Faction;;;;;;;;;;;x;;;;;;;;;;;;;;;;;;;;;;;;;;;;;;;;;;;;;;;;;;;;;;,,,,,,,,,,,,,,,,,,,,,,
TAS_socialist_1;Labor Party;Labor Party;Labor Party;;;;;;;;;;;x;;;;;;;;;;;;;;;;;;;;;;;;;;;;;;;;;;;;;;;;;;;;;;,,,,,,,,,,,,,,,,,,,,,,
TAS_communist;Communist Party;Communist Party;Communist Party;;;;;;;;;;;x;;;;;;;;;;;;;;;;;;;;;;;;;;;;;;;;;;;;;;;;;;;;;;,,,,,,,,,,,,,,,,,,,,,,
TAS_reactionary;Radical Nationalists;Radical Nationalists;Radical Nationalists;;;;;;;;;;;x;;;;;;;;;;;;;;;;;;;;;;;;;;;;;;;;;;;;;;;;;;;;;;,,,,,,,,,,,,,,,,,,,,,,
TAS_reactionary_2;Country Party;Country Party;Country Party;;;;;;;;;;;x;;;;;;;;;;;;;;;;;;;;;;;;;;;;;;;;;;;;;;;;;;;;;;,,,,,,,,,,,,,,,,,,,,,,
TAS_anarcho_liberal;Radical Liberals;Radical Liberals;Radical Liberals;;;;;;;;;;;x;;;;;;;;;;;;;;;;;;;;;;;;;;;;;;;;;;;;;;;;;;;;;;,,,,,,,,,,,,,,,,,,,,,,
TAS_fascist;Fascist Party;Fascist Party;Fascist Party;;;;;;;;;;;x;;;;;;;;;;;;;;;;;;;;;;;;;;;;;;;;;;;;;;;;;;;;;;,,,,,,,,,,,,,,,,,,,,,,
TCA;Transcaucasia;;;;;;;;;;;;x;;;;;;;;;;;;;;;;;;;;;;;;;;;;;;;;;;;;;;;;;;;;;;;,,,,,,,,,,,,,,,,,,,,,,
TCA_ADJ;Transcaucasian;;;;;;;;;;;;x;;;;;;;;;;;;;;;;;;;;;;;;;;;;;;;;;;;;;;;;;;;;;;;,,,,,,,,,,,,,,,,,,,,,,
TKG;Shogunate Japan;;;;;;;;;;;x;;;;;;;;;;;;;;;;;;;;;;;;;;;;;;;;;;;;;;;;;;;;;;;;,,,,,,,,,,,,,,,,,,,,,,
TKG_ADJ;Tokugawa;;;;;;;;;;;x;;;;;;;;;;;;;;;;;;;;;;;;;;;;;;;;;;;;;;;;;;;;;;;;,,,,,,,,,,,,,,,,,,,,,,
TKG_fascist;Kokuryukai;;;;;;;;;;;;;x;;;;;;;;;;;;;;;;;;;;;;;;;;;;;;;;;;;;;;;;;;;;;;,,,,,,,,,,,,,,,,,,,,,,
TKM;Turkmenistan;;;;;;;;;;;;;x;;;;;;;;;;;;;;;;;;;;;;;;;;;;;;;;;;;;;;;;;;;;;;,,,,,,,,,,,,,,,,,,,,,,
TKM_ADJ;Turkmenian;;;;;;;;;;;;;x;;;;;;;;;;;;;;;;;;;;;;;;;;;;;;;;;;;;;;;;;;;;;;,,,,,,,,,,,,,,,,,,,,,,
TKM_conservative;Royal Faction;Faction royale;Kˆnigsfraktion;;;;;;;;;;;;x;;;;;;;;;;;;;;;;;;;;;;;;;;;;;;;;;;;;;;;;;;;;;,,,,,,,,,,,,,,,,,,,,,,
TKM_liberal;The Liberal Faction;Faction libÈrale;Die liberale Fraktion;;;;;;;;;;;;x;;;;;;;;;;;;;;;;;;;;;;;;;;;;;;;;;;;;;;;;;;;;;,,,,,,,,,,,,,,,,,,,,,,
TKM_reactionary;The Nationalist Faction;Faction nationaliste;Die nationalistische Fraktion;;;;;;;;;;;;x;;;;;;;;;;;;;;;;;;;;;;;;;;;;;;;;;;;;;;;;;;;;;,,,,,,,,,,,,,,,,,,,,,,
TKM_anarcho_liberal;The Radical Faction;Faction radicale;Die radikale Fraktion;;;;;;;;;;;;x;;;;;;;;;;;;;;;;;;;;;;;;;;;;;;;;;;;;;;;;;;;;;,,,,,,,,,,,,,,,,,,,,,,
TKM_socialist;The Socialist Faction;Faction socialiste;Die sozialistische Fraktion;;;;;;;;;;;;x;;;;;;;;;;;;;;;;;;;;;;;;;;;;;;;;;;;;;;;;;;;;;,,,,,,,,,,,,,,,,,,,,,,
TKM_communist;The Communist Faction;Faction communiste;Die kommunistische Fraktion;;;;;;;;;;;;x;;;;;;;;;;;;;;;;;;;;;;;;;;;;;;;;;;;;;;;;;;;;;,,,,,,,,,,,,,,,,,,,,,,
TKM_fascist;The Fascist Faction;Faction fasciste;Die faschistische Fraktion;;;;;;;;;;;;x;;;;;;;;;;;;;;;;;;;;;;;;;;;;;;;;;;;;;;;;;;;;;,,,,,,,,,,,,,,,,,,,,,,
TKS;Turkestan;;;;;;;;;;;;;x;;;;;;;;;;;;;;;;;;;;;;;;;;;;;;;;;;;;;;;;;;;;;;,,,,,,,,,,,,,,,,,,,,,,
TKS_ADJ;Turkic;;;;;;;;;;;;;x;;;;;;;;;;;;;;;;;;;;;;;;;;;;;;;;;;;;;;;;;;;;;;,,,,,,,,,,,,,,,,,,,,,,
TKS_conservative;Royal Faction;Faction royale;Kˆnigsfraktion;;;;;;;;;;;;x;;;;;;;;;;;;;;;;;;;;;;;;;;;;;;;;;;;;;;;;;;;;;,,,,,,,,,,,,,,,,,,,,,,
TKS_liberal;The Liberal Faction;Faction libÈrale;Die liberale Fraktion;;;;;;;;;;;;x;;;;;;;;;;;;;;;;;;;;;;;;;;;;;;;;;;;;;;;;;;;;;,,,,,,,,,,,,,,,,,,,,,,
TKS_reactionary;The Nationalist Faction;Faction nationaliste;Die nationalistische Fraktion;;;;;;;;;;;;x;;;;;;;;;;;;;;;;;;;;;;;;;;;;;;;;;;;;;;;;;;;;;,,,,,,,,,,,,,,,,,,,,,,
TKS_anarcho_liberal;The Radical Faction;Faction radicale;Die radikale Fraktion;;;;;;;;;;;;x;;;;;;;;;;;;;;;;;;;;;;;;;;;;;;;;;;;;;;;;;;;;;,,,,,,,,,,,,,,,,,,,,,,
TKS_socialist;The Socialist Faction;Faction socialiste;Die sozialistische Fraktion;;;;;;;;;;;;x;;;;;;;;;;;;;;;;;;;;;;;;;;;;;;;;;;;;;;;;;;;;;,,,,,,,,,,,,,,,,,,,,,,
TKS_communist;The Communist Faction;Faction communiste;Die kommunistische Fraktion;;;;;;;;;;;;x;;;;;;;;;;;;;;;;;;;;;;;;;;;;;;;;;;;;;;;;;;;;;,,,,,,,,,,,,,,,,,,,,,,
TKS_fascist;The Fascist Faction;Faction fasciste;Die faschistische Fraktion;;;;;;;;;;;;x;;;;;;;;;;;;;;;;;;;;;;;;;;;;;;;;;;;;;;;;;;;;;,,,,,,,,,,,,,,,,,,,,,,
TGA;Tonga;;;;;;;;;;;;;x;;;;;;;;;;;;;;;;;;;;;;;;;;;;;;;;;;;;;;;;;;;;;;,,,,,,,,,,,,,,,,,,,,,,
TGA_ADJ;Tongan;;;;;;;;;;;;;x;;;;;;;;;;;;;;;;;;;;;;;;;;;;;;;;;;;;;;;;;;;;;;,,,,,,,,,,,,,,,,,,,,,,
TNZ;Tanganyika;;;;;;;;;;;;x;;;;;;;;;;;;;;;;;;;;;;;;;;;;;;;;;;;;;;;;;;;;;;;,,,,,,,,,,,,,,,,,,,,,,
TNZ_ADJ;Tanganyikan;;;;;;;;;;;;x;;;;;;;;;;;;;;;;;;;;;;;;;;;;;;;;;;;;;;;;;;;;;;;,,,,,,,,,,,,,,,,,,,,,,
TNZ_liberal;Civic United Front;;;;;;;;;;;;x;;;;;;;;;;;;;;;;;;;;;;;;;;;;;;;;;;;;;;;;;;;;;;;,,,,,,,,,,,,,,,,,,,,,,
TNZ_conservative;Party for Democracy and Progress;;;;;;;;;;;;x;;;;;;;;;;;;;;;;;;;;;;;;;;;;;;;;;;;;;;;;;;;;;;;,,,,,,,,,,,,,,,,,,,,,,
TNZ_socialist;NCCRñMageuzi;;;;;;;;;;;;x;;;;;;;;;;;;;;;;;;;;;;;;;;;;;;;;;;;;;;;;;;;;;;;,,,,,,,,,,,,,,,,,,,,,,
TNZ_reactionary;Justice and Development Party;;;;;;;;;;;;x;;;;;;;;;;;;;;;;;;;;;;;;;;;;;;;;;;;;;;;;;;;;;;;,,,,,,,,,,,,,,,,,,,,,,
TNZ_anarcho_liberal;United Democratic Party;;;;;;;;;;;;x;;;;;;;;;;;;;;;;;;;;;;;;;;;;;;;;;;;;;;;;;;;;;;;,,,,,,,,,,,,,,,,,,,,,,
TNZ_communist;Party of the Revolution;;;;;;;;;;;;x;;;;;;;;;;;;;;;;;;;;;;;;;;;;;;;;;;;;;;;;;;;;;;;,,,,,,,,,,,,,,,,,,,,,,
TNZ_fascist;National Reconstruction Alliance;;;;;;;;;;;;x;;;;;;;;;;;;;;;;;;;;;;;;;;;;;;;;;;;;;;;;;;;;;;;,,,,,,,,,,,,,,,,,,,,,,
TNT;Tannu Tuva;;;;;;;;;;;;;x;;;;;;;;;;;;;;;;;;;;;;;;;;;;;;;;;;;;;;;;;;;;;;,,,,,,,,,,,,,,,,,,,,,,
TNT_ADJ;Tuvan;;;;;;;;;;;;;x;;;;;;;;;;;;;;;;;;;;;;;;;;;;;;;;;;;;;;;;;;;;;;,,,,,,,,,,,,,,,,,,,,,,
TNT_reactionary;Lama Faction;Faction Lama;Lama-Fraktion;;;;;;;;;;;x;;;;;;;;;;;;;;;;;;;;;;;;;;;;;;;;;;;;;;;;;;;;;;,,,,,,,,,,,,,,,,,,,,,,
TNT_socialist;Socialist Party;Parti socialiste;Sozialistische Partei;;;;;;;;;;;x;;;;;;;;;;;;;;;;;;;;;;;;;;;;;;;;;;;;;;;;;;;;;;,,,,,,,,,,,,,,,,,,,,,,
TNT_communist;Communist Party;Parti communiste ;Kommunistische Partei;;;;;;;;;;;x;;;;;;;;;;;;;;;;;;;;;;;;;;;;;;;;;;;;;;;;;;;;;;,,,,,,,,,,,,,,,,,,,,,,
TNT_liberal;Liberal Party;Parti libÈral;Liberale Partei;;;;;;;;;;;x;;;;;;;;;;;;;;;;;;;;;;;;;;;;;;;;;;;;;;;;;;;;;;,,,,,,,,,,,,,,,,,,,,,,
TNT_anarcho_liberal;Freedom Party;Parti de la libertÈ;Freiheitspartei;;;;;;;;;;;x;;;;;;;;;;;;;;;;;;;;;;;;;;;;;;;;;;;;;;;;;;;;;;,,,,,,,,,,,,,,,,,,,,,,
TNT_conservative;Conservative Party;Parti conservateur;Konservative Partei;;;;;;;;;;;x;;;;;;;;;;;;;;;;;;;;;;;;;;;;;;;;;;;;;;;;;;;;;;,,,,,,,,,,,,,,,,,,,,,,
TNT_fascist;Unity Party;Parti unitaire;Einheitspartei;;;;;;;;;;;x;;;;;;;;;;;;;;;;;;;;;;;;;;;;;;;;;;;;;;;;;;;;;;,,,,,,,,,,,,,,,,,,,,,,
TOG;Togo;;;;;;;;;;;;x;;;;;;;;;;;;;;;;;;;;;;;;;;;;;;;;;;;;;;;;;;;;;;;,,,,,,,,,,,,,,,,,,,,,,
TOG_ADJ;Togolese;;;;;;;;;;;;x;;;;;;;;;;;;;;;;;;;;;;;;;;;;;;;;;;;;;;;;;;;;;;;,,,,,,,,,,,,,,,,,,,,,,
TOG_liberal;UCPN;;;;;;;;;;;x;;;;;;;;;;;;;;;;;;;;;;;;;;;;;;;;;;;;;;;;;;;;;;;;,,,,,,,,,,,,,,,,,,,,,,
TOG_conservative;Party of Progress;;;;;;;;;;;x;;;;;;;;;;;;;;;;;;;;;;;;;;;;;;;;;;;;;;;;;;;;;;;;,,,,,,,,,,,,,,,,,,,,,,
TOG_reactionary;Rally of the Togolese People;;;;;;;;;;;x;;;;;;;;;;;;;;;;;;;;;;;;;;;;;;;;;;;;;;;;;;;;;;;;,,,,,,,,,,,,,,,,,,,,,,
TOG_socialist;Party of Togolese Unity;;;;;;;;;;;x;;;;;;;;;;;;;;;;;;;;;;;;;;;;;;;;;;;;;;;;;;;;;;;;,,,,,,,,,,,,,,,,,,,,,,
TOG_anarcho_liberal;Rally of Young Togolese;;;;;;;;;;;x;;;;;;;;;;;;;;;;;;;;;;;;;;;;;;;;;;;;;;;;;;;;;;;;,,,,,,,,,,,,,,,,,,,,,,
TOG_communist;Juvento;;;;;;;;;;;x;;;;;;;;;;;;;;;;;;;;;;;;;;;;;;;;;;;;;;;;;;;;;;;;,,,,,,,,,,,,,,,,,,,,,,
TOG_fascist;Togolese People's Movement;;;;;;;;;;;x;;;;;;;;;;;;;;;;;;;;;;;;;;;;;;;;;;;;;;;;;;;;;;;;,,,,,,,,,,,,,,,,,,,,,,
TOS;Shikoku;;;;;;;;;;;;;x;;;;;;;;;;;;;;;;;;;;;;;;;;;;;;;;;;;;;;;;;;;;;;,,,,,,,,,,,,,,,,,,,,,,
TOS_ADJ;Shikokuan;;;;;;;;;;;;;x;;;;;;;;;;;;;;;;;;;;;;;;;;;;;;;;;;;;;;;;;;;;;;,,,,,,,,,,,,,,,,,,,,,,
TOS_absolute_monarchy;Tosa;;;;;;;;;;;;;x;;;;;;;;;;;;;;;;;;;;;;;;;;;;;;;;;;;;;;;;;;;;;;,,,,,,,,,,,,,,,,,,,,,,
TOS_prussian_constitutionalism;Tosa;;;;;;;;;;;;;x;;;;;;;;;;;;;;;;;;;;;;;;;;;;;;;;;;;;;;;;;;;;;;,,,,,,,,,,,,,,,,,,,,,,
TOS_hms_government;Tosa;;;;;;;;;;;;;x;;;;;;;;;;;;;;;;;;;;;;;;;;;;;;;;;;;;;;;;;;;;;;,,,,,,,,,,,,,,,,,,,,,,
TOS_absolute_monarchy_ADJ;Yamauchi;;;;;;;;;;;;;x;;;;;;;;;;;;;;;;;;;;;;;;;;;;;;;;;;;;;;;;;;;;;;,,,,,,,,,,,,,,,,,,,,,,
TOS_prussian_constitutionalism_ADJ;Yamauchi;;;;;;;;;;;;;x;;;;;;;;;;;;;;;;;;;;;;;;;;;;;;;;;;;;;;;;;;;;;;,,,,,,,,,,,,,,,,,,,,,,
TOS_hms_government_ADJ;Yamauchi;;;;;;;;;;;;;x;;;;;;;;;;;;;;;;;;;;;;;;;;;;;;;;;;;;;;;;;;;;;;,,,,,,,,,,,,,,,,,,,,,,
TOU;Tukulor Empire;;;;;;;;;;;;x;;;;;;;;;;;;;;;;;;;;;;;;;;;;;;;;;;;;;;;;;;;;;;;,,,,,,,,,,,,,,,,,,,,,,
TOU_ADJ;Tukulor;;;;;;;;;;;;x;;;;;;;;;;;;;;;;;;;;;;;;;;;;;;;;;;;;;;;;;;;;;;;,,,,,,,,,,,,,,,,,,,,,,
TOU_democracy;Tukulor Republic;;;;;;;;;;;;x;;;;;;;;;;;;;;;;;;;;;;;;;;;;;;;;;;;;;;;;;;;;;;;,,,,,,,,,,,,,,,,,,,,,,
TOU_proletarian_dictatorship;Sahelian People's Republic;;;;;;;;;;;;x;;;;;;;;;;;;;;;;;;;;;;;;;;;;;;;;;;;;;;;;;;;;;;;,,,,,,,,,,,,,,,,,,,,,,
TOU_fascist_dictatorship;Sahelian Republic;;;;;;;;;;;;x;;;;;;;;;;;;;;;;;;;;;;;;;;;;;;;;;;;;;;;;;;;;;;;,,,,,,,,,,,,,,,,,,,,,,
TOU_bourgeois_dictatorship;Tukulor Republic;;;;;;;;;;;;x;;;;;;;;;;;;;;;;;;;;;;;;;;;;;;;;;;;;;;;;;;;;;;;,,,,,,,,,,,,,,,,,,,,,,
TOU_presidential_dictatorship;Tukulor Republic;;;;;;;;;;;;x;;;;;;;;;;;;;;;;;;;;;;;;;;;;;;;;;;;;;;;;;;;;;;;,,,,,,,,,,,,,,,,,,,,,,
TOU_proletarian_dictatorship_ADJ;Sahelian;;;;;;;;;;;;x;;;;;;;;;;;;;;;;;;;;;;;;;;;;;;;;;;;;;;;;;;;;;;;,,,,,,,,,,,,,,,,,,,,,,
TOU_fascist_dictatorship_ADJ;Sahelian;;;;;;;;;;;;x;;;;;;;;;;;;;;;;;;;;;;;;;;;;;;;;;;;;;;;;;;;;;;;,,,,,,,,,,,,,,,,,,,,,,
TPG;Heavenly Kingdom;;;;;;;;;;;;x;;;;;;;;;;;;;;;;;;;;;;;;;;;;;;;;;;;;;;;;;;;;;;;,,,,,,,,,,,,,,,,,,,,,,
TPG_democracy;Taiping Republic;;;;;;;;;;;;;x;;;;;;;;;;;;;;;;;;;;;;;;;;;;;;;;;;;;;;;;;;;;;;,,,,,,,,,,,,,,,,,,,,,,
TPG_bourgeois_dictatorship;Taiping Republic;;;;;;;;;;;;;x;;;;;;;;;;;;;;;;;;;;;;;;;;;;;;;;;;;;;;;;;;;;;;,,,,,,,,,,,,,,,,,,,,,,
TPG_proletarian_dictatorship;Communist Taiping;;;;;;;;;;;;;x;;;;;;;;;;;;;;;;;;;;;;;;;;;;;;;;;;;;;;;;;;;;;;,,,,,,,,,,,,,,,,,,,,,,
TPG_fascist_dictatorship;Taiping;;;;;;;;;;;;;x;;;;;;;;;;;;;;;;;;;;;;;;;;;;;;;;;;;;;;;;;;;;;;,,,,,,,,,,,,,,,,,,,,,,
TPG_presidential_dictatorship;Taiping Clique;;;;;;;;;;;;;x;;;;;;;;;;;;;;;;;;;;;;;;;;;;;;;;;;;;;;;;;;;;;;,,,,,,,,,,,,,,,,,,,,,,
TPG_ADJ;Taiping;;;;;;;;;;;;x;;;;;;;;;;;;;;;;;;;;;;;;;;;;;;;;;;;;;;;;;;;;;;;,,,,,,,,,,,,,,,,,,,,,,
TPG_conservative;West King;;;;;;;;;;;;x;;;;;;;;;;;;;;;;;;;;;;;;;;;;;;;;;;;;;;;;;;;;;;;,,,,,,,,,,,,,,,,,,,,,,
TPG_liberal;Yi King;;;;;;;;;;;;x;;;;;;;;;;;;;;;;;;;;;;;;;;;;;;;;;;;;;;;;;;;;;;;,,,,,,,,,,,,,,,,,,,,,,
TPG_reactionary;East King;;;;;;;;;;;;x;;;;;;;;;;;;;;;;;;;;;;;;;;;;;;;;;;;;;;;;;;;;;;;,,,,,,,,,,,,,,,,,,,,,,
TPG_socialist;North King;;;;;;;;;;;;x;;;;;;;;;;;;;;;;;;;;;;;;;;;;;;;;;;;;;;;;;;;;;;;,,,,,,,,,,,,,,,,,,,,,,
TPG_anarcho_liberal;The Radical Faction;;;;;;;;;;;;x;;;;;;;;;;;;;;;;;;;;;;;;;;;;;;;;;;;;;;;;;;;;;;;,,,,,,,,,,,,,,,,,,,,,,
TPG_communist;The Communist Faction;;;;;;;;;;;;x;;;;;;;;;;;;;;;;;;;;;;;;;;;;;;;;;;;;;;;;;;;;;;;,,,,,,,,,,,,,,,,,,,,,,
TPG_fascist;The Fascist Faction;;;;;;;;;;;;x;;;;;;;;;;;;;;;;;;;;;;;;;;;;;;;;;;;;;;;;;;;;;;;,,,,,,,,,,,,,,,,,,,,,,
TRE_reactionary;Monarchici;Monarchici;Monarchici;;Monarchici;;;;;;;;;x;;;;;;;;;;;;;;;;;;;;;;;;;;;;;;;;;;;;;;;;;;;;;;,,,,,,,,,,,,,,,,,,,,,,
TRE_liberal;Intransigenti;Intransigenti;Intransige nti;;Intransigenti;;;;;;;;;x;;;;;;;;;;;;;;;;;;;;;;;;;;;;;;;;;;;;;;;;;;;;;;,,,,,,,,,,,,,,,,,,,,,,
TRE_conservative;Transigenti;Transigenti;Transigen ti;;Transigenti;;;;;;;;;x;;;;;;;;;;;;;;;;;;;;;;;;;;;;;;;;;;;;;;;;;;;;;;,,,,,,,,,,,,,,,,,,,,,,
TRE_socialist;Socialisti;Socialisti;Socialisti;;So cialisti;;;;;;;;;x;;;;;;;;;;;;;;;;;;;;;;;;;;;;;;;;;;;;;;;;;;;;;;,,,,,,,,,,,,,,,,,,,,,,
TRE_communist;Rivoluzionari;Rivoluzionari;Rivoluzionari;;Rivoluzio nari;;;;;;;;;x;;;;;;;;;;;;;;;;;;;;;;;;;;;;;;;;;;;;;;;;;;;;;;,,,,,,,,,,,,,,,,,,,,,,
TRE_reactionary_2;Cattolici;Cattolici;Cattolici;;C attolici;;;;;;;;;x;;;;;;;;;;;;;;;;;;;;;;;;;;;;;;;;;;;;;;;;;;;;;;,,,,,,,,,,,,,,,,,,,,,,
TRE_anarcho_liberal;Radicali;Radicali;Radicali;;Radicali;;;;;;;;;x;;;;;;;;;;;;;;;;;;;;;;;;;;;;;;;;;;;;;;;;;;;;;;,,,,,,,,,,,,,,,,,,,,,,
TRE_fascist;Fascisti;Fascisti;Fascisti;;Fascisti;;;;;;;;;x;;;;;;;;;;;;;;;;;;;;;;;;;;;;;;;;;;;;;;;;;;;;;;,,,,,,,,,,,,,,,,,,,,,,
TRK;Truk;Truk;Truk;;;;;;;;;;;;x;;;;;;;;;;;;;;;;;;;;;;;;;;;;;;;;;;;;;;;;;;;;;,,,,,,,,,,,,,,,,,,,,,,
TRK_ADJ;Trukese;Trukese;Trukese;;;;;;;;;;;;x;;;;;;;;;;;;;;;;;;;;;;;;;;;;;;;;;;;;;;;;;;;;;,,,,,,,,,,,,,,,,,,,,,,
TRS;Tarasco;;;;;;;;;;;;;x;;;;;;;;;;;;;;;;;;;;;;;;;;;;;;;;;;;;;;;;;;;;;;,,,,,,,,,,,,,,,,,,,,,,
TRS_ADJ;Tarascan;;;;;;;;;;;;;x;;;;;;;;;;;;;;;;;;;;;;;;;;;;;;;;;;;;;;;;;;;;;;,,,,,,,,,,,,,,,,,,,,,,
TTB;Trinidad & Tobago;TrinitÈ & Tobago;Trinidad & Tobago;;Trinidad & Tobago;;;;;;;;;x;;;;;;;;;;;;;;;;;;;;;;;;;;;;;;;;;;;;;;;;;;;;;;,,,,,,,,,,,,,,,,,,,,,,
TTB_ADJ;Trinidadian;Trinidadien;Trinidadisch;;Trinidadian;;;;;;;;;x;;;;;;;;;;;;;;;;;;;;;;;;;;;;;;;;;;;;;;;;;;;;;;,,,,,,,,,,,,,,,,,,,,,,
TTB_conservative;Conservative Party;Conservative Party;Conservative Party;;;;;;;;;;;x;;;;;;;;;;;;;;;;;;;;;;;;;;;;;;;;;;;;;;;;;;;;;;,,,,,,,,,,,,,,,,,,,,,,
TTB_liberal;Citizens' Alliance;Citizens' Alliance;Citizens' Alliance;;;;;;;;;;;x;;;;;;;;;;;;;;;;;;;;;;;;;;;;;;;;;;;;;;;;;;;;;;,,,,,,,,,,,,,,,,,,,,,,
TTB_reactionary;National Party;National Party;National Party;;;;;;;;;;;x;;;;;;;;;;;;;;;;;;;;;;;;;;;;;;;;;;;;;;;;;;;;;;,,,,,,,,,,,,,,,,,,,,,,
TTB_socialist;People's Partnership;People's Partnership;People's Partnership;;;;;;;;;;;x;;;;;;;;;;;;;;;;;;;;;;;;;;;;;;;;;;;;;;;;;;;;;;,,,,,,,,,,,,,,,,,,,,,,
TTB_communist;Worker's Party;Worker's Party;Worker's Party;;;;;;;;;;;x;;;;;;;;;;;;;;;;;;;;;;;;;;;;;;;;;;;;;;;;;;;;;;,,,,,,,,,,,,,,,,,,,,,,
TTB_anarcho_liberal;Butler Party;Butler Party;Butler Party;;;;;;;;;;;x;;;;;;;;;;;;;;;;;;;;;;;;;;;;;;;;;;;;;;;;;;;;;;,,,,,,,,,,,,,,,,,,,,,,
TTB_fascist;Fascist Party;Fascist Party;Fascist Party;;;;;;;;;;;x;;;;;;;;;;;;;;;;;;;;;;;;;;;;;;;;;;;;;;;;;;;;;;,,,,,,,,,,,,,,,,,,,,,,
BYZ;Rhomanian Empire;;;;;;;;;;;;;;;;;;;;x;;;;;;;;;;;;;;;;;;;;;;;;;;;;;;;;;;;;;;;,,,,,,,,,,,,,,,,,,,,,,
BYZ_ADJ;Rhomanian;;;;;;;;;;;;;;;;x;;;;;;;;;;;;;;;;;;;;;;;;;;;;;;;;;;;;;;;;;;;,,,,,,,,,,,,,,,,,,,,,,
BYZ_democracy;The Rhomanian Federation;;;;;;;;;;;;;x;;;;;;;;;;;;;;;;;;;;;;;;;;;;;;;;;;;;;;;;;;;;;;,,,,,,,,,,,,,,,,,,,,,,
BYZ_presidential_dictatorship;The Rhomanian Federation;;;;;;;;;;;;;x;;;;;;;;;;;;;;;;;;;;;;;;;;;;;;;;;;;;;;;;;;;;;;,,,,,,,,,,,,,,,,,,,,,,
BYZ_bourgeois_dictatorship;The Rhomanian Federation;;;;;;;;;;;;;x;;;;;;;;;;;;;;;;;;;;;;;;;;;;;;;;;;;;;;;;;;;;;;,,,,,,,,,,,,,,,,,,,,,,
BYZ_proletarian_dictatorship;The Socialist Rhomanian Union;;;;;;;;;;;;;x;;;;;;;;;;;;;;;;;;;;;;;;;;;;;;;;;;;;;;;;;;;;;;,,,,,,,,,,,,,,,,,,,,,,
BYZ_absolute_monarchy;Rhomanian Empire;Empire byzantin;Byzantinisches Reich;;Imperio Bizantino;;;;;;;;;x
TUR;Turkey;;;;;;;;;x;;;;;;;;;;;;;;;;;;;;;;;;;;;;;;;;;;;;;;;;;;;;;;;;;;,,,,,,,,,,,,,,,,,,,,,,
TUR_ADJ;Turkish;;;;;;;;;;;;;;;;;;;;;;;;;;;;;;;;;;;;;;;x;;;;;;;;;;;;;;;;;;;;,,,,,,,,,,,,,,,,,,,,,,
TUR_absolute_monarchy;Devlet-i ¬lÓye;;;;;;;;;;;;;;;;;;;;;;;;x;;;;;;;;;;;;;;;;;;;;;;;;;;;;;;;;;;;,,,,,,,,,,,,,,,,,,,,,,
TUR_absolute_monarchy_ADJ;Turkish;;;;;;;;;;;;;;;;;;;;;;;;x;;;;;;;;;;;;;;;;;;;;;;;;;;;;;;;;;;;,,,,,,,,,,,,,,,,,,,,,,
TUR_prussian_constitutionalism;Devlet-i ¬lÓye;;;;;;;;;;;;;;;;;;;;;;;x;;;;;;;;;;;;;;;;;;;;;;;;;;;;;;;;;;;;,,,,,,,,,,,,,,,,,,,,,,
TUR_prussian_constitutionalism_ADJ;Turkish;;;;;;;;;;;;;;;;;;;;;;;;x;;;;;;;;;;;;;;;;;;;;;;;;;;;;;;;;;;;,,,,,,,,,,,,,,,,,,,,,,
TUR_hms_government;Devlet-i ¬lÓye;;;;;;;;;;;;;;;;;;;;;;;;x;;;;;;;;;;;;;;;;;;;;;;;;;;;;;;;;;;;,,,,,,,,,,,,,,,,,,,,,,
TUR_hms_government_ADJ;Turkish;;;;;;;;;;;;;;;;;;;;;;;;x;;;;;;;;;;;;;;;;;;;;;;;;;;;;;;;;;;;,,,,,,,,,,,,,,,,,,,,,,
TUR_bourgeois_dictatorship;Turkish Free State;;;;;;;;;;;;;x;;;;;;;;;;;;;;;;;;;;;;;;;;;;;;;;;;;;;;;;;;;;;;,,,,,,,,,,,,,,,,,,,,,,
TUR_proletarian_dictatorship;Turkish Socialist Republic;;;;;;;;;;;;;x;;;;;;;;;;;;;;;;;;;;;;;;;;;;;;;;;;;;;;;;;;;;;;,,,,,,,,,,,,,,,,,,,,,,
TUR_proletarian_dictatorship_ADJ;Turkish;;;;;;;;;;;;;;;;;;;;;;;;;;;;;x;;;;;;;;;;;;;;;;;;;;;;;;;;;;;;,,,,,,,,,,,,,,,,,,,,,,
TUR_reactionary;Nizam-i Alem;;;;;;;;;;;;;x;;;;;;;;;;;;;;;;;;;;;;;;;;;;;;;;;;;;;;;;;;;;;;,,,,,,,,,,,,,,,,,,,,,,
TUR_reactionary_2;Ittihad-i Muhammedi Firkasi;;;;;;;;;;;;;x;;;;;;;;;;;;;;;;;;;;;;;;;;;;;;;;;;;;;;;;;;;;;;,,,,,,,,,,,,,,,,,,,,,,
TUR_reactionary_3;Hal‚sk‚r Zabit‚n;;;;;;;;;;;;;x;;;;;;;;;;;;;;;;;;;;;;;;;;;;;;;;;;;;;;;;;;;;;;,,,,,,,,,,,,,,,,,,,,,,
TUR_reactionary_4;Fedailer Cemiyeti;;;;;;;;;;;;;x;;;;;;;;;;;;;;;;;;;;;;;;;;;;;;;;;;;;;;;;;;;;;;,,,,,,,,,,,,,,,,,,,,,,
TUR_conservative;H¸kumet-i H¸mayun;;;;;;;;;;;;;x;;;;;;;;;;;;;;;;;;;;;;;;;;;;;;;;;;;;;;;;;;;;;;,,,,,,,,,,,,,,,,,,,,,,
TUR_conservative_2;Selamet-i Osmaniye;;;;;;;;;;;;;x;;;;;;;;;;;;;;;;;;;;;;;;;;;;;;;;;;;;;;;;;;;;;;,,,,,,,,,,,,,,,,,,,,,,
TUR_conservative_3;H¸rriyet ve Itil‚f Firkasi;;;;;;;;;;;;;x;;;;;;;;;;;;;;;;;;;;;;;;;;;;;;;;;;;;;;;;;;;;;;,,,,,,,,,,,,,,,,,,,,,,
TUR_liberal_2;Tanzimat Firkasi;;;;;;;;;;;;;x;;;;;;;;;;;;;;;;;;;;;;;;;;;;;;;;;;;;;;;;;;;;;;,,,,,,,,,,,,,,,,,,,,,,
TUR_liberal_4;Osmanli Demokrat Firkasi;;;;;;;;;;;;;x;;;;;;;;;;;;;;;;;;;;;;;;;;;;;;;;;;;;;;;;;;;;;;,,,,,,,,,,,,,,,,,,,,,,
TUR_liberal_5;Halk Firkasi;;;;;;;;;;;;;x;;;;;;;;;;;;;;;;;;;;;;;;;;;;;;;;;;;;;;;;;;;;;;,,,,,,,,,,,,,,,,,,,,,,
TUR_socialist;Osmanli Kˆyl¸ ve Amele Firkasi;;;;;;;;;;;;;x;;;;;;;;;;;;;;;;;;;;;;;;;;;;;;;;;;;;;;;;;;;;;;,,,,,,,,,,,,,,,,,,,,,,
TUR_socialist_3;Sosyalist Firka;;;;;;;;;;;;;x;;;;;;;;;;;;;;;;;;;;;;;;;;;;;;;;;;;;;;;;;;;;;;,,,,,,,,,,,,,,,,,,,,,,
TUR_communist;Ihtilalci Avam Firkasi;;;;;;;;;;;;;x;;;;;;;;;;;;;;;;;;;;;;;;;;;;;;;;;;;;;;;;;;;;;;,,,,,,,,,,,,,,,,,,,,,,
TUR_communist_2;Kom¸nist Firka;;;;;;;;;;;;;x;;;;;;;;;;;;;;;;;;;;;;;;;;;;;;;;;;;;;;;;;;;;;;,,,,,,,,,,,,,,,,,,,,,,
TUR_communist_3;Halk Istirakiyun Firkasi;;;;;;;;;;;;;x;;;;;;;;;;;;;;;;;;;;;;;;;;;;;;;;;;;;;;;;;;;;;;,,,,,,,,,,,,,,,,,,,,,,
TUR_liberal;Ittihat ve Terakki Firkasi;;;;;;;;;;;;;x;;;;;;;;;;;;;;;;;;;;;;;;;;;;;;;;;;;;;;;;;;;;;;,,,,,,,,,,,,,,,,,,,,,,
TUR_liberal_3;Yeni Osmanlilar Cemiyeti;;;;;;;;;;;;;x;;;;;;;;;;;;;;;;;;;;;;;;;;;;;;;;;;;;;;;;;;;;;;,,,,,,,,,,,,,,,,,,,,,,
TUR_socialist_2;Osmanli Ahali Firkasi;;;;;;;;;;;;;x;;;;;;;;;;;;;;;;;;;;;;;;;;;;;;;;;;;;;;;;;;;;;;,,,,,,,,,,,,,,,,,,,,,,
TUR_anarcho_liberal;Osmanli Ahrar Firkasi;;;;;;;;;;;;;x;;;;;;;;;;;;;;;;;;;;;;;;;;;;;;;;;;;;;;;;;;;;;;,,,,,,,,,,,,,,,,,,,,,,
TUR_fascist;Ittihat ve Terakki Firkasi;;;;;;;;;;;;;x;;;;;;;;;;;;;;;;;;;;;;;;;;;;;;;;;;;;;;;;;;;;;;,,,,,,,,,,,,,,,,,,,,,,
TUR_fascist_2;T¸rk Ocagi;;;;;;;;;;;;;x;;;;;;;;;;;;;;;;;;;;;;;;;;;;;;;;;;;;;;;;;;;;;;,,,,,,,,,,,,,,,,,,,,,,
TUR_fascist_3;Milli Firka;;;;;;;;;;;;;x;;;;;;;;;;;;;;;;;;;;;;;;;;;;;;;;;;;;;;;;;;;;;;,,,,,,,,,,,,,,,,,,,,,,
TUS_reactionary;Restaurazionisti;Restaurazionisti;Restaurazionisti;;Restaurazionis ti;;;;;;;;;x;;;;;;;;;;;;;;;;;;;;;;;;;;;;;;;;;;;;;;;;;;;;;;,,,,,,,,,,,,,,,,,,,,,,
TUS_conservative;Moderati ;Moderati ;Moderati;;Moderati ;;;;;;;;;x;;;;;;;;;;;;;;;;;;;;;;;;;;;;;;;;;;;;;;;;;;;;;;,,,,,,,,,,,,,,,,,,,,,,
TUS_liberal;Riformisti ;Riformisti ;Riformisti;;Riformisti ;;;;;;;;;x;;;;;;;;;;;;;;;;;;;;;;;;;;;;;;;;;;;;;;;;;;;;;;,,,,,,,,,,,,,,,,,,,,,,
TUS_liberal_2;Liberali;Liberali;Liberali;;Liberali ;;;;;;;;;x;;;;;;;;;;;;;;;;;;;;;;;;;;;;;;;;;;;;;;;;;;;;;;,,,,,,,,,,,,,,,,,,,,,,
TUS_socialist;Socialisti;Socialisti;Socialisti;;Socialisti;;;;;;;;; x;;;;;;;;;;;;;;;;;;;;;;;;;;;;;;;;;;;;;;;;;;;;;;,,,,,,,,,,,,,,,,,,,,,,
TUS_conservative_2;Popolari;Popolari;Popolari;;Pop olari;;;;;;;;;x;;;;;;;;;;;;;;;;;;;;;;;;;;;;;;;;;;;;;;;;;;;;;;,,,,,,,,,,,,,,,,,,,,,,
TUS_anarcho_liberal;Radicali;Radicali;Radicali;;Radicali;;;;;;;;;x;;;;;;;;;;;;;;;;;;;;;;;;;;;;;;;;;;;;;;;;;;;;;;,,,,,,,,,,,,,,,,,,,,,,
TUS_communist;Comunisti;Comunisti;Comunisti;;Comunisti;;;;;;;;;x;;;;;;;;;;;;;;;;;;;;;;;;;;;;;;;;;;;;;;;;;;;;;;,,,,,,,,,,,,,,,,,,,,,,
TUS_fascist;Fascisti;Fascisti;Fascisti;;Fascisti;;;;;;;;;x;;;;;;;;;;;;;;;;;;;;;;;;;;;;;;;;;;;;;;;;;;;;;;,,,,,,,,,,,,,,,,,,,,,,
UIL;The New American Alliance;;;;;;;;;;;;x;;;;;;;;;;;;;;;;;;;;;;;;;;;;;;;;;;;;;;;;;;;;;;;,,,,,,,,,,,,,,,,,,,,,,
UIL_proletarian_dictatorship;The New American Republic;;;;;;;;;;;;x;;;;;;;;;;;;;;;;;;;;;;;;;;;;;;;;;;;;;;;;;;;;;;;,,,,,,,,,,,,,,,,,,,,,,
UIL_fascist_dictatorship;New America;;;;;;;;;;;;x;;;;;;;;;;;;;;;;;;;;;;;;;;;;;;;;;;;;;;;;;;;;;;;,,,,,,,,,,,,,,,,,,,,,,
UIL_presidential_dictatorship;New America;;;;;;;;;;;;x;;;;;;;;;;;;;;;;;;;;;;;;;;;;;;;;;;;;;;;;;;;;;;;,,,,,,,,,,,,,,,,,,,,,,
UIL_absolute_monarchy;The Kingdom of New America;;;;;;;;;;;;x;;;;;;;;;;;;;;;;;;;;;;;;;;;;;;;;;;;;;;;;;;;;;;;,,,,,,,,,,,,,,,,,,,,,,
UIL_prussian_constitutionalism;The Kingdom of New America;;;;;;;;;;;;x;;;;;;;;;;;;;;;;;;;;;;;;;;;;;;;;;;;;;;;;;;;;;;;,,,,,,,,,,,,,,,,,,,,,,
UIL_ADJ;New American;;;;;;;;;;;;x;;;;;;;;;;;;;;;;;;;;;;;;;;;;;;;;;;;;;;;;;;;;;;;,,,,,,,,,,,,,,,,,,,,,,
UIL_reactionary;New American Party;;;;;;;;;;;;;x;;;;;;;;;;;;;;;;;;;;;;;;;;;;;;;;;;;;;;;;;;;;;;,,,,,,,,,,,,,,,,,,,,,,
UIL_conservative;New Democratic Party;;;;;;;;;;;;;x;;;;;;;;;;;;;;;;;;;;;;;;;;;;;;;;;;;;;;;;;;;;;;,,,,,,,,,,,,,,,,,,,,,,
UIL_liberal;New Republican Party;;;;;;;;;;;;;x;;;;;;;;;;;;;;;;;;;;;;;;;;;;;;;;;;;;;;;;;;;;;;,,,,,,,,,,,,,,,,,,,,,,
UIL_anarcho_liberal;Libertarian Party;;;;;;;;;;;;;x;;;;;;;;;;;;;;;;;;;;;;;;;;;;;;;;;;;;;;;;;;;;;;,,,,,,,,,,,,,,,,,,,,,,
UIL_socialist;Socialist Party;;;;;;;;;;;;;x;;;;;;;;;;;;;;;;;;;;;;;;;;;;;;;;;;;;;;;;;;;;;;,,,,,,,,,,,,,,,,,,,,,,
UIL_communist;Industrial Workers of the World;;;;;;;;;;;;;;x;;;;;;;;;;;;;;;;;;;;;;;;;;;;;;;;;;;;;;;;;;;;;,,,,,,,,,,,,,,,,,,,,,,
UIL_fascist;Supremacy Party;;;;;;;;;;;;;x;;;;;;;;;;;;;;;;;;;;;;;;;;;;;;;;;;;;;;;;;;;;;;,,,,,,,,,,,,,,,,,,,,,,
UNB;The Colorado Republic;;;;;;;;;;;;x;;;;;;;;;;;;;;;;;;;;;;;;;;;;;;;;;;;;;;;;;;;;;;;,,,,,,,,,,,,,,,,,,,,,,
UNB_absolute_monarchy;The Kingdom of Colorado;;;;;;;;;;;;x;;;;;;;;;;;;;;;;;;;;;;;;;;;;;;;;;;;;;;;;;;;;;;;,,,,,,,,,,,,,,,,,,,,,,
UNB_prussian_constitutionalism;The Kingdom of Colorado;;;;;;;;;;;;x;;;;;;;;;;;;;;;;;;;;;;;;;;;;;;;;;;;;;;;;;;;;;;;,,,,,,,,,,,,,,,,,,,,,,
UNB_hms_government;The Colorado Commonwealth;;;;;;;;;;;;x;;;;;;;;;;;;;;;;;;;;;;;;;;;;;;;;;;;;;;;;;;;;;;;,,,,,,,,,,,,,,,,,,,,,,
UNB_ADJ;Coloradan;;;;;;;;;;;;x;;;;;;;;;;;;;;;;;;;;;;;;;;;;;;;;;;;;;;;;;;;;;;;,,,,,,,,,,,,,,,,,,,,,,
UNB_reactionary;Colorado Party;;;;;;;;;;;;;x;;;;;;;;;;;;;;;;;;;;;;;;;;;;;;;;;;;;;;;;;;;;;;,,,,,,,,,,,,,,,,,,,,,,
UNB_conservative;New Democratic Party;;;;;;;;;;;;;x;;;;;;;;;;;;;;;;;;;;;;;;;;;;;;;;;;;;;;;;;;;;;;,,,,,,,,,,,,,,,,,,,,,,
UNB_liberal;New Republican Party;;;;;;;;;;;;;x;;;;;;;;;;;;;;;;;;;;;;;;;;;;;;;;;;;;;;;;;;;;;;,,,,,,,,,,,,,,,,,,,,,,
UNB_anarcho_liberal;Libertarian Party;;;;;;;;;;;;;x;;;;;;;;;;;;;;;;;;;;;;;;;;;;;;;;;;;;;;;;;;;;;;,,,,,,,,,,,,,,,,,,,,,,
UNB_socialist;Socialist Party;;;;;;;;;;;;;x;;;;;;;;;;;;;;;;;;;;;;;;;;;;;;;;;;;;;;;;;;;;;;,,,,,,,,,,,,,,,,,,,,,,
UNB_communist;Communist Party;;;;;;;;;;;;;x;;;;;;;;;;;;;;;;;;;;;;;;;;;;;;;;;;;;;;;;;;;;;;,,,,,,,,,,,,,,,,,,,,,,
UNB_fascist;Fascist Party;;;;;;;;;;;;;x;;;;;;;;;;;;;;;;;;;;;;;;;;;;;;;;;;;;;;;;;;;;;;,,,,,,,,,,,,,,,,,,,,,,
UNM;The Pueblo Republic;;;;;;;;;;;;x;;;;;;;;;;;;;;;;;;;;;;;;;;;;;;;;;;;;;;;;;;;;;;;,,,,,,,,,,,,,,,,,,,,,,
UNM_absolute_monarchy;New Mexico;;;;;;;;;;;;x;;;;;;;;;;;;;;;;;;;;;;;;;;;;;;;;;;;;;;;;;;;;;;;,,,,,,,,,,,,,,,,,,,,,,
UNM_prussian_constitutionalism;New Mexico;;;;;;;;;;;;x;;;;;;;;;;;;;;;;;;;;;;;;;;;;;;;;;;;;;;;;;;;;;;;,,,,,,,,,,,,,,,,,,,,,,
UNM_hms_government;New Mexico;;;;;;;;;;;;x;;;;;;;;;;;;;;;;;;;;;;;;;;;;;;;;;;;;;;;;;;;;;;;,,,,,,,,,,,,,,,,,,,,,,
UNM_absolute_monarchy_ADJ;New Mexican;;;;;;;;;;;;x;;;;;;;;;;;;;;;;;;;;;;;;;;;;;;;;;;;;;;;;;;;;;;;,,,,,,,,,,,,,,,,,,,,,,
UNM_prussian_constitutionalism_ADJ;New Mexican;;;;;;;;;;;;x;;;;;;;;;;;;;;;;;;;;;;;;;;;;;;;;;;;;;;;;;;;;;;;,,,,,,,,,,,,,,,,,,,,,,
UNM_hms_government_ADJ;New Mexican;;;;;;;;;;;;x;;;;;;;;;;;;;;;;;;;;;;;;;;;;;;;;;;;;;;;;;;;;;;;,,,,,,,,,,,,,,,,,,,,,,
UNM_proletarian_dictatorship;The Pueblo People's Republic;;;;;;;;;;;;x;;;;;;;;;;;;;;;;;;;;;;;;;;;;;;;;;;;;;;;;;;;;;;;,,,,,,,,,,,,,,,,,,,,,,
UNM_ADJ;Pueblo;;;;;;;;;;;;x;;;;;;;;;;;;;;;;;;;;;;;;;;;;;;;;;;;;;;;;;;;;;;;,,,,,,,,,,,,,,,,,,,,,,
UNM_reactionary;New Pueblo Party;;;;;;;;;;;;;x;;;;;;;;;;;;;;;;;;;;;;;;;;;;;;;;;;;;;;;;;;;;;;,,,,,,,,,,,,,,,,,,,,,,
UNM_conservative;New Democratic Party;;;;;;;;;;;;;x;;;;;;;;;;;;;;;;;;;;;;;;;;;;;;;;;;;;;;;;;;;;;;,,,,,,,,,,,,,,,,,,,,,,
UNM_liberal;New Republican Party;;;;;;;;;;;;;x;;;;;;;;;;;;;;;;;;;;;;;;;;;;;;;;;;;;;;;;;;;;;;,,,,,,,,,,,,,,,,,,,,,,
UNM_anarcho_liberal;Libertarian Party;;;;;;;;;;;;;x;;;;;;;;;;;;;;;;;;;;;;;;;;;;;;;;;;;;;;;;;;;;;;,,,,,,,,,,,,,,,,,,,,,,
UNM_socialist;Socialist Party;;;;;;;;;;;;;x;;;;;;;;;;;;;;;;;;;;;;;;;;;;;;;;;;;;;;;;;;;;;;,,,,,,,,,,,,,,,,,,,,,,
UNM_communist;Communist Party;;;;;;;;;;;;;x;;;;;;;;;;;;;;;;;;;;;;;;;;;;;;;;;;;;;;;;;;;;;;,,,,,,,,,,,,,,,,,,,,,,
UNM_fascist;Fascist Party;;;;;;;;;;;;;x;;;;;;;;;;;;;;;;;;;;;;;;;;;;;;;;;;;;;;;;;;;;;;,,,,,,,,,,,,,,,,,,,,,,
UOR;The Oregon Country;;;;;;;;;;;;x;;;;;;;;;;;;;;;;;;;;;;;;;;;;;;;;;;;;;;;;;;;;;;;,,,,,,,,,,,,,,,,,,,,,,
UOR_absolute_monarchy;The Kingdom of Oregon;;;;;;;;;;;;;x;;;;;;;;;;;;;;;;;;;;;;;;;;;;;;;;;;;;;;;;;;;;;;,,,,,,,,,,,,,,,,,,,,,,
UOR_prussian_constitutionalism;The Kingdom of Oregon;;;;;;;;;;;;;x;;;;;;;;;;;;;;;;;;;;;;;;;;;;;;;;;;;;;;;;;;;;;;,,,,,,,,,,,,,,,,,,,,,,
UOR_hms_government;Oregon;;;;;;;;;;;;;x;;;;;;;;;;;;;;;;;;;;;;;;;;;;;;;;;;;;;;;;;;;;;;,,,,,,,,,,,,,,,,,,,,,,
UOR_proletarian_dictatorship;Oregon People's Republic;;;;;;;;;;;;;x;;;;;;;;;;;;;;;;;;;;;;;;;;;;;;;;;;;;;;;;;;;;;;,,,,,,,,,,,,,,,,,,,,,,
UOR_ADJ;Oregonian;;;;;;;;;;;;x;;;;;;;;;;;;;;;;;;;;;;;;;;;;;;;;;;;;;;;;;;;;;;;,,,,,,,,,,,,,,,,,,,,,,
UOR_fascist_dictatorship;Cascadia;;;;;;;;;;;;x;;;;;;;;;;;;;;;;;;;;;;;;;;;;;;;;;;;;;;;;;;;;;;;,,,,,,,,,,,,,,,,,,,,,,
UOR_fascist_dictatorship_ADJ;Cascadian;;;;;;;;;;;;x;;;;;;;;;;;;;;;;;;;;;;;;;;;;;;;;;;;;;;;;;;;;;;;,,,,,,,,,,,,,,,,,,,,,,
UOR_reactionary;True American Party;;;;;;;;;;;;;x;;;;;;;;;;;;;;;;;;;;;;;;;;;;;;;;;;;;;;;;;;;;;;,,,,,,,,,,,,,,,,,,,,,,
UOR_conservative;New Democratic Party;;;;;;;;;;;;;x;;;;;;;;;;;;;;;;;;;;;;;;;;;;;;;;;;;;;;;;;;;;;;,,,,,,,,,,,,,,,,,,,,,,
UOR_liberal;New Republican Party;;;;;;;;;;;;;x;;;;;;;;;;;;;;;;;;;;;;;;;;;;;;;;;;;;;;;;;;;;;;,,,,,,,,,,,,,,,,,,,,,,
UOR_anarcho_liberal;Libertarian Party;;;;;;;;;;;;;x;;;;;;;;;;;;;;;;;;;;;;;;;;;;;;;;;;;;;;;;;;;;;;,,,,,,,,,,,,,,,,,,,,,,
UOR_socialist;Socialist Party;;;;;;;;;;;;;x;;;;;;;;;;;;;;;;;;;;;;;;;;;;;;;;;;;;;;;;;;;;;;,,,,,,,,,,,,,,,,,,,,,,
UOR_communist;Communist Party;;;;;;;;;;;;;x;;;;;;;;;;;;;;;;;;;;;;;;;;;;;;;;;;;;;;;;;;;;;;,,,,,,,,,,,,,,,,,,,,,,
UOR_fascist;Cascadians;;;;;;;;;;;;;x;;;;;;;;;;;;;;;;;;;;;;;;;;;;;;;;;;;;;;;;;;;;;;,,,,,,,,,,,,,,,,,,,,,,
URA;Perm;;;;;;;;;;;;;x;;;;;;;;;;;;;;;;;;;;;;;;;;;;;;;;;;;;;;;;;;;;;;,,,,,,,,,,,,,,,,,,,,,,
URA_absolute_monarchy;Great Perm;;;;;;;;;;;;;x;;;;;;;;;;;;;;;;;;;;;;;;;;;;;;;;;;;;;;;;;;;;;;,,,,,,,,,,,,,,,,,,,,,,
URA_prussian_constitutionalism;Great Perm;;;;;;;;;;;;;x;;;;;;;;;;;;;;;;;;;;;;;;;;;;;;;;;;;;;;;;;;;;;;,,,,,,,,,,,,,,,,,,,,,,
URA_hms_government;Great Perm;;;;;;;;;;;;;x;;;;;;;;;;;;;;;;;;;;;;;;;;;;;;;;;;;;;;;;;;;;;;,,,,,,,,,,,,,,,,,,,,,,
URA_democracy;Perm Republic;;;;;;;;;;;;;x;;;;;;;;;;;;;;;;;;;;;;;;;;;;;;;;;;;;;;;;;;;;;;,,,,,,,,,,,,,,,,,,,,,,
URA_proletarian_dictatorship;Ural People's Republic;;;;;;;;;;;;;x;;;;;;;;;;;;;;;;;;;;;;;;;;;;;;;;;;;;;;;;;;;;;;,,,,,,,,,,,,,,,,,,,,,,
URA_ADJ;Permian;;;;;;;;;;;;;x;;;;;;;;;;;;;;;;;;;;;;;;;;;;;;;;;;;;;;;;;;;;;;,,,,,,,,,,,,,,,,,,,,,,
URA_conservative;Slavophile;Slavophile;Slawophile;;;;;;;;;;;;x;;;;;;;;;;;;;;;;;;;;;;;;;;;;;;;;;;;;;;;;;;;;;,,,,,,,,,,,,,,,,,,,,,,
URA_liberal;Westerniser;Westerniser;Westler;;;;;;;;;;;;x;;;;;;;;;;;;;;;;;;;;;;;;;;;;;;;;;;;;;;;;;;;;;,,,,,,,,,,,,,,,,,,,,,,
URA_communist;Social Democratic;Social-dÈmocrate;Social Democratic;;;;;;;;;;;;x;;;;;;;;;;;;;;;;;;;;;;;;;;;;;;;;;;;;;;;;;;;;;,,,,,,,,,,,,,,,,,,,,,,
URA_socialist;Menshevik;Menshevik;Menschewiki;;;;;;;;;;;;x;;;;;;;;;;;;;;;;;;;;;;;;;;;;;;;;;;;;;;;;;;;;;,,,,,,,,,,,,,,,,,,,,,,
URA_reactionary;Panslavic;Panslavic;Panslawisten;;;;;;;;;;;;x;;;;;;;;;;;;;;;;;;;;;;;;;;;;;;;;;;;;;;;;;;;;;,,,,,,,,,,,,,,,,,,,,,,
URA_conservative_2;Octobrists;Octobristes;Octobristen;;;;;;;;;;;;x;;;;;;;;;;;;;;;;;;;;;;;;;;;;;;;;;;;;;;;;;;;;;,,,,,,,,,,,,,,,,,,,,,,
URA_anarcho_liberal;Radicals;Radicaux;Radikale;;;;;;;;;;;;x;;;;;;;;;;;;;;;;;;;;;;;;;;;;;;;;;;;;;;;;;;;;;,,,,,,,,,,,,,,,,,,,,,,
URA_fascist;Fascists;Fascistes;Faschisten;;;;;;;;;;;;x;;;;;;;;;;;;;;;;;;;;;;;;;;;;;;;;;;;;;;;;;;;;;,,,,,,,,,,,,,,,,,,,,,,
USA;The Vinlandic Federation;;;;;;;;;;;;;;;;;;;;;;;;;;;;;;;;;;;;;;;;;;;;;;;;;;;;;;;;;;;,,,,,,,,,,,,,,,,,,,,,,
USA_bourgeois_dictatorship;The Corporatist state of Vinland;;;;;;;;;;;;;;;;;;;;;;;;;;;;;;;;;;;;;;;;;;;;;;;;;;;;;;;;;;;,,,,,,,,,,,,,,,,,,,,,,
USA_absolute_monarchy;The Vinlandic Empire;;;;;;;;;;;;x;;;;;;;;;;;;;;;;;;;;;;;;;;;;;;;;;;;;;;;;;;;;;;;,,,,,,,,,,,,,,,,,,,,,,
USA_prussian_constitutionalism;The Vinlandic Empire;;;;;;;;;;;;x;;;;;;;;;;;;;;;;;;;;;;;;;;;;;;;;;;;;;;;;;;;;;;;,,,,,,,,,,,,,,,,,,,,,,
USA_hms_government;The Kingdom of Vinland;;;;;;;;;;;;x;;;;;;;;;;;;;;;;;;;;;;;;;;;;;;;;;;;;;;;;;;;;;;;,,,,,,,,,,,,,,,,,,,,,,
USA_proletarian_dictatorship;The Commonwealth;;;;;;;;;;;;x;;;;;;;;;;;;;;;;;;;;;;;;;;;;;;;;;;;;;;;;;;;;;;;,,,,,,,,,,,,,,,,,,,,,,
CAN_bourgeois_dictatorship;The Himilconian Union;;;;;;;;;;;;;;;;;;;;;;;;;;;;;;;;;;;;;;;;;;;;;;;;;;;;;;;;;;;,,,,,,,,,,,,,,,,,,,,,,
CAN_proletarian_dictatorship;The Commonwealth of Himilconis;;;;;;;;;;;;x;;;;;;;;;;;;;;;;;;;;;;;;;;;;;;;;;;;;;;;;;;;;;;;,,,,,,,,,,,,,,,,,,,,,,
CAN_democracy;The Republic of Himilconis;;;;;;;;;;;;;;;;;;;;;;x;;;;;;;;;;;;;;;;;;;;;;;;;;;;;;;;;;;;;,,,,,,,,,,,,,,,,,,,,,,
CAN_presidential_dictatorship;The Republic of Himilconis;;;;;;;;;;;;;;;;;;;;;;x;;;;;;;;;;;;;;;;;;;;;;;;;;;;;;;;;;;;;,,,,,,,,,,,,,,,,,,,,,,
QUE_bourgeois_dictatorship;The Batavian Union;;;;;;;;;;;;;;;;;;;;;;;;;;;;;;;;;;;;;;;;;;;;;;;;;;;;;;;;;;;,,,,,,,,,,,,,,,,,,,,,,
QUE_proletarian_dictatorship;The Commutne of Batavia;;;;;;;;;;;;x;;;;;;;;;;;;;;;;;;;;;;;;;;;;;;;;;;;;;;;;;;;;;;;,,,,,,,,,,,,,,,,,,,,,,
QUE_democracy;The Batavian Federation;;;;;;;;;;;;;;;;;;;;;;x;;;;;;;;;;;;;;;;;;;;;;;;;;;;;;;;;;;;;,,,,,,,,,,,,,,,,,,,,,,
QUE_presidential_dictatorship;The Republic of Batavia;;;;;;;;;;;;;;;;;;;;;;x;;;;;;;;;;;;;;;;;;;;;;;;;;;;;;;;;;;;;,,,,,,,,,,,,,,,,,,,,,,
QUE_absolute_monarchy;The Batavian Empire;;;;;;;;;;;;x;;;;;;;;;;;;;;;;;;;;;;;;;;;;;;;;;;;;;;;;;;;;;;;,,,,,,,,,,,,,,,,,,,,,,
QUE_prussian_constitutionalism;The Batavian Empire;;;;;;;;;;;;x;;;;;;;;;;;;;;;;;;;;;;;;;;;;;;;;;;;;;;;;;;;;;;;,,,,,,,,,,,,,,,,,,,,,,
QUE_hms_government;The Kingdom of Batavia;;;;;;;;;;;;x;;;;;;;;;;;;;;;;;;;;;;;;;;;;;;;;;;;;;;;;;;;;;;;,,,,,,,,,,,,,,,,,,,,,,
UYG;Kuchiya;;;;;;;;;;;;;x;;;;;;;;;;;;;;;;;;;;;;;;;;;;;;;;;;;;;;;;;;;;;;,,,,,,,,,,,,,,,,,,,,,,
UYG_ADJ;Kuchiyan;;;;;;;;;;;;;x;;;;;;;;;;;;;;;;;;;;;;;;;;;;;;;;;;;;;;;;;;;;;;,,,,,,,,,,,,,,,,,,,,,,
UYG_absolute_monarchy;Kuchiya;;;;;;;;;;;;;x;;;;;;;;;;;;;;;;;;;;;;;;;;;;;;;;;;;;;;;;;;;;;;,,,,,,,,,,,,,,,,,,,,,,
UYG_prussian_constitutionalism;Kuchiya;;;;;;;;;;;;;x;;;;;;;;;;;;;;;;;;;;;;;;;;;;;;;;;;;;;;;;;;;;;;,,,,,,,,,,,,,,,,,,,,,,
UYG_hms_government;Kuchiya;;;;;;;;;;;;;x;;;;;;;;;;;;;;;;;;;;;;;;;;;;;;;;;;;;;;;;;;;;;;,,,,,,,,,,,,,,,,,,,,,,
UYG_absolute_monarchy_ADJ;Kusinni;;;;;;;;;;;;;x;;;;;;;;;;;;;;;;;;;;;;;;;;;;;;;;;;;;;;;;;;;;;;,,,,,,,,,,,,,,,,,,,,,,
UYG_prussian_constitutionalism_ADJ;Kusinni;;;;;;;;;;;;;x;;;;;;;;;;;;;;;;;;;;;;;;;;;;;;;;;;;;;;;;;;;;;;,,,,,,,,,,,,,,,,,,,,,,
UYG_hms_government_ADJ;Kusinni;;;;;;;;;;;;;x;;;;;;;;;;;;;;;;;;;;;;;;;;;;;;;;;;;;;;;;;;;;;;,,,,,,,,,,,,,,,,,,,,,,
UYG_colonial_company;Toharestan;;;;;;;;;;;;;x;;;;;;;;;;;;;;;;;;;;;;;;;;;;;;;;;;;;;;;;;;;;;;,,,,,,,,,,,,,,,,,,,,,,
UYG_anarcho_liberal;The Radical Faction;Faction radicale;Die radikale Fraktion;;;;;;;;;;;;x;;;;;;;;;;;;;;;;;;;;;;;;;;;;;;;;;;;;;;;;;;;;;,,,,,,,,,,,,,,,,,,,,,,
UYG_socialist;The Socialist Faction;Faction socialiste;Die sozialistische Fraktion;;;;;;;;;;;;x;;;;;;;;;;;;;;;;;;;;;;;;;;;;;;;;;;;;;;;;;;;;;,,,,,,,,,,,,,,,,,,,,,,
UYG_communist;The Communist Faction;Faction communiste;Die kommunistische Fraktion;;;;;;;;;;;;x;;;;;;;;;;;;;;;;;;;;;;;;;;;;;;;;;;;;;;;;;;;;;,,,,,,,,,,,,,,,,,,,,,,
UYG_fascist;The Fascist Faction;Faction fasciste;Die faschistische Fraktion;;;;;;;;;;;;x;;;;;;;;;;;;;;;;;;;;;;;;;;;;;;;;;;;;;;;;;;;;;,,,,,,,,,,,,,,,,,,,,,,
UZB;Uzbekistan;;;;;;;;;;;;;x;;;;;;;;;;;;;;;;;;;;;;;;;;;;;;;;;;;;;;;;;;;;;;,,,,,,,,,,,,,,,,,,,,,,
UZB_ADJ;Uzbek;;;;;;;;;;;;;x;;;;;;;;;;;;;;;;;;;;;;;;;;;;;;;;;;;;;;;;;;;;;;,,,,,,,,,,,,,,,,,,,,,,
UZB_conservative;Royal Faction;Faction royale;Kˆnigsfraktion;;;;;;;;;;;;x;;;;;;;;;;;;;;;;;;;;;;;;;;;;;;;;;;;;;;;;;;;;;,,,,,,,,,,,,,,,,,,,,,,
UZB_liberal;The Liberal Faction;Faction libÈrale;Die liberale Fraktion;;;;;;;;;;;;x;;;;;;;;;;;;;;;;;;;;;;;;;;;;;;;;;;;;;;;;;;;;;,,,,,,,,,,,,,,,,,,,,,,
UZB_reactionary;The Nationalist Faction;Faction nationaliste;Die nationalistische Fraktion;;;;;;;;;;;;x;;;;;;;;;;;;;;;;;;;;;;;;;;;;;;;;;;;;;;;;;;;;;,,,,,,,,,,,,,,,,,,,,,,
UZB_anarcho_liberal;The Radical Faction;Faction radicale;Die radikale Fraktion;;;;;;;;;;;;x;;;;;;;;;;;;;;;;;;;;;;;;;;;;;;;;;;;;;;;;;;;;;,,,,,,,,,,,,,,,,,,,,,,
UZB_socialist;The Socialist Faction;Faction socialiste;Die sozialistische Fraktion;;;;;;;;;;;;x;;;;;;;;;;;;;;;;;;;;;;;;;;;;;;;;;;;;;;;;;;;;;,,,,,,,,,,,,,,,,,,,,,,
UZB_communist;The Communist Faction;Faction communiste;Die kommunistische Fraktion;;;;;;;;;;;;x;;;;;;;;;;;;;;;;;;;;;;;;;;;;;;;;;;;;;;;;;;;;;,,,,,,,,,,,,,,,,,,,,,,
UZB_fascist;The Fascist Faction;Faction fasciste;Die faschistische Fraktion;;;;;;;;;;;;x;;;;;;;;;;;;;;;;;;;;;;;;;;;;;;;;;;;;;;;;;;;;;,,,,,,,,,,,,,,,,,,,,,,
VEN_democracy;The Republic of San Marco;;;;;;;;;;;;;;;;;;;;;;x;;;;;;;;;;;;;;;;;;;;;;;;;;;;;;;;;;;;;,,,,,,,,,,,,,,,,,,,,,,
VEN_presidential_dictatorship;The Republic of San Marco;;;;;;;;;;;;;;;;;;;;;;x;;;;;;;;;;;;;;;;;;;;;;;;;;;;;;;;;;;;;,,,,,,,,,,,,,,,,,,,,,,
VEN_reactionary;Monarchici;Monarchici;Monarchici;;Monarchici;;;;;;;;;x;;;;;;;;;;;;;;;;;;;;;;;;;;;;;;;;;;;;;;;;;;;;;;,,,,,,,,,,,,,,,,,,,,,,
VEN_liberal;Intransigenti;Intransigenti;Intransige nti;;Intransigenti;;;;;;;;;x;;;;;;;;;;;;;;;;;;;;;;;;;;;;;;;;;;;;;;;;;;;;;;,,,,,,,,,,,,,,,,,,,,,,
VEN_conservative;Transigenti;Transigenti;Transigen ti;;Transigenti;;;;;;;;;x;;;;;;;;;;;;;;;;;;;;;;;;;;;;;;;;;;;;;;;;;;;;;;,,,,,,,,,,,,,,,,,,,,,,
VEN_socialist;Socialisti;Socialisti;Socialisti;;So cialisti;;;;;;;;;x;;;;;;;;;;;;;;;;;;;;;;;;;;;;;;;;;;;;;;;;;;;;;;,,,,,,,,,,,,,,,,,,,,,,
VEN_communist;Rivoluzionari;Rivoluzionari;Rivoluzionari;;Rivoluzio nari;;;;;;;;;x;;;;;;;;;;;;;;;;;;;;;;;;;;;;;;;;;;;;;;;;;;;;;;,,,,,,,,,,,,,,,,,,,,,,
VEN_reactionary_2;Cattolici;Cattolici;Cattolici;;C attolici;;;;;;;;;x;;;;;;;;;;;;;;;;;;;;;;;;;;;;;;;;;;;;;;;;;;;;;;,,,,,,,,,,,,,,,,,,,,,,
VEN_anarcho_liberal;Radicali;Radicali;Radicali;;Radicali;;;;;;;;;x;;;;;;;;;;;;;;;;;;;;;;;;;;;;;;;;;;;;;;;;;;;;;;,,,,,,,,,,,,,,,,,,,,,,
VEN_fascist;Fascisti;Fascisti;Fascisti;;Fascisti;;;;;;;;;x;;;;;;;;;;;;;;;;;;;;;;;;;;;;;;;;;;;;;;;;;;;;;;,,,,,,,,,,,,,,,,,,,,,,
VIC;Victoria;Victoria;Victoria;;;;;;;;;;;x;;;;;;;;;;;;;;;;;;;;;;;;;;;;;;;;;;;;;;;;;;;;;;,,,,,,,,,,,,,,,,,,,,,,
VIC_ADJ;Victorian;Victorian;Victorian;;;;;;;;;;;x;;;;;;;;;;;;;;;;;;;;;;;;;;;;;;;;;;;;;;;;;;;;;;,,,,,,,,,,,,,,,,,,,,,,
VIC_conservative;Conservative Faction;Conservative Faction;Conservative Faction;;;;;;;;;;;x;;;;;;;;;;;;;;;;;;;;;;;;;;;;;;;;;;;;;;;;;;;;;;,,,,,,,,,,,,,,,,,,,,,,
VIC_conservative_1;Conservative Party;Conservative Party;Conservative Party;;;;;;;;;;;x;;;;;;;;;;;;;;;;;;;;;;;;;;;;;;;;;;;;;;;;;;;;;;,,,,,,,,,,,,,,,,,,,,,,
VIC_conservative_2;National Party;National Party;National Party;;;;;;;;;;;x;;;;;;;;;;;;;;;;;;;;;;;;;;;;;;;;;;;;;;;;;;;;;;,,,,,,,,,,,,,,,,,,,,,,
VIC_conservative_3;United Australia Party;United Australia Party;United Australia Party;;;;;;;;;;;x;;;;;;;;;;;;;;;;;;;;;;;;;;;;;;;;;;;;;;;;;;;;;;,,,,,,,,,,,,,,,,,,,,,,
VIC_liberal;Liberal Faction;Liberal Faction;Liberal Faction;;;;;;;;;;;x;;;;;;;;;;;;;;;;;;;;;;;;;;;;;;;;;;;;;;;;;;;;;;,,,,,,,,,,,,,,,,,,,,,,
VIC_liberal_1;Liberal Party;Liberal Party;Liberal Party;;;;;;;;;;;x;;;;;;;;;;;;;;;;;;;;;;;;;;;;;;;;;;;;;;;;;;;;;;,,,,,,,,,,,,,,,,,,,,,,
VIC_socialist;Labour Faction;Labour Faction;Labour Faction;;;;;;;;;;;x;;;;;;;;;;;;;;;;;;;;;;;;;;;;;;;;;;;;;;;;;;;;;;,,,,,,,,,,,,,,,,,,,,,,
VIC_socialist_1;Labor Party;Labor Party;Labor Party;;;;;;;;;;;x;;;;;;;;;;;;;;;;;;;;;;;;;;;;;;;;;;;;;;;;;;;;;;,,,,,,,,,,,,,,,,,,,,,,
VIC_communist;Communist Party;Communist Party;Communist Party;;;;;;;;;;;x;;;;;;;;;;;;;;;;;;;;;;;;;;;;;;;;;;;;;;;;;;;;;;,,,,,,,,,,,,,,,,,,,,,,
VIC_reactionary;Radical Nationalists;Radical Nationalists;Radical Nationalists;;;;;;;;;;;x;;;;;;;;;;;;;;;;;;;;;;;;;;;;;;;;;;;;;;;;;;;;;;,,,,,,,,,,,,,,,,,,,,,,
VIC_reactionary_2;Victorian Farmers Union;Victorian Farmers Union;Victorian Farmers Union;;;;;;;;;;;x;;;;;;;;;;;;;;;;;;;;;;;;;;;;;;;;;;;;;;;;;;;;;;,,,,,,,,,,,,,,,,,,,,,,
VIC_reactionary_3;Country Party;Country Party;Country Party;;;;;;;;;;;x;;;;;;;;;;;;;;;;;;;;;;;;;;;;;;;;;;;;;;;;;;;;;;,,,,,,,,,,,,,,,,,,,,,,
VIC_anarcho_liberal;Radical Liberals;Radical Liberals;Radical Liberals;;;;;;;;;;;x;;;;;;;;;;;;;;;;;;;;;;;;;;;;;;;;;;;;;;;;;;;;;;,,,,,,,,,,,,,,,,,,,,,,
VIC_fascist;Fascist Party;Fascist Party;Fascist Party;;;;;;;;;;;x;;;;;;;;;;;;;;;;;;;;;;;;;;;;;;;;;;;;;;;;;;;;;;,,,,,,,,,,,,,,,,,,,,,,
WAS;Western Australia;Western Australia;Western Australia;;;;;;;;;;;x;;;;;;;;;;;;;;;;;;;;;;;;;;;;;;;;;;;;;;;;;;;;;;,,,,,,,,,,,,,,,,,,,,,,
WAS_ADJ;West Australian;West Australian;West Australian;;;;;;;;;;;x;;;;;;;;;;;;;;;;;;;;;;;;;;;;;;;;;;;;;;;;;;;;;;,,,,,,,,,,,,,,,,,,,,,,
WAS_fascist_dictatorship;Westralia;Westralia;Westralia;;;;;;;;;;;x;;;;;;;;;;;;;;;;;;;;;;;;;;;;;;;;;;;;;;;;;;;;;;,,,,,,,,,,,,,,,,,,,,,,
WAS_fascist_dictatorship_ADJ;Westralian;Westralian;Westralian;;;;;;;;;;;x;;;;;;;;;;;;;;;;;;;;;;;;;;;;;;;;;;;;;;;;;;;;;;,,,,,,,,,,,,,,,,,,,,,,
WAS_conservative;Conservative Faction;Conservative Faction;Conservative Faction;;;;;;;;;;;x;;;;;;;;;;;;;;;;;;;;;;;;;;;;;;;;;;;;;;;;;;;;;;,,,,,,,,,,,,,,,,,,,,,,
WAS_conservative_1;Nationalist Party;Nationalist Party;Nationalist Party;;;;;;;;;;;x;;;;;;;;;;;;;;;;;;;;;;;;;;;;;;;;;;;;;;;;;;;;;;,,,,,,,,,,,,,,,,,,,,,,
WAS_liberal;Liberal Faction;Liberal Faction;Liberal Faction;;;;;;;;;;;x;;;;;;;;;;;;;;;;;;;;;;;;;;;;;;;;;;;;;;;;;;;;;;,,,,,,,,,,,,,,,,,,,,,,
WAS_liberal_1;Liberal Party;Liberal Party;Liberal Party;;;;;;;;;;;x;;;;;;;;;;;;;;;;;;;;;;;;;;;;;;;;;;;;;;;;;;;;;;,,,,,,,,,,,,,,,,,,,,,,
WAS_socialist;Labour Faction;Labour Faction;Labour Faction;;;;;;;;;;;x;;;;;;;;;;;;;;;;;;;;;;;;;;;;;;;;;;;;;;;;;;;;;;,,,,,,,,,,,,,,,,,,,,,,
WAS_socialist_1;Labor Party;Labor Party;Labor Party;;;;;;;;;;;x;;;;;;;;;;;;;;;;;;;;;;;;;;;;;;;;;;;;;;;;;;;;;;,,,,,,,,,,,,,,,,,,,,,,
WAS_communist;Communist Party;Communist Party;Communist Party;;;;;;;;;;;x;;;;;;;;;;;;;;;;;;;;;;;;;;;;;;;;;;;;;;;;;;;;;;,,,,,,,,,,,,,,,,,,,,,,
WAS_reactionary;Radical Nationalists;Radical Nationalists;Radical Nationalists;;;;;;;;;;;x;;;;;;;;;;;;;;;;;;;;;;;;;;;;;;;;;;;;;;;;;;;;;;,,,,,,,,,,,,,,,,,,,,,,
WAS_reactionary_2;Country Party;Country Party;Country Party;;;;;;;;;;;x;;;;;;;;;;;;;;;;;;;;;;;;;;;;;;;;;;;;;;;;;;;;;;,,,,,,,,,,,,,,,,,,,,,,
WAS_anarcho_liberal;Radical Liberals;Radical Liberals;Radical Liberals;;;;;;;;;;;x;;;;;;;;;;;;;;;;;;;;;;;;;;;;;;;;;;;;;;;;;;;;;;,,,,,,,,,,,,,,,,,,,,,,
WAS_fascist;Fascist Party;Fascist Party;Fascist Party;;;;;;;;;;;x;;;;;;;;;;;;;;;;;;;;;;;;;;;;;;;;;;;;;;;;;;;;;;,,,,,,,,,,,,,,,,,,,,,,
WES;Sahsen;;;;;;;;;;;;;x;;;;;;;;;;;;;;;;;;;;;;;;;;;;;;;;;;;;;;;;;;;;;;,,,,,,,,,,,,,,,,,,,,,,
WES_ADJ;Sahsisk;;;;;;;;;;;;;;x;;;;;;;;;;;;;;;;;;;;;;;;;;;;;;;;;;;;;;;;;;;;;,,,,,,,,,,,,,,,,,,,,,,
WES_colonial_company;Marc Sahsen;Marc Sahsen;Marc Sahsen;;;;;;;;;;;x;;;;;;;;;;;;;;;;;;;;;;;;;;;,,,,,,,,,,,,,,,,,,,,,,;;;;;;;;;;;;;;;;;;;
WES_dominion;Mark Sahsen;Mark Sahsen;Mark Sahsen;;;;;;;;;;;x;;;;;;;;;;;;;;;;;;;;;;;;;;;,,,,,,,,,,,,,,,,,,,,,,;;;;;;;;;;;;;;;;;;;
WES_proletarian_dictatorship;Volsrepubliek Sahsen;Volsrepubliek Sahsen;Volsrepubliek Sahsen;;;;;;;;;;;x;;;;;;;;;;;;;;;;;;;;;;;;;;;,,,,,,,,,,,,,,,,,,,,,,;;;;;;;;;;;;;;;;;;;
WES_presidential_dictatorship;Sahsisk Staat;Sahsisk Staat;Sahsisk Staat;;;;;;;;;;;x;;;;;;;;;;;;;;;;;;;;;;;;;;;,,,,,,,,,,,,,,,,,,,,,,;;;;;;;;;;;;;;;;;;;
WES_bourgeois_dictatorship;Sahsisk Staat;Sahsisk Staat;Sahsisk Staath;;;;;;;;;;;x;;;;;;;;;;;;;;;;;;;;;;;;;;;,,,,,,,,,,,,,,,,,,,,,,;;;;;;;;;;;;;;;;;;;
WES_fascist_dictatorship;Sahsisk Staat;Sahsisk Staat;Sahsisk Staat;;;;;;;;;;;x;;;;;;;;;;;;;;;;;;;;;;;;;;;,,,,,,,,,,,,,,,,,,,,,,;;;;;;;;;;;;;;;;;;;
WES_absolute_monarchy;Kuningdum Sahsen;Kuningdum Sahsen;Kuningdum Sahsen;;;;;;;;;;;x;;;;;;;;;;;;;;;;;;;;;;;;;;;,,,,,,,,,,,,,,,,,,,,,,;;;;;;;;;;;;;;;;;;;
WES_prussian_constitutionalism;Kuningdum Sahsen;Kuningdum Sahsen;Kuningdum Sahsen;;;;;;;;;;;x;;;;;;;;;;;;;;;;;;;;;;;;;;;,,,,,,,,,,,,,,,,,,,,,,;;;;;;;;;;;;;;;;;;;
WES_hms_government;Kuningdum Sahsen;Kuningdum Sahsen;Kuningdum Sahsen;;;;;;;;;;;x;;;;;;;;;;;;;;;;;;;;;;;;;;;,,,,,,,,,,,,,,,,,,,,,,;;;;;;;;;;;;;;;;;;;
WES_democracy;Republiek Sahsen;Republiek Sahsen;Republiek Sahsen;;;;;;;;;;;x;;;;;;;;;;;;;;;;;;;;;;;;;;;,,,,,,,,,,,,,,,,,,,,,,;;;;;;;;;;;;;;;;;;;
WES_liberal;Liberaldem. Partei;Liberaldem. Partei;Liberaldem. Partei;;;;;;;;;;;;x;;;;;;;;;;;;;;;;;;;;;;;;;;;;;;;;;;;;;;;;;;;;;,,,,,,,,,,,,,,,,,,,,,,
WES_conservative;Zentrumspartei;Zentrumspartei;Zentrumspartei;;;;;;;;;;;;x;;;;;;;;;;;;;;;;;;;;;;;;;;;;;;;;;;;;;;;;;;;;;,,,,,,,,,,,,,,,,,,,,,,
WES_liberal_2;Nationalliberale ;Nationalliberale ;Nationalliberale ;;;;;;;;;;;;x;;;;;;;;;;;;;;;;;;;;;;;;;;;;;;;;;;;;;;;;;;;;;,,,,,,,,,,,,,,,,,,,,,,
WES_liberal_3;Freisinnige Partei;Freisinnige Partei;Freisinnige Partei;;;;;;;;;;;;x;;;;;;;;;;;;;;;;;;;;;;;;;;;;;;;;;;;;;;;;;;;;;,,,,,,,,,,,,,,,,,,,,,,
WES_socialist;Deutscher Arbeiterverein;Deutscher Arbeiterverein;Deutscher Arbeiterverein;;;;;;;;;;;;x;;;;;;;;;;;;;;;;;;;;;;;;;;;;;;;;;;;;;;;;;;;;;,,,,,,,,,,,,,,,,,,,,,,
WES_socialist_2;Sozialdem. Arbeiterpartei ;Sozialdem. Arbeiterpartei ;Sozialdem. Arbeiterpartei ;;;;;;;;;;;;x;;;;;;;;;;;;;;;;;;;;;;;;;;;;;;;;;;;;;;;;;;;;;,,,,,,,,,,,,,,,,,,,,,,
WES_socialist_3;Sozial. Arbeiterpartei ;Sozial. Arbeiterpartei ;Sozial. Arbeiterpartei ;;;;;;;;;;;;x;;;;;;;;;;;;;;;;;;;;;;;;;;;;;;;;;;;;;;;;;;;;;,,,,,,,,,,,,,,,,,,,,,,
WES_reactionary;Nationale Partei;Nationale Partei;Nationale Partei;;;;;;;;;;;;x;;;;;;;;;;;;;;;;;;;;;;;;;;;;;;;;;;;;;;;;;;;;;,,,,,,,,,,,,,,,,,,,,,,
WES_conservative_2;Konservative Partei;Konservative Partei;Konservative Partei;;;;;;;;;;;;x;;;;;;;;;;;;;;;;;;;;;;;;;;;;;;;;;;;;;;;;;;;;;,,,,,,,,,,,,,,,,,,,,,,
WES_conservative_3;Christsoz. Arbeiterpartei;Christsoz. Arbeiterpartei;Christsoz. Arbeiterpartei;;;;;;;;;;;;x;;;;;;;;;;;;;;;;;;;;;;;;;;;;;;;;;;;;;;;;;;;;;,,,,,,,,,,,,,,,,,,,,,,
WES_anarcho_liberal;Radical Arbeiterpartei;Arbeiterpartei radical;Radikale Arbeiterpartei;;;;;;;;;;;;x;;;;;;;;;;;;;;;;;;;;;;;;;;;;;;;;;;;;;;;;;;;;;,,,,,,,,,,,,,,,,,,,,,,
WES_communist;Communist Arbeiterpartei;Arbeiterpartei communiste;Kommunistische Arbeiterpartei;;;;;;;;;;;;x;;;;;;;;;;;;;;;;;;;;;;;;;;;;;;;;;;;;;;;;;;;;;,,,,,,,,,,,,,,,,,,,,,,
WES_fascist;NSDP;NSDP;NSDP;;;;;;;;;;;;x;;;;;;;;;;;;;;;;;;;;;;;;;;;;;;;;;;;;;;;;;;;;;,,,,,,,,,,,,,,,,,,,,,,
WHA;Prydain;;;;;;;;;;;;;x;;;;;;;;;;;;;;;;;;;;;;;;;;;;;;;;;;;;;;;;;;;;;;,,,,,,,,,,,,,,,,,,,,,,
WHA_ADJ;Prydish;;;;;;;;;;;;;x;;;;;;;;;;;;;;;;;;;;;;;;;;;;;;;;;;;;;;;;;;;;;;,,,,,,,,,,,,,,,,,,,,,,
WHA_liberal;Democratiaid Rhyddfrydol;;;;;;;;;;;;;x;;;;;;;;;;;;;;;;;;;;;;;;;;;;;;;;;;;;;;;;;;;;;;,,,,,,,,,,,,,,,,,,,,,,
WHA_conservative;Plaid Geidwadol;;;;;;;;;;;;;x;;;;;;;;;;;;;;;;;;;;;;;;;;;;;;;;;;;;;;;;;;;;;;,,,,,,,,,,,,,,,,,,,,,,
WHA_socialist;Plaid Cymru;;;;;;;;;;;;;x;;;;;;;;;;;;;;;;;;;;;;;;;;;;;;;;;;;;;;;;;;;;;;,,,,,,,,,,,,,,,,,,,,,,
WHA_anarcho_liberal;Anarchwyr;;;;;;;;;;;;;x;;;;;;;;;;;;;;;;;;;;;;;;;;;;;;;;;;;;;;;;;;;;;;,,,,,,,,,,,,,,,,,,,,,,
WHA_fascist;Meibion Glyndwr;;;;;;;;;;;;;x;;;;;;;;;;;;;;;;;;;;;;;;;;;;;;;;;;;;;;;;;;;;;;,,,,,,,,,,,,,,,,,,,,,,
WHA_communist;Plaid Gomiwnyddol;;;;;;;;;;;;;x;;;;;;;;;;;;;;;;;;;;;;;;;;;;;;;;;;;;;;;;;;;;;;,,,,,,,,,,,,,,,,,,,,,,
WHA_reactionary;Plaid Genedlaethol;;;;;;;;;;;;;x;;;;;;;;;;;;;;;;;;;;;;;;;;;;;;;;;;;;;;;;;;;;;;,,,,,,,,,,,,,,,,,,,,,,
XBI_ADJ;Qinghai;;;;;;;;;;;;;x;;;;;;;;;;;;;;;;;;;;;;;;;;;;;;;;;;;;;;;;;;;;;;,,,,,,,,,,,,,,,,,,,,,,
XBI_presidential_dictatorship;Ma Clique;;;;;;;;;;;;;;;;x;;;;;;;;;;;;;;;;;;;;;;;;;;;;;;;;;;;;;;;;;;;,,,,,,,,,,,,,,,,,,,,,,
XBI_presidential_dictatorship_ADJ;Hui;;;;;;;;;;;;;x;;;;;;;;;;;;;;;;;;;;;;;;;;;;;;;;;;;;;;;;;;;;;;,,,,,,,,,,,,,,,,,,,,,,
XBI_reactionary_2;Manichean Faction;;;;;;;;;;;;;;;;;;;;;;;;;;;;;;;;;;;;x;;;;;;;;;;;;;;;;;;;;;;;,,,,,,,,,,,,,,,,,,,,,,
XBI_conservative_2;Yirmakke Faction;;;;;;;;;;;;;;;;;;;;;;;;;;;;;;;;;;;;x;;;;;;;;;;;;;;;;;;;;;;;,,,,,,,,,,,,,,,,,,,,,,
XBI_liberal_2;Reformer Faction;;;;;;;;;;;;;;;;;;;;;;;;;;;;;;;;;;;;x;;;;;;;;;;;;;;;;;;;;;;;,,,,,,,,,,,,,,,,,,,,,,
XIN_presidential_dictatorship;Hotan;Hotan;Hotan;;;;;;;;;;;x;;;;;;;;;;;;;;;;;;;;;;;;;;;;;;;;;;;;;;;;;;;;;;,,,,,,,,,,,,,,,,,,,,,,
YAK;Yakutia;;;;;;;;;;;;;x;;;;;;;;;;;;;;;;;;;;;;;;;;;;;;;;;;;;;;;;;;;;;;,,,,,,,,,,,,,,,,,,,,,,
YAK_ADJ;Yakut;;;;;;;;;;;;;x;;;;;;;;;;;;;;;;;;;;;;;;;;;;;;;;;;;;;;;;;;;;;;,,,,,,,,,,,,,,,,,,,,,,
YAK_conservative;The Conservatives;Faction royale;Kˆnigsfraktion;;;;;;;;;;;x;;;;;;;;;;;;;;;;;;;;;;;;;;;;;;;;;;;;;;;;;;;;;;,,,,,,,,,,,,,,,,,,,,,,
YAK_liberal;The Liberals;Faction libÈrale;Die liberale Fraktion;;;;;;;;;;;x;;;;;;;;;;;;;;;;;;;;;;;;;;;;;;;;;;;;;;;;;;;;;;,,,,,,,,,,,,,,,,,,,,,,
YAK_reactionary;The Khanate Faction;Faction nationaliste;Die nationalistische Fraktion;;;;;;;;;;;x;;;;;;;;;;;;;;;;;;;;;;;;;;;;;;;;;;;;;;;;;;;;;;,,,,,,,,,,,,,,,,,,,,,,
YAK_anarcho_liberal;The Libertains;Faction radicale;Die radikale Fraktion;;;;;;;;;;;x;;;;;;;;;;;;;;;;;;;;;;;;;;;;;;;;;;;;;;;;;;;;;;,,,,,,,,,,,,,,,,,,,,,,
YAK_socialist;The Socialists;Faction socialiste;Die sozialistische Fraktion;;;;;;;;;;;x;;;;;;;;;;;;;;;;;;;;;;;;;;;;;;;;;;;;;;;;;;;;;;,,,,,,,,,,,,,,,,,,,,,,
YAK_communist;The Communists;Faction communiste;Die kommunistische Fraktion;;;;;;;;;;;x;;;;;;;;;;;;;;;;;;;;;;;;;;;;;;;;;;;;;;;;;;;;;;,,,,,,,,,,,,,,,,,,,,,,
YAK_fascist;The Nationalists;Faction fasciste;Die faschistische Fraktion;;;;;;;;;;;x;;;;;;;;;;;;;;;;;;;;;;;;;;;;;;;;;;;;;;;;;;;;;;,,,,,,,,,,,,,,,,,,,,,,
YAP;Yap;Yap;Yap;;;;;;;;;;;;x;;;;;;;;;;;;;;;;;;;;;;;;;;;;;;;;;;;;;;;;;;;;;,,,,,,,,,,,,,,,,,,,,,,
YAP_ADJ;Yapese;Yapese;Yapese;;;;;;;;;;;;x;;;;;;;;;;;;;;;;;;;;;;;;;;;;;;;;;;;;;;;;;;;;;,,,,,,,,,,,,,,,,,,,,,,
YNN_presidential_dictatorship;Yunnan Clique;Clique de Yunnan;Yunnan-Clique;;;;;;;;;;;x;;;;;;;;;;;;;;;;;;;;;;;;;;;;;;;;;;;;;;;;;;;;;;,,,,,,,,,,,,,,,,,,,,,,
YUC;Mayan Confederation;;;;;;;;;;;;;x;;;;;;;;;;;;;;;;;;;;;;;;;;;;;;;;;;;;;;;;;;;;;;,,,,,,,,,,,,,,,,,,,,,,
YUC_ADJ;Mayan;;;;;;;;;;;;;x;;;;;;;;;;;;;;;;;;;;;;;;;;;;;;;;;;;;;;;;;;;;;;,,,,,,,,,,,,,,,,,,,,,,
YUC_conservative;Partido Conservador;Partido Conservador;Partido Conservador;;;;;;;;;;;;x;;;;;;;;;;;;;;;;;;;;;;;;;;;;;;;;;;;;;;;;;;;;;,,,,,,,,,,,,,,,,,,,,,,
YUC_liberal;Partido Liberal;Partido Liberal;Partido Liberal;;;;;;;;;;;;x;;;;;;;;;;;;;;;;;;;;;;;;;;;;;;;;;;;;;;;;;;;;;,,,,,,,,,,,,,,,,,,,,,,
YUC_reactionary;Partido Nationalist;Partido nationaliste;Partido Nationalist;;;;;;;;;;;;x;;;;;;;;;;;;;;;;;;;;;;;;;;;;;;;;;;;;;;;;;;;;;,,,,,,,,,,,,,,,,,,,,,,
YUC_anarcho_liberal;Partido Radical;Partido Radical;Partido Radical;;;;;;;;;;;;x;;;;;;;;;;;;;;;;;;;;;;;;;;;;;;;;;;;;;;;;;;;;;,,,,,,,,,,,,,,,,,,,,,,
YUC_socialist;Partido Socialist;Partido socialiste;Partido Socialist;;;;;;;;;;;;x;;;;;;;;;;;;;;;;;;;;;;;;;;;;;;;;;;;;;;;;;;;;;,,,,,,,,,,,,,,,,,,,,,,
YUC_communist;Partido Communist;Partido communiste;Partido Communist;;;;;;;;;;;;x;;;;;;;;;;;;;;;;;;;;;;;;;;;;;;;;;;;;;;;;;;;;;,,,,,,,,,,,,,,,,,,,,,,
YUC_fascist;Partido Fascist;Partido fasciste;Partido Fascist;;;;;;;;;;;;x;;;;;;;;;;;;;;;;;;;;;;;;;;;;;;;;;;;;;;;;;;;;;,,,,,,,,,,,,,,,,,,,,,,
YZW;Yonezawa;;;;;;;;;;;;;x;;;;;;;;;;;;;;;;;;;;;;;;;;;;;;;;;;;;;;;;;;;;;;,,,,,,,,,,,,,,,,,,,,,,
YZW_ADJ;Yonezawan;;;;;;;;;;;;;x;;;;;;;;;;;;;;;;;;;;;;;;;;;;;;;;;;;;;;;;;;;;;;,,,,,,,,,,,,,,,,,,,,,,
YZW_absolute_monarchy_ADJ;Uesugi;;;;;;;;;;;;;x;;;;;;;;;;;;;;;;;;;;;;;;;;;;;;;;;;;;;;;;;;;;;;,,,,,,,,,,,,,,,,,,,,,,
YZW_prussian_constitutionalism_ADJ;Uesugi;;;;;;;;;;;;;x;;;;;;;;;;;;;;;;;;;;;;;;;;;;;;;;;;;;;;;;;;;;;;,,,,,,,,,,,,,,,,,,,,,,
YZW_hms_government_ADJ;Uesugi;;;;;;;;;;;;;x;;;;;;;;;;;;;;;;;;;;;;;;;;;;;;;;;;;;;;;;;;;;;;,,,,,,,,,,,,,,,,,,,,,,
ZAM;Zambia;;;;;;;;;;;;x;;;;;;;;;;;;;;;;;;;;;;;;;;;;;;;;;;;;;;;;;;;;;;;,,,,,,,,,,,,,,,,,,,,,,
ZAM_ADJ;Zambian;;;;;;;;;;;;x;;;;;;;;;;;;;;;;;;;;;;;;;;;;;;;;;;;;;;;;;;;;;;;,,,,,,,,,,,,,,,,,,,,,,
ZAM_liberal;United Party for National Development;;;;;;;;;;;;x;;;;;;;;;;;;;;;;;;;;;;;;;;;;;;;;;;;;;;;;;;;;;;;,,,,,,,,,,,,,,,,,,,,,,
ZAM_conservative;Movement for Multi-Party Democracy;;;;;;;;;;;;x;;;;;;;;;;;;;;;;;;;;;;;;;;;;;;;;;;;;;;;;;;;;;;;,,,,,,,,,,,,,,,,,,,,,,
ZAM_socialist;United Progressive Party;;;;;;;;;;;;x;;;;;;;;;;;;;;;;;;;;;;;;;;;;;;;;;;;;;;;;;;;;;;;,,,,,,,,,,,,,,,,,,,,,,
ZAM_reactionary;National Restoration Party;;;;;;;;;;;;x;;;;;;;;;;;;;;;;;;;;;;;;;;;;;;;;;;;;;;;;;;;;;;;,,,,,,,,,,,,,,,,,,,,,,
ZAM_anarcho_liberal;National Party;;;;;;;;;;;;x;;;;;;;;;;;;;;;;;;;;;;;;;;;;;;;;;;;;;;;;;;;;;;;,,,,,,,,,,,,,,,,,,,,,,
ZAM_communist;United National Independence Party;;;;;;;;;;;;x;;;;;;;;;;;;;;;;;;;;;;;;;;;;;;;;;;;;;;;;;;;;;;;,,,,,,,,,,,,,,,,,,,,,,
"ZAM_fascist;""Fourth Revolution Party	"";;;;;;;;;;;;x;;;;;;;;;;;;;;;;;;;;;;;;;;;;;;;;;;;;;;;;;;;;;;;,,,,,,,,,,,,,,,,,,,,,,";;;;;;;;;;;;;;;;;;;;;;;;;;;;;;;;;;;;;;;;;;;;;;;;;;;;;;;;;;;;
### African Kingdoms ###;;;;;;;;;;;;;;x;;;;;;;;;;;;;;;;;;;;;;;;;;;;;;;;;;;;;;;;;;;;;;,,,,,,,,,,,,,,,,,,,,,,
ARO;Aro;Aro;Aro;;Aro;;;;;;;;;;x;;;;;;;;;;;;;;;;;;;;;;;;;;;;;;;;;;;;;;;;;;;;;,,,,,,,,,,,,,,,,,,,,,,
ARO_ADJ;Aro;Aro;Aro;;;;;;;;;;;;x;;;;;;;;;;;;;;;;;;;;;;;;;;;;;;;;;;;;;;;;;;;;;,,,,,,,,,,,,,,,,,,,,,,
ARO_conservative;Eze Aro Faction;Faction Eze Aro;Eze Aro Fraktion;;;;;;;;;;;;x;;;;;;;;;;;;;;;;;;;;;;;;;;;;;;;;;;;;;;;;;;;;;,,,,,,,,,,,,,,,,,,,,,,
ARO_liberal;Reform Faction;Faction de rÈforme;Verbesserung Fraktion;;;;;;;;;;;;x;;;;;;;;;;;;;;;;;;;;;;;;;;;;;;;;;;;;;;;;;;;;;,,,,,,,,,,,,,,,,,,,,,,
ARO_reactionary;Empire Faction;Faction d'empire;Reich Fraktion;;;;;;;;;;;;x;;;;;;;;;;;;;;;;;;;;;;;;;;;;;;;;;;;;;;;;;;;;;,,,,,,,,,,,,,,,,,,,,,,
ARO_anarcho_liberal;Radical Faction;Faction radicale;Die radikale Fraktion;;;;;;;;;;;;x;;;;;;;;;;;;;;;;;;;;;;;;;;;;;;;;;;;;;;;;;;;;;,,,,,,,,,,,,,,,,,,,,,,
ARO_socialist;Socialist Faction;Faction socialiste;Die sozialistische Fraktion;;;;;;;;;;;;x;;;;;;;;;;;;;;;;;;;;;;;;;;;;;;;;;;;;;;;;;;;;;,,,,,,,,,,,,,,,,,,,,,,
ARO_communist;Communist Faction;Faction communiste;Die kommunistische Fraktion;;;;;;;;;;;;x;;;;;;;;;;;;;;;;;;;;;;;;;;;;;;;;;;;;;;;;;;;;;,,,,,,,,,,,,,,,,,,,,,,
ARO_fascist;Fascist Faction;Faction fasciste;Die faschistische Fraktion;;;;;;;;;;;;x;;;;;;;;;;;;;;;;;;;;;;;;;;;;;;;;;;;;;;;;;;;;;,,,,,,,,,,,,,,,,,,,,,,
ARO_proletarian_dictatorship;Biafra;Biafra;Biafra;;Biafra;;;;;;;;;x;;;;;;;;;;;;;;;;;;;;;;;;;;;;;;;;;;;;;;;;;;;;;;,,,,,,,,,,,,,,,,,,,,,,
ARO_proletarian_dictatorship_ADJ;Biafran;Biafraise;Biafran;;biafreÒo;;;;;;;;;x;;;;;;;;;;;;;;;;;;;;;;;;;;;;;;;;;;;;;;;;;;;;;;,,,,,,,,,,,,,,,,,,,,,,
ARO_fascist_dictatorship;Biafra;Biafra;Biafra;;Biafra;;;;;;;;;x;;;;;;;;;;;;;;;;;;;;;;;;;;;;;;;;;;;;;;;;;;;;;;,,,,,,,,,,,,,,,,,,,,,,
ARO_fascist_dictatorship_ADJ;Biafran;Biafraise;Biafran;;biafreÒo;;;;;;;;;x;;;;;;;;;;;;;;;;;;;;;;;;;;;;;;;;;;;;;;;;;;;;;;,,,,,,,,,,,,,,,,,,,,,,
ARO_bourgeois_dictatorship;Biafra;Biafra;Biafra;;Biafra;;;;;;;;;x;;;;;;;;;;;;;;;;;;;;;;;;;;;;;;;;;;;;;;;;;;;;;;,,,,,,,,,,,,,,,,,,,,,,
ARO_bourgeois_dictatorship_ADJ;Biafran;Biafraise;Biafran;;biafreÒo;;;;;;;;;x;;;;;;;;;;;;;;;;;;;;;;;;;;;;;;;;;;;;;;;;;;;;;;,,,,,,,,,,,,,,,,,,,,,,
ARO_presidential_dictatorship;Biafra;Biafra;Biafra;;Biafra;;;;;;;;;x;;;;;;;;;;;;;;;;;;;;;;;;;;;;;;;;;;;;;;;;;;;;;;,,,,,,,,,,,,,,,,,,,,,,
ARO_presidential_dictatorship_ADJ;Biafran;Biafraise;Biafran;;biafreÒo;;;;;;;;;x;;;;;;;;;;;;;;;;;;;;;;;;;;;;;;;;;;;;;;;;;;;;;;,,,,,,,,,,,,,,,,,,,,,,
ARO_democracy;Biafra;Biafra;Biafra;;Biafra;;;;;;;;;x;;;;;;;;;;;;;;;;;;;;;;;;;;;;;;;;;;;;;;;;;;;;;;,,,,,,,,,,,,,,,,,,,,,,
ARO_democracy_ADJ;Biafran;Biafraise;Biafran;;biafreÒo;;;;;;;;;x;;;;;;;;;;;;;;;;;;;;;;;;;;;;;;;;;;;;;;;;;;;;;;,,,,,,,,,,,,,,,,,,,,,,
ASH;Ashanti;Ashanti;Aschanti;;Asantia;;;;;;;;;;x;;;;;;;;;;;;;;;;;;;;;;;;;;;;;;;;;;;;;;;;;;;;;,,,,,,,,,,,,,,,,,,,,,,
ASH_ADJ;Ashanti;Ashanti;Aschanti;;;;;;;;;;;;x;;;;;;;;;;;;;;;;;;;;;;;;;;;;;;;;;;;;;;;;;;;;;,,,,,,,,,,,,,,,,,,,,,,
ASH_conservative;Royal Faction;Faction royale;Kˆnigsfraktion;;;;;;;;;;;;x;;;;;;;;;;;;;;;;;;;;;;;;;;;;;;;;;;;;;;;;;;;;;,,,,,,,,,,,,,,,,,,,,,,
ASH_liberal;Reform Faction;Faction de rÈforme;Verbesserung Fraktion;;;;;;;;;;;;x;;;;;;;;;;;;;;;;;;;;;;;;;;;;;;;;;;;;;;;;;;;;;,,,,,,,,,,,,,,,,,,,,,,
ASH_reactionary;Empire Faction;Faction d'empire;Reich Fraktion;;;;;;;;;;;;x;;;;;;;;;;;;;;;;;;;;;;;;;;;;;;;;;;;;;;;;;;;;;,,,,,,,,,,,,,,,,,,,,,,
ASH_conservative_2;National Liberation Movement;;;;;;;;;;;;x;;;;;;;;;;;;;;;;;;;;;;;;;;;;;;;;;;;;;;;;;;;;;;;,,,,,,,,,,,,,,,,,,,,,,
ASH_liberal_2;United Gold Coast Convention;;;;;;;;;;;;x;;;;;;;;;;;;;;;;;;;;;;;;;;;;;;;;;;;;;;;;;;;;;;;,,,,,,,,,,,,,,,,,,,,,,
ASH_reactionary_2;National Liberation Council;;;;;;;;;;;;x;;;;;;;;;;;;;;;;;;;;;;;;;;;;;;;;;;;;;;;;;;;;;;;,,,,,,,,,,,,,,,,,,,,,,
ASH_anarcho_liberal;Progress Party;;;;;;;;;;;;x;;;;;;;;;;;;;;;;;;;;;;;;;;;;;;;;;;;;;;;;;;;;;;;,,,,,,,,,,,,,,,,,,,,,,
ASH_socialist;Ghana Congress Party;;;;;;;;;;;;x;;;;;;;;;;;;;;;;;;;;;;;;;;;;;;;;;;;;;;;;;;;;;;;,,,,,,,,,,,,,,,,,,,,,,
ASH_communist;Convention People's Party;;;;;;;;;;;;x;;;;;;;;;;;;;;;;;;;;;;;;;;;;;;;;;;;;;;;;;;;;;;;,,,,,,,,,,,,,,,,,,,,,,
ASH_fascist;Popular Front Party;;;;;;;;;;;;x;;;;;;;;;;;;;;;;;;;;;;;;;;;;;;;;;;;;;;;;;;;;;;;,,,,,,,,,,,,,,,,,,,,,,
ASH_proletarian_dictatorship;Ghana;Ghana;Ghana;;Ghana;;;;;;;;;x;;;;;;;;;;;;;;;;;;;;;;;;;;;;;;;;;;;;;;;;;;;;;;,,,,,,,,,,,,,,,,,,,,,,
ASH_proletarian_dictatorship_ADJ;Ghanaian;Ghanaian;Ghanaisch;;GhanÈs;;;;;;;;;x;;;;;;;;;;;;;;;;;;;;;;;;;;;;;;;;;;;;;;;;;;;;;;,,,,,,,,,,,,,,,,,,,,,,
ASH_fascist_dictatorship;Ghana;Ghana;Ghana;;Ghana;;;;;;;;;x;;;;;;;;;;;;;;;;;;;;;;;;;;;;;;;;;;;;;;;;;;;;;;,,,,,,,,,,,,,,,,,,,,,,
ASH_fascist_dictatorship_ADJ;Ghanaian;Ghanaian;Ghanaisch;;GhanÈs;;;;;;;;;x;;;;;;;;;;;;;;;;;;;;;;;;;;;;;;;;;;;;;;;;;;;;;;,,,,,,,,,,,,,,,,,,,,,,
ASH_bourgeois_dictatorship;Ghana;Ghana;Ghana;;Ghana;;;;;;;;;x;;;;;;;;;;;;;;;;;;;;;;;;;;;;;;;;;;;;;;;;;;;;;;,,,,,,,,,,,,,,,,,,,,,,
ASH_bourgeois_dictatorship_ADJ;Ghanaian;Ghanaian;Ghanaisch;;GhanÈs;;;;;;;;;x;;;;;;;;;;;;;;;;;;;;;;;;;;;;;;;;;;;;;;;;;;;;;;,,,,,,,,,,,,,,,,,,,,,,
ASH_presidential_dictatorship;Ghana;Ghana;Ghana;;Ghana;;;;;;;;;x;;;;;;;;;;;;;;;;;;;;;;;;;;;;;;;;;;;;;;;;;;;;;;,,,,,,,,,,,,,,,,,,,,,,
ASH_presidential_dictatorship_ADJ;Ghanaian;Ghanaian;Ghanaisch;;GhanÈs;;;;;;;;;x;;;;;;;;;;;;;;;;;;;;;;;;;;;;;;;;;;;;;;;;;;;;;;,,,,,,,,,,,,,,,,,,,,,,
ASH_democracy;Ghana;Ghana;Ghana;;Ghana;;;;;;;;;x;;;;;;;;;;;;;;;;;;;;;;;;;;;;;;;;;;;;;;;;;;;;;;,,,,,,,,,,,,,,,,,,,,,,
ASH_democracy_ADJ;Ghanaian;Ghanaian;Ghanaisch;;GhanÈs;;;;;;;;;x;;;;;;;;;;;;;;;;;;;;;;;;;;;;;;;;;;;;;;;;;;;;;;,,,,,,,,,,,,,,,,,,,,,,
AZA;Azande;Azande;Azande;;Azande;;;;;;;;;;x;;;;;;;;;;;;;;;;;;;;;;;;;;;;;;;;;;;;;;;;;;;;;,,,,,,,,,,,,,,,,,,,,,,
AZA_ADJ;Zande;Zande;Zande;;;;;;;;;;;;x;;;;;;;;;;;;;;;;;;;;;;;;;;;;;;;;;;;;;;;;;;;;;,,,,,,,,,,,,,,,,,,,,,,
AZA_conservative;Royal Faction;Faction royale;Kˆnigsfraktion;;;;;;;;;;;;x;;;;;;;;;;;;;;;;;;;;;;;;;;;;;;;;;;;;;;;;;;;;;,,,,,,,,,,,,,,,,,,,,,,
AZA_liberal;Reform Faction;Faction de rÈforme;Verbesserung Fraktion;;;;;;;;;;;;x;;;;;;;;;;;;;;;;;;;;;;;;;;;;;;;;;;;;;;;;;;;;;,,,,,,,,,,,,,,,,,,,,,,
AZA_reactionary;Empire Faction;Faction d'empire;Reich Fraktion;;;;;;;;;;;;x;;;;;;;;;;;;;;;;;;;;;;;;;;;;;;;;;;;;;;;;;;;;;,,,,,,,,,,,,,,,,,,,,,,
AZA_anarcho_liberal;Radical Faction;Faction radicale;Die radikale Fraktion;;;;;;;;;;;;x;;;;;;;;;;;;;;;;;;;;;;;;;;;;;;;;;;;;;;;;;;;;;,,,,,,,,,,,,,,,,,,,,,,
AZA_socialist;Socialist Faction;Faction socialiste;Die sozialistische Fraktion;;;;;;;;;;;;x;;;;;;;;;;;;;;;;;;;;;;;;;;;;;;;;;;;;;;;;;;;;;,,,,,,,,,,,,,,,,,,,,,,
AZA_communist;Communist Faction;Faction communiste;Die kommunistische Fraktion;;;;;;;;;;;;x;;;;;;;;;;;;;;;;;;;;;;;;;;;;;;;;;;;;;;;;;;;;;,,,,,,,,,,,,,,,,,,,,,,
AZA_fascist;Fascist Faction;Faction fasciste;Die faschistische Fraktion;;;;;;;;;;;;x;;;;;;;;;;;;;;;;;;;;;;;;;;;;;;;;;;;;;;;;;;;;;,,,,,,,,,,,,,,,,,,,,,,
BEN;Benin;BÈnin;Benin;;BenÌn;;;;;;;;;;x;;;;;;;;;;;;;;;;;;;;;;;;;;;;;;;;;;;;;;;;;;;;;,,,,,,,,,,,,,,,,,,,,,,
BEN_ADJ;Beninese;BÈninois;Benin;;;;;;;;;;;;x;;;;;;;;;;;;;;;;;;;;;;;;;;;;;;;;;;;;;;;;;;;;;,,,,,,,,,,,,,,,,,,,,,,
BEN_conservative;Oba's Faction;Faction Obo;Oba Fraktion;;;;;;;;;;;;x;;;;;;;;;;;;;;;;;;;;;;;;;;;;;;;;;;;;;;;;;;;;;,,,,,,,,,,,,,,,,,,,,,,
BEN_liberal;Reform Faction;Faction de rÈforme;Verbesserung Fraktion;;;;;;;;;;;;x;;;;;;;;;;;;;;;;;;;;;;;;;;;;;;;;;;;;;;;;;;;;;,,,,,,,,,,,,,,,,,,,,,,
BEN_reactionary;Military Faction;Faction militaire;Milit‰rische Fraktion;;;;;;;;;;;;x;;;;;;;;;;;;;;;;;;;;;;;;;;;;;;;;;;;;;;;;;;;;;,,,,,,,,,,,,,,,,,,,,,,
BEN_anarcho_liberal;Radical Faction;Faction radicale;Die radikale Fraktion;;;;;;;;;;;;x;;;;;;;;;;;;;;;;;;;;;;;;;;;;;;;;;;;;;;;;;;;;;,,,,,,,,,,,,,,,,,,,,,,
BEN_socialist;People's Faction;Faction populaire;Volk Fraktion;;;;;;;;;;;;x;;;;;;;;;;;;;;;;;;;;;;;;;;;;;;;;;;;;;;;;;;;;;,,,,,,,,,,,,,,,,,,,,,,
BEN_communist;Communist Faction;Faction communiste;Die kommunistische Fraktion;;;;;;;;;;;;x;;;;;;;;;;;;;;;;;;;;;;;;;;;;;;;;;;;;;;;;;;;;;,,,,,,,,,,,,,,,,,,,,,,
BEN_fascist;Fascist Faction;Faction fasciste;Die faschistische Fraktion;;;;;;;;;;;;x;;;;;;;;;;;;;;;;;;;;;;;;;;;;;;;;;;;;;;;;;;;;;,,,,,,,,,,,,,,,,,,,,,,
BRD;Burundi;Burundi;Burundi;;Burundi;;;;;;;;;;x;;;;;;;;;;;;;;;;;;;;;;;;;;;;;;;;;;;;;;;;;;;;;,,,,,,,,,,,,,,,,,,,,,,
BRD_ADJ;Burundian;Burundaise;Burundische;;;;;;;;;;;;x;;;;;;;;;;;;;;;;;;;;;;;;;;;;;;;;;;;;;;;;;;;;;,,,,,,,,,,,,,,,,,,,,,,
BRD_conservative;Country Democratic Union;;;;;;;;;;;;x;;;;;;;;;;;;;;;;;;;;;;;;;;;;;;;;;;;;;;;;;;;;;;;,,,,,,,,,,,,,,,,,,,,,,
BRD_liberal;APRODEBA;;;;;;;;;;;;x;;;;;;;;;;;;;;;;;;;;;;;;;;;;;;;;;;;;;;;;;;;;;;;,,,,,,,,,,,,,,,,,,,,,,
BRD_reactionary;Union for National Progress;;;;;;;;;;;;x;;;;;;;;;;;;;;;;;;;;;;;;;;;;;;;;;;;;;;;;;;;;;;;,,,,,,,,,,,,,,,,,,,,,,
BRD_anarcho_liberal;Abanyamajambere Party;;;;;;;;;;;;x;;;;;;;;;;;;;;;;;;;;;;;;;;;;;;;;;;;;;;;;;;;;;;;,,,,,,,,,,,,,,,,,,,,,,
BRD_socialist;Rural Democratic Party;;;;;;;;;;;;x;;;;;;;;;;;;;;;;;;;;;;;;;;;;;;;;;;;;;;;;;;;;;;;,,,,,,,,,,,,,,,,,,,,,,
BRD_communist;Burundi Workers' Party;;;;;;;;;;;;x;;;;;;;;;;;;;;;;;;;;;;;;;;;;;;;;;;;;;;;;;;;;;;;,,,,,,,,,,,,,,,,,,,,,,
BRD_fascist;People's Union of Burundi;;;;;;;;;;;;x;;;;;;;;;;;;;;;;;;;;;;;;;;;;;;;;;;;;;;;;;;;;;;;,,,,,,,,,,,,,,,,,,,,,,
BSH;Lesotho;;;;;;;;;;x;;;;;;;;;;;;;;;;;;;;;;;;;;;;;;;;;;;;;;;;;;;;;;;;;,,,,,,,,,,,,,,,,,,,,,,
BSH_absolute_monarchy;Basotho;;;;;;;;;;;;x;;;;;;;;;;;;;;;;;;;;;;;;;;;;;;;;;;;;;;;;;;;;;;;,,,,,,,,,,,,,,,,,,,,,,
BSH_ADJ;Basotho;Basotho;Basotho;;;;;;;;;;;;x;;;;;;;;;;;;;;;;;;;;;;;;;;;;;;;;;;;;;;;;;;;;;,,,,,,,,,,,,,,,,,,,,,,
BSH_conservative;Royal Faction;Faction royale;Kˆnigsfraktion;;;;;;;;;;;;x;;;;;;;;;;;;;;;;;;;;;;;;;;;;;;;;;;;;;;;;;;;;;,,,,,,,,,,,,,,,,,,,,,,
BSH_liberal;Reform Faction;Faction de rÈforme;Verbesserung Fraktion;;;;;;;;;;;;x;;;;;;;;;;;;;;;;;;;;;;;;;;;;;;;;;;;;;;;;;;;;;,,,,,,,,,,,,,,,,,,,,,,
BSH_reactionary;Empire Faction;Faction d'empire;Reich Fraktion;;;;;;;;;;;;x;;;;;;;;;;;;;;;;;;;;;;;;;;;;;;;;;;;;;;;;;;;;;,,,,,,,,,,,,,,,,,,,,,,
BSH_anarcho_liberal;Radical Faction;Faction radicale;Die radikale Fraktion;;;;;;;;;;;;x;;;;;;;;;;;;;;;;;;;;;;;;;;;;;;;;;;;;;;;;;;;;;,,,,,,,,,,,,,,,,,,,,,,
BSH_socialist;Socialist Faction;Faction socialiste;Die sozialistische Fraktion;;;;;;;;;;;;x;;;;;;;;;;;;;;;;;;;;;;;;;;;;;;;;;;;;;;;;;;;;;,,,,,,,,,,,,,,,,,,,,,,
BSH_communist;Communist Faction;Faction communiste;Die kommunistische Fraktion;;;;;;;;;;;;x;;;;;;;;;;;;;;;;;;;;;;;;;;;;;;;;;;;;;;;;;;;;;,,,,,,,,,,,,,,,,,,,,,,
BSH_fascist;Fascist Faction;Faction fasciste;Die faschistische Fraktion;;;;;;;;;;;;x;;;;;;;;;;;;;;;;;;;;;;;;;;;;;;;;;;;;;;;;;;;;;,,,,,,,,,,,,,,,,,,,,,,
BUG;Uganda;;;;;;;;;;;;;;;;;;;;;;;;;;;x;;;;;;;;;;;;;;;;;;;;;;;;;;;;;;;;,,,,,,,,,,,,,,,,,,,,,,
BUG_absolute_monarchy;Buganda;;;;;;;;;;;;;;;;;;;;;;;;;;;x;;;;;;;;;;;;;;;;;;;;;;;;;;;;;;;;,,,,,,,,,,,,,,,,,,,,,,
BUG_ADJ;Ugandan;;;;;;;;;;;;;;;;;;;;x;;;;;;;;;;;;;;;;;;;;;;;;;;;;;;;;;;;;;;;,,,,,,,,,,,,,,,,,,,,,,
BUG_conservative;Uganda Patriotic Movement;;;;;;;;;;;;;;;;;;;;x;;;;;;;;;;;;;;;;;;;;;;;;;;;;;;;;;;;;;;;,,,,,,,,,,,,,,,,,,,,,,
BUG_liberal;Democratic Party;;;;;;;;;;;;;;;;;;;;x;;;;;;;;;;;;;;;;;;;;;;;;;;;;;;;;;;;;;;;,,,,,,,,,,,,,,,,,,,,,,
BUG_reactionary;Kabaka Yekka;;;;;;;;;;;;;;;;;;;;x;;;;;;;;;;;;;;;;;;;;;;;;;;;;;;;;;;;;;;;,,,,,,,,,,,,,,,,,,,,,,
BUG_anarcho_liberal;Federal Democratic Party;;;;;;;;;;;;;;;;;;;;x;;;;;;;;;;;;;;;;;;;;;;;;;;;;;;;;;;;;;;;,,,,,,,,,,,,,,,,,,,,,,
BUG_socialist;Uganda People's Congress;;;;;;;;;;;;;;;;;;;;x;;;;;;;;;;;;;;;;;;;;;;;;;;;;;;;;;;;;;;;,,,,,,,,,,,,,,,,,,,,,,
BUG_communist;African Farmers Union;;;;;;;;;;;;;;;;;;;;x;;;;;;;;;;;;;;;;;;;;;;;;;;;;;;;;;;;;;;;,,,,,,,,,,,,,,,,,,,,,,
BUG_fascist;Freedom and Unity Front;;;;;;;;;;;;;;;;;;;;x;;;;;;;;;;;;;;;;;;;;;;;;;;;;;;;;;;;;;;;,,,,,,,,,,,,,,,,,,,,,,
CLA;Calabar;Calabar;Calabar;;Calabar;;;;;;;;;;x;;;;;;;;;;;;;;;;;;;;;;;;;;;;;;;;;;;;;;;;;;;;;,,,,,,,,,,,,,,,,,,,,,,
CLA_ADJ;Calabarean;Calabarien;Calabarische;;;;;;;;;;;;x;;;;;;;;;;;;;;;;;;;;;;;;;;;;;;;;;;;;;;;;;;;;;,,,,,,,,,,,,,,,,,,,,,,
CLA_conservative;Duke Town Faction;Faction de Duke Town;Duke Town Fraktion;;;;;;;;;;;;x;;;;;;;;;;;;;;;;;;;;;;;;;;;;;;;;;;;;;;;;;;;;;,,,,,,,,,,,,,,,,,,,,,,
CLA_liberal;Creek Town Faction;Faction de Creek Town;Creek Town Fraktion;;;;;;;;;;;;x;;;;;;;;;;;;;;;;;;;;;;;;;;;;;;;;;;;;;;;;;;;;;,,,,,,,,,,,,,,,,,,,,,,
CLA_reactionary;Empire Faction;Faction d'empire;Reich Fraktion;;;;;;;;;;;;x;;;;;;;;;;;;;;;;;;;;;;;;;;;;;;;;;;;;;;;;;;;;;,,,,,,,,,,,,,,,,,,,,,,
CLA_anarcho_liberal;Radical Faction;Faction radicale;Die radikale Fraktion;;;;;;;;;;;;x;;;;;;;;;;;;;;;;;;;;;;;;;;;;;;;;;;;;;;;;;;;;;,,,,,,,,,,,,,,,,,,,,,,
CLA_socialist;Socialist Faction;Faction socialiste;Die sozialistische Fraktion;;;;;;;;;;;;x;;;;;;;;;;;;;;;;;;;;;;;;;;;;;;;;;;;;;;;;;;;;;,,,,,,,,,,,,,,,,,,,,,,
CLA_communist;Communist Faction;Faction communiste;Die kommunistische Fraktion;;;;;;;;;;;;x;;;;;;;;;;;;;;;;;;;;;;;;;;;;;;;;;;;;;;;;;;;;;,,,,,,,,,,,,,,,,,,,,,,
CLA_fascist;Fascist Faction;Faction fasciste;Die faschistische Fraktion;;;;;;;;;;;;x;;;;;;;;;;;;;;;;;;;;;;;;;;;;;;;;;;;;;;;;;;;;;,,,,,,,,,,,,,,,,,,,,,,
DAH_absolute_monarchy;Dahomey;;;;;;;;;;;;;;;;;;;;;;;;;x;;;;;;;;;;;;;;;;;;;;;;;;;;;;;;;;;;,,,,,,,,,,,,,,,,,,,,,,
DAH_absolute_monarchy_ADJ;Dahomean;;;;;;;;;;;;;;;;;;;;;;;;;;;;;x;;;;;;;;;;;;;;;;;;;;;;;;;;;;;;,,,,,,,,,,,,,,,,,,,,,,
DAH_prussian_constitutionalism;Dahomey;;;;;;;;;;;;;;;;;;;;;;;;;x;;;;;;;;;;;;;;;;;;;;;;;;;;;;;;;;;;,,,,,,,,,,,,,,,,,,,,,,
DAH_prussian_constitutionalism_ADJ;Dahomean;;;;;;;;;;;;;;;;;;;;;;;;;;;;;x;;;;;;;;;;;;;;;;;;;;;;;;;;;;;;,,,,,,,,,,,,,,,,,,,,,,
DAH_hms_government;Dahomey;;;;;;;;;;;;;;;;;;;;;;;;;x;;;;;;;;;;;;;;;;;;;;;;;;;;;;;;;;;;,,,,,,,,,,,,,,,,,,,,,,
DAH_hms_government_ADJ;Dahomean;;;;;;;;;;;;;;;;;;;;;;;;;;;;;x;;;;;;;;;;;;;;;;;;;;;;;;;;;;;;,,,,,,,,,,,,,,,,,,,,,,
DAH;Benin;;;;;;;;;;;;;;;;;;;;;;;x;;;;;;;;;;;;;;;;;;;;;;;;;;;;;;;;;;;;,,,,,,,,,,,,,,,,,,,,,,
DAH_ADJ;Beninese;;;;;;;;;;;;;;;;;;;;;;;x;;;;;;;;;;;;;;;;;;;;;;;;;;;;;;;;;;;;,,,,,,,,,,,,,,,,,,,,,,
DAH_proletarian_dictatorship;People's Republic of Benin;;;;;;;;;;;;;;;;;;;;;;;x;;;;;;;;;;;;;;;;;;;;;;;;;;;;;;;;;;;;,,,,,,,,,,,,,,,,,,,,,,
DAH_conservative;Ahosu Faction;Faction Ahosu;Ahosu Fraktion;;;;;;;;;;;;x;;;;;;;;;;;;;;;;;;;;;;;;;;;;;;;;;;;;;;;;;;;;;,,,,,,,,,,,,,,,,,,,,,,
DAH_liberal;Liberal Faction;Faction LibÈral;Liberale Fraktion;;;;;;;;;;;;x;;;;;;;;;;;;;;;;;;;;;;;;;;;;;;;;;;;;;;;;;;;;;,,,,,,,,,,,,,,,,,,,,,,
DAH_reactionary;Empire Faction;Faction d'empire;Reich Fraktion;;;;;;;;;;;;x;;;;;;;;;;;;;;;;;;;;;;;;;;;;;;;;;;;;;;;;;;;;;,,,,,,,,,,,,,,,,,,,,,,
DAH_conservative_2;Progressive Union;;;;;;;;;;;;x;;;;;;;;;;;;;;;;;;;;;;;;;;;;;;;;;;;;;;;;;;;;;;;,,,,,,,,,,,,,,,,,,,,,,
DAH_reactionary_2;Ethnic Group of the North;;;;;;;;;;;;x;;;;;;;;;;;;;;;;;;;;;;;;;;;;;;;;;;;;;;;;;;;;;;;,,,,,,,,,,,,,,,,,,,,,,
DAH_liberal_2;Republican Party;;;;;;;;;;;;x;;;;;;;;;;;;;;;;;;;;;;;;;;;;;;;;;;;;;;;;;;;;;;;,,,,,,,,,,,,,,,,,,,,,,
DAH_anarcho_liberal;BMFD;;;;;;;;;;;;x;;;;;;;;;;;;;;;;;;;;;;;;;;;;;;;;;;;;;;;;;;;;;;;,,,,,,,,,,,,,,,,,,,,,,
DAH_socialist;African People's Bloc;;;;;;;;;;;;x;;;;;;;;;;;;;;;;;;;;;;;;;;;;;;;;;;;;;;;;;;;;;;;,,,,,,,,,,,,,,,,,,,,,,
DAH_communist;People's Revolutionary Party;;;;;;;;;;;;x;;;;;;;;;;;;;;;;;;;;;;;;;;;;;;;;;;;;;;;;;;;;;;;,,,,,,,,,,,,,,,,,,,,,,
DAH_fascist;Fascist Front;;;;;;;;;;;;x;;;;;;;;;;;;;;;;;;;;;;;;;;;;;;;;;;;;;;;;;;;;;;;,,,,,,,,,,,,,,,,,,,,,,
DAM;Damagaram;Damagaram;Damagaram;;Damgaram;;;;;;;;;;x;;;;;;;;;;;;;;;;;;;;;;;;;;;;;;;;;;;;;;;;;;;;;,,,,,,,,,,,,,,,,,,,,,,
DAM_ADJ;Damagaram;Damagaram;Damagaram;;;;;;;;;;;;x;;;;;;;;;;;;;;;;;;;;;;;;;;;;;;;;;;;;;;;;;;;;;,,,,,,,,,,,,,,,,,,,,,,
DAM_conservative;Sultan's Faction;Faction Sultan;Sultan Fraktion;;;;;;;;;;;;x;;;;;;;;;;;;;;;;;;;;;;;;;;;;;;;;;;;;;;;;;;;;;,,,,,,,,,,,,,,,,,,,,,,
DAM_liberal;Reform Faction;Faction de rÈforme;Verbesserung Fraktion;;;;;;;;;;;;x;;;;;;;;;;;;;;;;;;;;;;;;;;;;;;;;;;;;;;;;;;;;;,,,,,,,,,,,,,,,,,,,,,,
DAM_reactionary;Religious Faction;Faction Religieux;Religiˆse Fraktion;;;;;;;;;;;;x;;;;;;;;;;;;;;;;;;;;;;;;;;;;;;;;;;;;;;;;;;;;;,,,,,,,,,,,,,,,,,,,,,,
DAM_anarcho_liberal;Freedom Faction;Faction de libertÈ;Freiheits Fraktion;;;;;;;;;;;;x;;;;;;;;;;;;;;;;;;;;;;;;;;;;;;;;;;;;;;;;;;;;;,,,,,,,,,,,,,,,,,,,,,,
DAM_socialist;Justice and Equality Movement;Mouvement pour la justice et l'ÈgalitÈ;Bewegung f¸r Gerechtigkeit und Gleichheit;;;;;;;;;;;;x;;;;;;;;;;;;;;;;;;;;;;;;;;;;;;;;;;;;;;;;;;;;;,,,,,,,,,,,,,,,,,,,,,,
DAM_communist;Communist Faction;Faction communiste;Die kommunistische Fraktion;;;;;;;;;;;;x;;;;;;;;;;;;;;;;;;;;;;;;;;;;;;;;;;;;;;;;;;;;;,,,,,,,,,,,,,,,,,,,,,,
DAM_fascist;Fascist Faction;Faction fasciste;Die faschistische Fraktion;;;;;;;;;;;;x;;;;;;;;;;;;;;;;;;;;;;;;;;;;;;;;;;;;;;;;;;;;;,,,,,,,,,,,,,,,,,,,,,,
DAM_proletarian_dictatorship;Hausa Republic;Haoussa;Haussaland;;;;;;;;;;;x;;;;;;;;;;;;;;;;;;;;;;;;;;;;;;;;;;;;;;;;;;;;;;,,,,,,,,,,,,,,,,,,,,,,
DAM_proletarian_dictatorship_ADJ;Hausa;Haoussa;Hausa;;;;;;;;;;;x;;;;;;;;;;;;;;;;;;;;;;;;;;;;;;;;;;;;;;;;;;;;;;,,,,,,,,,,,,,,,,,,,,,,
DAM_presidential_dictatorship;Hausaland;Haoussa;Haussaland;;;;;;;;;;;x;;;;;;;;;;;;;;;;;;;;;;;;;;;;;;;;;;;;;;;;;;;;;;,,,,,,,,,,,,,,,,,,,,,,
DAM_presidential_dictatorship_ADJ;Hausa;Haoussa;Hausa;;;;;;;;;;;x;;;;;;;;;;;;;;;;;;;;;;;;;;;;;;;;;;;;;;;;;;;;;;,,,,,,,,,,,,,,,,,,,,,,
DAM_bourgeois_dictatorship;Hausaland;Haoussa;Haussaland;;;;;;;;;;;x;;;;;;;;;;;;;;;;;;;;;;;;;;;;;;;;;;;;;;;;;;;;;;,,,,,,,,,,,,,,,,,,,,,,
DAM_bourgeois_dictatorship_ADJ;Hausa;Haoussa;Hausa;;;;;;;;;;;x;;;;;;;;;;;;;;;;;;;;;;;;;;;;;;;;;;;;;;;;;;;;;;,,,,,,,,,,,,,,,,,,,,,,
DAM_fascist_dictatorship;Hausaland;Haoussa;Haussaland;;;;;;;;;;;x;;;;;;;;;;;;;;;;;;;;;;;;;;;;;;;;;;;;;;;;;;;;;;,,,,,,,,,,,,,,,,,,,,,,
DAM_fascist_dictatorship_ADJ;Hausa;Haoussa;Hausa;;;;;;;;;;;x;;;;;;;;;;;;;;;;;;;;;;;;;;;;;;;;;;;;;;;;;;;;;;,,,,,,,,,,,,,,,,,,,,,,
DAM_democracy;Hausaland;Haoussa;Haussaland;;;;;;;;;;;x;;;;;;;;;;;;;;;;;;;;;;;;;;;;;;;;;;;;;;;;;;;;;;,,,,,,,,,,,,,,,,,,,,,,
DAM_democracy_ADJ;Hausa;Haoussa;Hausa;;;;;;;;;;;x;;;;;;;;;;;;;;;;;;;;;;;;;;;;;;;;;;;;;;;;;;;;;;,,,,,,,,,,,,,,,,,,,,,,
DAR;Darfur;Darfour;Darfur;;Darfur;;;;;;;;;;x;;;;;;;;;;;;;;;;;;;;;;;;;;;;;;;;;;;;;;;;;;;;;,,,,,,,,,,,,,,,,,,,,,,
DAR_ADJ;Darfuri;Darfourienne;Darfur;;;;;;;;;;;;x;;;;;;;;;;;;;;;;;;;;;;;;;;;;;;;;;;;;;;;;;;;;;,,,,,,,,,,,,,,,,,,,,,,
DAR_conservative;Sultan's Faction;Faction sultan;Sultan Fraktion;;;;;;;;;;;;x;;;;;;;;;;;;;;;;;;;;;;;;;;;;;;;;;;;;;;;;;;;;;,,,,,,,,,,,,,,,,,,,,,,
DAR_liberal;Reform Faction;Faction de rÈforme;Verbesserung Fraktion;;;;;;;;;;;;x;;;;;;;;;;;;;;;;;;;;;;;;;;;;;;;;;;;;;;;;;;;;;,,,,,,,,,,,,,,,,,,,,,,
DAR_reactionary;Religious Faction;Faction Religieux;Religiˆse Fraktion;;;;;;;;;;;;x;;;;;;;;;;;;;;;;;;;;;;;;;;;;;;;;;;;;;;;;;;;;;,,,,,,,,,,,,,,,,,,,,,,
DAR_anarcho_liberal;Freedom Faction;Faction de libertÈ;Freiheits Fraktion;;;;;;;;;;;;x;;;;;;;;;;;;;;;;;;;;;;;;;;;;;;;;;;;;;;;;;;;;;,,,,,,,,,,,,,,,,,,,,,,
DAR_socialist;Justice and Equality Movement;Mouvement pour la justice et l'ÈgalitÈ;Bewegung f¸r Gerechtigkeit und Gleichheit;;;;;;;;;;;;x;;;;;;;;;;;;;;;;;;;;;;;;;;;;;;;;;;;;;;;;;;;;;,,,,,,,,,,,,,,,,,,,,,,
DAR_communist;Communist Faction;Faction communiste;Die kommunistische Fraktion;;;;;;;;;;;;x;;;;;;;;;;;;;;;;;;;;;;;;;;;;;;;;;;;;;;;;;;;;;,,,,,,,,,,,,,,,,,,,,,,
DAR_fascist;Fascist Faction;Faction fasciste;Die faschistische Fraktion;;;;;;;;;;;;x;;;;;;;;;;;;;;;;;;;;;;;;;;;;;;;;;;;;;;;;;;;;;,,,,,,,,,,,,,,,,,,,,,,
DND;Dendi;Dendi;Dendi;;Dendi;;;;;;;;;;x;;;;;;;;;;;;;;;;;;;;;;;;;;;;;;;;;;;;;;;;;;;;;,,,,,,,,,,,,,,,,,,,,,,
DND_ADJ;Dendi;Dendi;Dendi;;;;;;;;;;;;x;;;;;;;;;;;;;;;;;;;;;;;;;;;;;;;;;;;;;;;;;;;;;,,,,,,,,,,,,,,,,,,,,,,
DND_conservative;Askiya Faction;Faction Askiya;Askiya Fraktion;;;;;;;;;;;;x;;;;;;;;;;;;;;;;;;;;;;;;;;;;;;;;;;;;;;;;;;;;;,,,,,,,,,,,,,,,,,,,,,,
DND_liberal;Reform Faction;Faction de rÈforme;Verbesserung Fraktion;;;;;;;;;;;;x;;;;;;;;;;;;;;;;;;;;;;;;;;;;;;;;;;;;;;;;;;;;;,,,,,,,,,,,,,,,,,,,,,,
DND_reactionary;Religious Faction;Faction Religieux;Religiˆse Fraktion;;;;;;;;;;;;x;;;;;;;;;;;;;;;;;;;;;;;;;;;;;;;;;;;;;;;;;;;;;,,,,,,,,,,,,,,,,,,,,,,
DND_anarcho_liberal;Freedom Faction;Faction de libertÈ;Freiheits Fraktion;;;;;;;;;;;;x;;;;;;;;;;;;;;;;;;;;;;;;;;;;;;;;;;;;;;;;;;;;;,,,,,,,,,,,,,,,,,,,,,,
DND_socialist;Justice and Equality Movement;Mouvement pour la justice et l'ÈgalitÈ;Bewegung f¸r Gerechtigkeit und Gleichheit;;;;;;;;;;;;x;;;;;;;;;;;;;;;;;;;;;;;;;;;;;;;;;;;;;;;;;;;;;,,,,,,,,,,,,,,,,,,,,,,
DND_communist;Communist Faction;Faction communiste;Die kommunistische Fraktion;;;;;;;;;;;;x;;;;;;;;;;;;;;;;;;;;;;;;;;;;;;;;;;;;;;;;;;;;;,,,,,,,,,,,,,,,,,,,,,,
DND_fascist;Fascist Faction;Faction fasciste;Die faschistische Fraktion;;;;;;;;;;;;x;;;;;;;;;;;;;;;;;;;;;;;;;;;;;;;;;;;;;;;;;;;;;,,,,,,,,,,,,,,,,,,,,,,
DND_proletarian_dictatorship;Songhai Republic;Songhay;Songhai;;;;;;;;;;;x;;;;;;;;;;;;;;;;;;;;;;;;;;;;;;;;;;;;;;;;;;;;;;,,,,,,,,,,,,,,,,,,,,,,
DND_proletarian_dictatorship_ADJ;Songhai;SonrhaÔs;Songhai;;;;;;;;;;;x;;;;;;;;;;;;;;;;;;;;;;;;;;;;;;;;;;;;;;;;;;;;;;,,,,,,,,,,,,,,,,,,,,,,
DND_presidential_dictatorship;Songhai;Songhay;Songhai;;;;;;;;;;;x;;;;;;;;;;;;;;;;;;;;;;;;;;;;;;;;;;;;;;;;;;;;;;,,,,,,,,,,,,,,,,,,,,,,
DND_presidential_dictatorship_ADJ;Songhai;SonrhaÔs;Songhai;;;;;;;;;;;x;;;;;;;;;;;;;;;;;;;;;;;;;;;;;;;;;;;;;;;;;;;;;;,,,,,,,,,,,,,,,,,,,,,,
DND_bourgeois_dictatorship;Songhai;Songhay;Songhai;;;;;;;;;;;x;;;;;;;;;;;;;;;;;;;;;;;;;;;;;;;;;;;;;;;;;;;;;;,,,,,,,,,,,,,,,,,,,,,,
DND_bourgeois_dictatorship_ADJ;Songhai;SonrhaÔs;Songhai;;;;;;;;;;;x;;;;;;;;;;;;;;;;;;;;;;;;;;;;;;;;;;;;;;;;;;;;;;,,,,,,,,,,,,,,,,,,,,,,
DND_fascist_dictatorship;Dendi Republic;Dendi;Dendi;;Dendi;;;;;;;;;;x;;;;;;;;;;;;;;;;;;;;;;;;;;;;;;;;;;;;;;;;;;;;;,,,,,,,,,,,,,,,,,,,,,,
DND_democracy;Songhai;Songhay;Songhai;;;;;;;;;;;x;;;;;;;;;;;;;;;;;;;;;;;;;;;;;;;;;;;;;;;;;;;;;;,,,,,,,,,,,,,,,,,,,,,,
DND_democracy_ADJ;Songhai;SonrhaÔs;Songhai;;;;;;;;;;;x;;;;;;;;;;;;;;;;;;;;;;;;;;;;;;;;;;;;;;;;;;;;;;,,,,,,,,,,,,,,,,,,,,,,
GBU;Guinea-Bissau;;;;;;;;;;;;;;;;;;;;;;;;;;x;;;;;;;;;;;;;;;;;;;;;;;;;;;;;;;;;,,,,,,,,,,,,,,,,,,,,,,
GBU_absolute_monarchy;Gabu;;;;;;;;;;;;;;;;;;;;;;;;;x;;;;;;;;;;;;;;;;;;;;;;;;;;;;;;;;;;,,,,,,,,,,,,,,,,,,,,,,
GBU_absolute_monarchy_ADJ;Gabuan;;;;;;;;;;;;;;;;;;;;;;;;;x;;;;;;;;;;;;;;;;;;;;;;;;;;;;;;;;;;,,,,,,,,,,,,,,,,,,,,,,
GBU_ADJ;Bissau-Guinean;;;;;;;;;;;;;;;;;;;;;;;;;x;;;;;;;;;;;;;;;;;;;;;;;;;;;;;;;;;;,,,,,,,,,,,,,,,,,,,,,,
GBU_conservative;Mansaba Faction;Faction Mansaba;Mansaba Fraktion;;;;;;;;;;;;x;;;;;;;;;;;;;;;;;;;;;;;;;;;;;;;;;;;;;;;;;;;;;,,,,,,,,,,,,,,,,,,,,,,
GBU_liberal;Reform Faction;Faction de rÈforme;Verbesserung Fraktion;;;;;;;;;;;;x;;;;;;;;;;;;;;;;;;;;;;;;;;;;;;;;;;;;;;;;;;;;;,,,,,,,,,,,,,,,,,,,,,,
GBU_reactionary;Empire Faction;Faction d'empire;Reich Fraktion;;;;;;;;;;;;x;;;;;;;;;;;;;;;;;;;;;;;;;;;;;;;;;;;;;;;;;;;;;,,,,,,,,,,,,,,,,,,,,,,
GBU_conservative_2;Democratic Front;;;;;;;;;;;;;;;x;;;;;;;;;;;;;;;;;;;;;;;;;;;;;;;;;;;;;;;;;;;;,,,,,,,,,,,,,,,,,,,,,,
GBU_liberal_2;Party for Social Renewal;;;;;;;;;;;;;;;x;;;;;;;;;;;;;;;;;;;;;;;;;;;;;;;;;;;;;;;;;;;;,,,,,,,,,,,,,,,,,,,,,,
GBU_reactionary_2;Guinean Civic Forum;;;;;;;;;;;;;;;x;;;;;;;;;;;;;;;;;;;;;;;;;;;;;;;;;;;;;;;;;;;;,,,,,,,,,,,,,,,,,,,,,,
GBU_anarcho_liberal;Democratic Party of Progress;;;;;;;;;;;;;;;x;;;;;;;;;;;;;;;;;;;;;;;;;;;;;;;;;;;;;;;;;;;;,,,,,,,,,,,,,,,,,,,,,,
GBU_socialist;Struggle Front for Independence;;;;;;;;;;;;;;;;;;;;;;x;;;;;;;;;;;;;;;;;;;;;;;;;;;;;;;;;;;;;,,,,,,,,,,,,,,,,,,,,,,
GBU_communist;African Party of Independence;;;;;;;;;;;;;;;;;;;;;x;;;;;;;;;;;;;;;;;;;;;;;;;;;;;;;;;;;;;;,,,,,,,,,,,,,,,,,,,,,,
GBU_fascist;Bafat· Movement;;;;;;;;;;;;;;;;;;;;;x;;;;;;;;;;;;;;;;;;;;;;;;;;;;;;;;;;;;;;,,,,,,,,,,,,,,,,,,,,,,
GEL;Geledi;Geledi;Geledi;;Geledi;;;;;;;;;;x;;;;;;;;;;;;;;;;;;;;;;;;;;;;;;;;;;;;;;;;;;;;;,,,,,,,,,,,,,,,,,,,,,,
GEL_ADJ;Geledi;Geledien;Geledisch;;;;;;;;;;;;x;;;;;;;;;;;;;;;;;;;;;;;;;;;;;;;;;;;;;;;;;;;;;,,,,,,,,,,,,,,,,,,,,,,
GEL_conservative;Sheikal Faction;Faction Sheikal;Scheichsfraktion;;FacciÛn de jeques;;;;;;;;;x;;;;;;;;;;;;;;;;;;;;;;;;;;;;;;;;;;;;;;;;;;;;;;,,,,,,,,,,,,,,,,,,,,,,
GEL_liberal;The Liberal Faction;Faction libÈrale;Die liberale Fraktion;;La facciÛn liberal;;;;;;;;;x;;;;;;;;;;;;;;;;;;;;;;;;;;;;;;;;;;;;;;;;;;;;;;,,,,,,,,,,,,,,,,,,,,,,
GEL_reactionary;The Nationalist Faction;Faction nationaliste;Die nationalistische Fraktion;;La facciÛn nacionalista;;;;;;;;;x;;;;;;;;;;;;;;;;;;;;;;;;;;;;;;;;;;;;;;;;;;;;;;,,,,,,,,,,,,,,,,,,,,,,
GEL_anarcho_liberal;The Radical Faction;Faction radicale;Die radikale Fraktion;;La facciÛn radical;;;;;;;;;x;;;;;;;;;;;;;;;;;;;;;;;;;;;;;;;;;;;;;;;;;;;;;;,,,,,,,,,,,,,,,,,,,,,,
GEL_socialist;The Socialist Faction;Faction socialiste;Die sozialistische Fraktion;;La facciÛn socialista;;;;;;;;;x;;;;;;;;;;;;;;;;;;;;;;;;;;;;;;;;;;;;;;;;;;;;;;,,,,,,,,,,,,,,,,,,,,,,
GEL_communist;The Communist Faction;Faction communiste;Die kommunistische Fraktion;;La facciÛn comunista;;;;;;;;;x;;;;;;;;;;;;;;;;;;;;;;;;;;;;;;;;;;;;;;;;;;;;;;,,,,,,,,,,,,,,,,,,,,,,
GEL_fascist;The Greater Somalia Faction;La Faction Grande Somalie;Die Grˆﬂere Somalia Fraktion;;El Gran Somalia FacciÛn;;;;;;;;;x;;;;;;;;;;;;;;;;;;;;;;;;;;;;;;;;;;;;;;;;;;;;;;,,,,,,,,,,,,,,,,,,,,,,
JAL;Futa Jallon;Fouta Djalon;Fuuta Jalon;;Fouta Yallon;;;;;;;;;;x;;;;;;;;;;;;;;;;;;;;;;;;;;;;;;;;;;;;;;;;;;;;;,,,,,,,,,,,,,,,,,,,,,,
JAL_ADJ;Jallon;Djalon;Jalon;;;;;;;;;;;;x;;;;;;;;;;;;;;;;;;;;;;;;;;;;;;;;;;;;;;;;;;;;;,,,,,,,,,,,,,,,,,,,,,,
JAL_conservative;Almami's Faction;Faction Almami;Almami Fraktion;;;;;;;;;;;;x;;;;;;;;;;;;;;;;;;;;;;;;;;;;;;;;;;;;;;;;;;;;;,,,,,,,,,,,,,,,,,,,,,,
JAL_liberal;Liberal Faction;Faction libÈrale;Die liberale Fraktion;;;;;;;;;;;;x;;;;;;;;;;;;;;;;;;;;;;;;;;;;;;;;;;;;;;;;;;;;;,,,,,,,,,,,,,,,,,,,,,,
JAL_reactionary;The Jihadis;Les djihadistes;Das Jihadis;;;;;;;;;;;;x;;;;;;;;;;;;;;;;;;;;;;;;;;;;;;;;;;;;;;;;;;;;;,,,,,,,,,,,,,,,,,,,,,,
JAL_anarcho_liberal;Radical Faction;Faction radicale;Die radikale Fraktion;;;;;;;;;;;;x;;;;;;;;;;;;;;;;;;;;;;;;;;;;;;;;;;;;;;;;;;;;;,,,,,,,,,,,,,,,,,,,,,,
JAL_socialist;Socialist Faction;Faction socialiste;Die sozialistische Fraktion;;;;;;;;;;;;x;;;;;;;;;;;;;;;;;;;;;;;;;;;;;;;;;;;;;;;;;;;;;,,,,,,,,,,,,,,,,,,,,,,
JAL_communist;Communist Faction;Faction communiste;Die kommunistische Fraktion;;;;;;;;;;;;x;;;;;;;;;;;;;;;;;;;;;;;;;;;;;;;;;;;;;;;;;;;;;,,,,,,,,,,,,,,,,,,,,,,
JAL_fascist;Fascist Faction;Faction fasciste;Die faschistische Fraktion;;;;;;;;;;;;x;;;;;;;;;;;;;;;;;;;;;;;;;;;;;;;;;;;;;;;;;;;;;,,,,,,,,,,,,,,,,,,,,,,
KBO;Agisymba;Agisymba;Agisymba;;Agisymba;;;;;;;;;;x;;;;;;;;;;;;;;;;;;;;;;;;;;;;;;;;;;;;;;;;;;;;;,,,,,,,,,,,,,,,,,,,,,,
KBO_ADJ;Agisymban;Agisymban;Agisymban;;;;;;;;;;;;x;;;;;;;;;;;;;;;;;;;;;;;;;;;;;;;;;;;;;;;;;;;;;,,,,,,,,,,,,,,,,,,,,,,
KBO_conservative;Mai Faction;Faction Mai;Mai Fraktion;;;;;;;;;;;;x;;;;;;;;;;;;;;;;;;;;;;;;;;;;;;;;;;;;;;;;;;;;;,,,,,,,,,,,,,,,,,,,,,,
KBO_liberal;Reform Faction;Faction de rÈforme;Verbesserung Fraktion;;;;;;;;;;;;x;;;;;;;;;;;;;;;;;;;;;;;;;;;;;;;;;;;;;;;;;;;;;,,,,,,,,,,,,,,,,,,,,,,
KBO_reactionary;Religious Faction;Religieux Faction;Religiˆse Fraktion;;;;;;;;;;;;x;;;;;;;;;;;;;;;;;;;;;;;;;;;;;;;;;;;;;;;;;;;;;,,,,,,,,,,,,,,,,,,,,,,
KBO_anarcho_liberal;Freedom Faction;Faction de libertÈ;Freiheits Fraktion;;;;;;;;;;;;x;;;;;;;;;;;;;;;;;;;;;;;;;;;;;;;;;;;;;;;;;;;;;,,,,,,,,,,,,,,,,,,,,,,
KBO_socialist;People's welfare Faction;Faction du bien-Ítre populaire;Volksbetreuungsamt Fraktion;;;;;;;;;;;;x;;;;;;;;;;;;;;;;;;;;;;;;;;;;;;;;;;;;;;;;;;;;;,,,,,,,,,,,,,,,,,,,,,,
KBO_communist;Communist Faction;Faction communiste;Die kommunistische Fraktion;;;;;;;;;;;;x;;;;;;;;;;;;;;;;;;;;;;;;;;;;;;;;;;;;;;;;;;;;;,,,,,,,,,,,,,,,,,,,,,,
KBO_fascist;Greater Kanem-Bornu Faction;Faction du Grand Empire du Kanem-Bornou;Groﬂer Kanem-Bornu ReichFraktion;;;;;;;;;;;;x;;;;;;;;;;;;;;;;;;;;;;;;;;;;;;;;;;;;;;;;;;;;;,,,,,,,,,,,,,,,,,,,,,,
KNG;Wattara;Ouattara;Wattara;;Wattara;;;;;;;;;;x;;;;;;;;;;;;;;;;;;;;;;;;;;;;;;;;;;;;;;;;;;;;;,,,,,,,,,,,,,,,,,,,,,,
KNG_ADJ;Wattaran;Wattaran;Wattaran;;;;;;;;;;;;x;;;;;;;;;;;;;;;;;;;;;;;;;;;;;;;;;;;;;;;;;;;;;,,,,,,,,,,,,,,,,,,,,,,
KNG_conservative;Fama's Faction;Faction Fama;Fama Fraktion;;;;;;;;;;;;x;;;;;;;;;;;;;;;;;;;;;;;;;;;;;;;;;;;;;;;;;;;;;,,,,,,,,,,,,,,,,,,,,,,
KNG_liberal;Liberal Faction;Faction libÈrale;Die liberale Fraktion;;;;;;;;;;;;x;;;;;;;;;;;;;;;;;;;;;;;;;;;;;;;;;;;;;;;;;;;;;,,,,,,,,,,,,,,,,,,,,,,
KNG_reactionary;Religious Faction;Religieux Faction;Religiˆse Fraktion;;;;;;;;;;;;x;;;;;;;;;;;;;;;;;;;;;;;;;;;;;;;;;;;;;;;;;;;;;,,,,,,,,,,,,,,,,,,,,,,
KNG_anarcho_liberal;Radical Faction;Faction radicale;Die radikale Fraktion;;;;;;;;;;;;x;;;;;;;;;;;;;;;;;;;;;;;;;;;;;;;;;;;;;;;;;;;;;,,,,,,,,,,,,,,,,,,,,,,
KNG_socialist;Socialist Faction;Faction socialiste;Die sozialistische Fraktion;;;;;;;;;;;;x;;;;;;;;;;;;;;;;;;;;;;;;;;;;;;;;;;;;;;;;;;;;;,,,,,,,,,,,,,,,,,,,,,,
KNG_communist;Communist Faction;Faction communiste;Die kommunistische Fraktion;;;;;;;;;;;;x;;;;;;;;;;;;;;;;;;;;;;;;;;;;;;;;;;;;;;;;;;;;;,,,,,,,,,,,,,,,,,,,,,,
KNG_fascist;Fascist Faction;Faction fasciste;Die faschistische Fraktion;;;;;;;;;;;;x;;;;;;;;;;;;;;;;;;;;;;;;;;;;;;;;;;;;;;;;;;;;;,,,,,,,,,,,,,,,,,,,,,,
KON;Kongo;Kongo;Kongo;;Congo;;;;;;;;;;x;;;;;;;;;;;;;;;;;;;;;;;;;;;;;;;;;;;;;;;;;;;;;,,,,,,,,,,,,,,,,,,,,,,
KON_ADJ;Kongolese;Kongolaise;Kongolesische;;;;;;;;;;;;x;;;;;;;;;;;;;;;;;;;;;;;;;;;;;;;;;;;;;;;;;;;;;,,,,,,,,,,,,,,,,,,,,,,
KON_conservative;MweneKongo Faction;Faction MweneKongo;MweneKongo Fraktion;;;;;;;;;;;;x;;;;;;;;;;;;;;;;;;;;;;;;;;;;;;;;;;;;;;;;;;;;;,,,,,,,,,,,,,,,,,,,,,,
KON_liberal;Reform Faction;Faction de rÈforme;Verbesserung Fraktion;;;;;;;;;;;;x;;;;;;;;;;;;;;;;;;;;;;;;;;;;;;;;;;;;;;;;;;;;;,,,,,,,,,,,,,,,,,,,,,,
KON_reactionary;Religious Faction;Religieux Faction;Religiˆse Fraktion;;;;;;;;;;;;x;;;;;;;;;;;;;;;;;;;;;;;;;;;;;;;;;;;;;;;;;;;;;,,,,,,,,,,,,,,,,,,,,,,
KON_anarcho_liberal;Radical Faction;Faction radicale;Die radikale Fraktion;;;;;;;;;;;;x;;;;;;;;;;;;;;;;;;;;;;;;;;;;;;;;;;;;;;;;;;;;;,,,,,,,,,,,,,,,,,,,,,,
KON_socialist;Socialist Faction;Faction socialiste;Die sozialistische Fraktion;;;;;;;;;;;;x;;;;;;;;;;;;;;;;;;;;;;;;;;;;;;;;;;;;;;;;;;;;;,,,,,,,,,,,,,,,,,,,,,,
KON_communist;Communist Faction;Faction communiste;Die kommunistische Fraktion;;;;;;;;;;;;x;;;;;;;;;;;;;;;;;;;;;;;;;;;;;;;;;;;;;;;;;;;;;,,,,,,,,,,,,,,,,,,,,,,
KON_fascist;Fascist Faction;Faction fasciste;Die faschistische Fraktion;;;;;;;;;;;;x;;;;;;;;;;;;;;;;;;;;;;;;;;;;;;;;;;;;;;;;;;;;;,,,,,,,,,,,,,,,,,,,,,,
KUB;Kuba;Kuba;Kuba;;Kuba;;;;;;;;;;x;;;;;;;;;;;;;;;;;;;;;;;;;;;;;;;;;;;;;;;;;;;;;,,,,,,,,,,,,,,,,,,,,,,
KUB_ADJ;Kuba;Kuba;Kuba;;;;;;;;;;;;x;;;;;;;;;;;;;;;;;;;;;;;;;;;;;;;;;;;;;;;;;;;;;,,,,,,,,,,,,,,,,,,,,,,
KUB_conservative;Nyim's Faction;Faction Nyim;Nyim Fraktion;;;;;;;;;;;;x;;;;;;;;;;;;;;;;;;;;;;;;;;;;;;;;;;;;;;;;;;;;;,,,,,,,,,,,,,,,,,,,,,,
KUB_liberal;Reform Faction;Faction de rÈforme;Verbesserung Fraktion;;;;;;;;;;;;x;;;;;;;;;;;;;;;;;;;;;;;;;;;;;;;;;;;;;;;;;;;;;,,,,,,,,,,,,,,,,,,,,,,
KUB_reactionary;Aristocrat's faction;Faction des aristocrates;Aristokraten Fraktion;;;;;;;;;;;;x;;;;;;;;;;;;;;;;;;;;;;;;;;;;;;;;;;;;;;;;;;;;;,,,,,,,,,,,,,,,,,,,,,,
KUB_anarcho_liberal;Radical Faction;Faction radicale;Die radikale Fraktion;;;;;;;;;;;;x;;;;;;;;;;;;;;;;;;;;;;;;;;;;;;;;;;;;;;;;;;;;;,,,,,,,,,,,,,,,,,,,,,,
KUB_socialist;Socialist Faction;Faction socialiste;Die sozialistische Fraktion;;;;;;;;;;;;x;;;;;;;;;;;;;;;;;;;;;;;;;;;;;;;;;;;;;;;;;;;;;,,,,,,,,,,,,,,,,,,,,,,
KUB_communist;Communist Faction;Faction communiste;Die kommunistische Fraktion;;;;;;;;;;;;x;;;;;;;;;;;;;;;;;;;;;;;;;;;;;;;;;;;;;;;;;;;;;,,,,,,,,,,,,,,,,,,,,,,
KUB_fascist;Fascist Faction;Faction fasciste;Die faschistische Fraktion;;;;;;;;;;;;x;;;;;;;;;;;;;;;;;;;;;;;;;;;;;;;;;;;;;;;;;;;;;,,,,,,,,,,,,,,,,,,,,,,
KZB;Kazembe;Kazembe;Kazembe;;Cazembe;;;;;;;;;;x;;;;;;;;;;;;;;;;;;;;;;;;;;;;;;;;;;;;;;;;;;;;;,,,,,,,,,,,,,,,,,,,,,,
KZB_ADJ;Kazembe;Kazembe;Kazembe;;;;;;;;;;;;x;;;;;;;;;;;;;;;;;;;;;;;;;;;;;;;;;;;;;;;;;;;;;,,,,,,,,,,,,,,,,,,,,,,
KZB_conservative;Mwata Faction;Faction Mwata;Mwata fraktion;;;;;;;;;;;;x;;;;;;;;;;;;;;;;;;;;;;;;;;;;;;;;;;;;;;;;;;;;;,,,,,,,,,,,,,,,,,,,,,,
KZB_liberal;Reform Faction;Faction de rÈforme;Verbesserung Fraktion;;;;;;;;;;;;x;;;;;;;;;;;;;;;;;;;;;;;;;;;;;;;;;;;;;;;;;;;;;,,,,,,,,,,,,,,,,,,,,,,
KZB_reactionary;Empire Faction;Faction d'empire;Reich Fraktion;;;;;;;;;;;;x;;;;;;;;;;;;;;;;;;;;;;;;;;;;;;;;;;;;;;;;;;;;;,,,,,,,,,,,,,,,,,,,,,,
KZB_anarcho_liberal;Radical Faction;Faction radicale;Die radikale Fraktion;;;;;;;;;;;;x;;;;;;;;;;;;;;;;;;;;;;;;;;;;;;;;;;;;;;;;;;;;;,,,,,,,,,,,,,,,,,,,,,,
KZB_socialist;Socialist Faction;Faction socialiste;Die sozialistische Fraktion;;;;;;;;;;;;x;;;;;;;;;;;;;;;;;;;;;;;;;;;;;;;;;;;;;;;;;;;;;,,,,,,,,,,,,,,,,,,,,,,
KZB_communist;Communist Faction;Faction communiste;Die kommunistische Fraktion;;;;;;;;;;;;x;;;;;;;;;;;;;;;;;;;;;;;;;;;;;;;;;;;;;;;;;;;;;,,,,,,,,,,,,,,,,,,,,,,
KZB_fascist;Fascist Faction;Faction fasciste;Die faschistische Fraktion;;;;;;;;;;;;x;;;;;;;;;;;;;;;;;;;;;;;;;;;;;;;;;;;;;;;;;;;;;,,,,,,,,,,,,,,,,,,,,,,
LBA;Luba;Luba;Luba;;Luba;;;;;;;;;;x;;;;;;;;;;;;;;;;;;;;;;;;;;;;;;;;;;;;;;;;;;;;;,,,,,,,,,,,,,,,,,,,,,,
LBA_ADJ;Luba;Luba;Luba;;;;;;;;;;;;x;;;;;;;;;;;;;;;;;;;;;;;;;;;;;;;;;;;;;;;;;;;;;,,,,,,,,,,,,,,,,,,,,,,
LBA_conservative;Royal Faction;Faction royale;Kˆnigsfraktion;;;;;;;;;;;;x;;;;;;;;;;;;;;;;;;;;;;;;;;;;;;;;;;;;;;;;;;;;;,,,,,,,,,,,,,,,,,,,,,,
LBA_liberal;Reform Faction;Faction de rÈforme;Verbesserung Fraktion;;;;;;;;;;;;x;;;;;;;;;;;;;;;;;;;;;;;;;;;;;;;;;;;;;;;;;;;;;,,,,,,,,,,,,,,,,,,,,,,
LBA_reactionary;Empire Faction;Faction d'empire;Reich Fraktion;;;;;;;;;;;;x;;;;;;;;;;;;;;;;;;;;;;;;;;;;;;;;;;;;;;;;;;;;;,,,,,,,,,,,,,,,,,,,,,,
LBA_anarcho_liberal;Radical Faction;Faction radicale;Die radikale Fraktion;;;;;;;;;;;;x;;;;;;;;;;;;;;;;;;;;;;;;;;;;;;;;;;;;;;;;;;;;;,,,,,,,,,,,,,,,,,,,,,,
LBA_socialist;Socialist Faction;Faction socialiste;Die sozialistische Fraktion;;;;;;;;;;;;x;;;;;;;;;;;;;;;;;;;;;;;;;;;;;;;;;;;;;;;;;;;;;,,,,,,,,,,,,,,,,,,,,,,
LBA_communist;Communist Faction;Faction communiste;Die kommunistische Fraktion;;;;;;;;;;;;x;;;;;;;;;;;;;;;;;;;;;;;;;;;;;;;;;;;;;;;;;;;;;,,,,,,,,,,,,,,,,,,,,,,
LBA_fascist;Fascist Faction;Faction fasciste;Die faschistische Fraktion;;;;;;;;;;;;x;;;;;;;;;;;;;;;;;;;;;;;;;;;;;;;;;;;;;;;;;;;;;,,,,,,,,,,,,,,,,,,,,,,
LOA;Loango;Loango;Loango;;Loango;;;;;;;;;;x;;;;;;;;;;;;;;;;;;;;;;;;;;;;;;;;;;;;;;;;;;;;;,,,,,,,,,,,,,,,,,,,,,,
LOA_ADJ;Loangoese;Loangoaise;Loangoische;;;;;;;;;;;;x;;;;;;;;;;;;;;;;;;;;;;;;;;;;;;;;;;;;;;;;;;;;;,,,,,,,,,,,,,,,,,,,,,,
LOA_conservative;Ma Lw„„gu's Faction;Faction Ma Lw„„gu;Ma Lw„„gu Fraktion;;;;;;;;;;;;x;;;;;;;;;;;;;;;;;;;;;;;;;;;;;;;;;;;;;;;;;;;;;,,,,,,,,,,,,,,,,,,,,,,
LOA_liberal;Reform Faction;Faction de rÈforme;Verbesserung Fraktion;;;;;;;;;;;;x;;;;;;;;;;;;;;;;;;;;;;;;;;;;;;;;;;;;;;;;;;;;;,,,,,,,,,,,,,,,,,,,,,,
LOA_reactionary;Traditions Faction;Faction des traditions;Traditionen Fraktion;;;;;;;;;;;;x;;;;;;;;;;;;;;;;;;;;;;;;;;;;;;;;;;;;;;;;;;;;;,,,,,,,,,,,,,,,,,,,,,,
LOA_anarcho_liberal;Radical Faction;Faction radicale;Die radikale Fraktion;;;;;;;;;;;;x;;;;;;;;;;;;;;;;;;;;;;;;;;;;;;;;;;;;;;;;;;;;;,,,,,,,,,,,,,,,,,,,,,,
LOA_socialist;Socialist Faction;Faction socialiste;Die sozialistische Fraktion;;;;;;;;;;;;x;;;;;;;;;;;;;;;;;;;;;;;;;;;;;;;;;;;;;;;;;;;;;,,,,,,,,,,,,,,,,,,,,,,
LOA_communist;Communist Faction;Faction communiste;Die kommunistische Fraktion;;;;;;;;;;;;x;;;;;;;;;;;;;;;;;;;;;;;;;;;;;;;;;;;;;;;;;;;;;,,,,,,,,,,,,,,,,,,,,,,
LOA_fascist;Fascist Faction;Faction fasciste;Die faschistische Fraktion;;;;;;;;;;;;x;;;;;;;;;;;;;;;;;;;;;;;;;;;;;;;;;;;;;;;;;;;;;,,,,,,,,,,,,,,,,,,,,,,
LUN;Lunda;Lunda;Lunda;;Lunda;;;;;;;;;;x;;;;;;;;;;;;;;;;;;;;;;;;;;;;;;;;;;;;;;;;;;;;;,,,,,,,,,,,,,,,,,,,,,,
LUN_ADJ;Lunda;Lundas;Lunda;;;;;;;;;;;;x;;;;;;;;;;;;;;;;;;;;;;;;;;;;;;;;;;;;;;;;;;;;;,,,,,,,,,,,,,,,,,,,,,,
LUN_conservative;Royal Faction;Faction royale;Kˆnigsfraktion;;;;;;;;;;;;x;;;;;;;;;;;;;;;;;;;;;;;;;;;;;;;;;;;;;;;;;;;;;,,,,,,,,,,,,,,,,,,,,,,
LUN_liberal;Reform Faction;Faction de rÈforme;Verbesserung Fraktion;;;;;;;;;;;;x;;;;;;;;;;;;;;;;;;;;;;;;;;;;;;;;;;;;;;;;;;;;;,,,,,,,,,,,,,,,,,,,,,,
LUN_reactionary;Empire Faction;Faction d'empire;Reich Fraktion;;;;;;;;;;;;x;;;;;;;;;;;;;;;;;;;;;;;;;;;;;;;;;;;;;;;;;;;;;,,,,,,,,,,,,,,,,,,,,,,
LUN_anarcho_liberal;Radical Faction;Faction radicale;Die radikale Fraktion;;;;;;;;;;;;x;;;;;;;;;;;;;;;;;;;;;;;;;;;;;;;;;;;;;;;;;;;;;,,,,,,,,,,,,,,,,,,,,,,
LUN_socialist;Socialist Faction;Faction socialiste;Die sozialistische Fraktion;;;;;;;;;;;;x;;;;;;;;;;;;;;;;;;;;;;;;;;;;;;;;;;;;;;;;;;;;;,,,,,,,,,,,,,,,,,,,,,,
LUN_communist;Communist Faction;Faction communiste;Die kommunistische Fraktion;;;;;;;;;;;;x;;;;;;;;;;;;;;;;;;;;;;;;;;;;;;;;;;;;;;;;;;;;;,,,,,,,,,,,,,,,,,,,,,,
LUN_fascist;Fascist Faction;Faction fasciste;Die faschistische Fraktion;;;;;;;;;;;;x;;;;;;;;;;;;;;;;;;;;;;;;;;;;;;;;;;;;;;;;;;;;;,,,,,,,,,,,,,,,,,,,,,,
MAJ;Majeerteen;Majeerteen;Majeerteen;;Majeerteen;;;;;;;;;;x;;;;;;;;;;;;;;;;;;;;;;;;;;;;;;;;;;;;;;;;;;;;;,,,,,,,,,,,,,,,,,,,,,,
MAJ_ADJ;Majeerteen;Majeerteenien;Majeerteenisch;;;;;;;;;;;;x;;;;;;;;;;;;;;;;;;;;;;;;;;;;;;;;;;;;;;;;;;;;;,,,,,,,,,,,,,,,,,,,,,,
MAJ_conservative;Sheikal Faction;Faction Sheikal;Scheichsfraktion;;FacciÛn de jeques;;;;;;;;;x;;;;;;;;;;;;;;;;;;;;;;;;;;;;;;;;;;;;;;;;;;;;;;,,,,,,,,,,,,,,,,,,,,,,
MAJ_liberal;The Liberal Faction;Faction libÈrale;Die liberale Fraktion;;La facciÛn liberal;;;;;;;;;x;;;;;;;;;;;;;;;;;;;;;;;;;;;;;;;;;;;;;;;;;;;;;;,,,,,,,,,,,,,,,,,,,,,,
MAJ_reactionary;The Nationalist Faction;Faction nationaliste;Die nationalistische Fraktion;;La facciÛn nacionalista;;;;;;;;;x;;;;;;;;;;;;;;;;;;;;;;;;;;;;;;;;;;;;;;;;;;;;;;,,,,,,,,,,,,,,,,,,,,,,
MAJ_anarcho_liberal;The Radical Faction;Faction radicale;Die radikale Fraktion;;La facciÛn radical;;;;;;;;;x;;;;;;;;;;;;;;;;;;;;;;;;;;;;;;;;;;;;;;;;;;;;;;,,,,,,,,,,,,,,,,,,,,,,
MAJ_socialist;The Socialist Faction;Faction socialiste;Die sozialistische Fraktion;;La facciÛn socialista;;;;;;;;;x;;;;;;;;;;;;;;;;;;;;;;;;;;;;;;;;;;;;;;;;;;;;;;,,,,,,,,,,,,,,,,,,,,,,
MAJ_communist;The Communist Faction;Faction communiste;Die kommunistische Fraktion;;La facciÛn comunista;;;;;;;;;x;;;;;;;;;;;;;;;;;;;;;;;;;;;;;;;;;;;;;;;;;;;;;;,,,,,,,,,,,,,,,,,,,,,,
MAJ_fascist;The Islamic Faction;La faction islamique;Die islamische Fraktion;;La facciÛn isl·mica;;;;;;;;;x;;;;;;;;;;;;;;;;;;;;;;;;;;;;;;;;;;;;;;;;;;;;;;,,,,,,,,,,,,,,,,,,,,,,
MAS;Dasibaria;Dasibaria;Dasibaria;;Dasibaria;;;;;;;;;;x;;;;;;;;;;;;;;;;;;;;;;;;;;;;;;;;;;;;;;;;;;;;;,,,,,,,,,,,,,,,,,,,,,,
MAS_absolute_monarchy;Dasibarian Empire;;;;;;;;;;x;;;;;;;;;;;;;;;;;;;;;;;;;;;;;;;;;;;;;;;;;;;;;;;;;,,,,,,,,,,,,,,,,,,,,,,
MAS_ADJ;Dasibarian;Dasibarian;Dasibarian;;;;;;;;;;;;x;;;;;;;;;;;;;;;;;;;;;;;;;;;;;;;;;;;;;;;;;;;;;,,,,,,,,,,,,,,,,,,,,,,
MAS_conservative;Royal Faction;Faction royale;Kˆnigsfraktion;;;;;;;;;;;;x;;;;;;;;;;;;;;;;;;;;;;;;;;;;;;;;;;;;;;;;;;;;;,,,,,,,,,,,,,,,,,,,,,,
MAS_liberal;Liberal Faction;Faction libÈrale;Die liberale Fraktion;;;;;;;;;;;;x;;;;;;;;;;;;;;;;;;;;;;;;;;;;;;;;;;;;;;;;;;;;;,,,,,,,,,,,,,,,,,,,,,,
MAS_reactionary;The Crusaders;Les Crusaders;Das Crusaders;;;;;;;;;;;;x;;;;;;;;;;;;;;;;;;;;;;;;;;;;;;;;;;;;;;;;;;;;;,,,,,,,,,,,,,,,,,,,,,,
MAS_anarcho_liberal;Radical Faction;Faction radicale;Die radikale Fraktion;;;;;;;;;;;;x;;;;;;;;;;;;;;;;;;;;;;;;;;;;;;;;;;;;;;;;;;;;;,,,,,,,,,,,,,,,,,,,,,,
MAS_socialist;Socialist Faction;Faction socialiste;Die sozialistische Fraktion;;;;;;;;;;;;x;;;;;;;;;;;;;;;;;;;;;;;;;;;;;;;;;;;;;;;;;;;;;,,,,,,,,,,,,,,,,,,,,,,
MAS_communist;Communist Faction;Faction communiste;Die kommunistische Fraktion;;;;;;;;;;;;x;;;;;;;;;;;;;;;;;;;;;;;;;;;;;;;;;;;;;;;;;;;;;,,,,,,,,,,,,,,,,,,,,,,
MAS_fascist;Fascist Faction;Faction fasciste;Die faschistische Fraktion;;;;;;;;;;;;x;;;;;;;;;;;;;;;;;;;;;;;;;;;;;;;;;;;;;;;;;;;;;,,,,,,,,,,,,,,,,,,,,,,
MAT;Matabele;Matabele;Matabele;;Matabele;;;;;;;;;;x;;;;;;;;;;;;;;;;;;;;;;;;;;;;;;;;;;;;;;;;;;;;;,,,,,,,,,,,,,,,,,,,,,,
MAT_ADJ;Matabele;Matabele;Matabele;;;;;;;;;;;;x;;;;;;;;;;;;;;;;;;;;;;;;;;;;;;;;;;;;;;;;;;;;;,,,,,,,,,,,,,,,,,,,,,,
MAT_conservative;Royal Faction;Faction royale;Kˆnigsfraktion;;;;;;;;;;;;x;;;;;;;;;;;;;;;;;;;;;;;;;;;;;;;;;;;;;;;;;;;;;,,,,,,,,,,,,,,,,,,,,,,
MAT_liberal;Reform Faction;Faction de rÈforme;Verbesserung Fraktion;;;;;;;;;;;;x;;;;;;;;;;;;;;;;;;;;;;;;;;;;;;;;;;;;;;;;;;;;;,,,,,,,,,,,,,,,,,,,,,,
MAT_reactionary;Empire Faction;Faction d'empire;Reich Fraktion;;;;;;;;;;;;x;;;;;;;;;;;;;;;;;;;;;;;;;;;;;;;;;;;;;;;;;;;;;,,,,,,,,,,,,,,,,,,,,,,
MAT_anarcho_liberal;Radical Faction;Faction radicale;Die radikale Fraktion;;;;;;;;;;;;x;;;;;;;;;;;;;;;;;;;;;;;;;;;;;;;;;;;;;;;;;;;;;,,,,,,,,,,,,,,,,,,,,,,
MAT_socialist;Socialist Faction;Faction socialiste;Die sozialistische Fraktion;;;;;;;;;;;;x;;;;;;;;;;;;;;;;;;;;;;;;;;;;;;;;;;;;;;;;;;;;;,,,,,,,,,,,,,,,,,,,,,,
MAT_communist;Communist Faction;Faction communiste;Die kommunistische Fraktion;;;;;;;;;;;;x;;;;;;;;;;;;;;;;;;;;;;;;;;;;;;;;;;;;;;;;;;;;;,,,,,,,,,,,,,,,,,,,,,,
MAT_fascist;Fascist Faction;Faction fasciste;Die faschistische Fraktion;;;;;;;;;;;;x;;;;;;;;;;;;;;;;;;;;;;;;;;;;;;;;;;;;;;;;;;;;;,,,,,,,,,,,,,,,,,,,,,,
MNG;Mongo;Mongo;Mongo;;Mongo;;;;;;;;;;x;;;;;;;;;;;;;;;;;;;;;;;;;;;;;;;;;;;;;;;;;;;;;,,,,,,,,,,,,,,,,,,,,,,
MNG_ADJ;Mongo;Mongo;Mongo;;;;;;;;;;;;x;;;;;;;;;;;;;;;;;;;;;;;;;;;;;;;;;;;;;;;;;;;;;,,,,,,,,,,,,,,,,,,,,,,
MNG_conservative;Royal Faction;Faction royale;Kˆnigsfraktion;;;;;;;;;;;;x;;;;;;;;;;;;;;;;;;;;;;;;;;;;;;;;;;;;;;;;;;;;;,,,,,,,,,,,,,,,,,,,,,,
MNG_liberal;Reform Faction;Faction de rÈforme;Verbesserung Fraktion;;;;;;;;;;;;x;;;;;;;;;;;;;;;;;;;;;;;;;;;;;;;;;;;;;;;;;;;;;,,,,,,,,,,,,,,,,,,,,,,
MNG_reactionary;Empire Faction;Faction d'empire;Reich Fraktion;;;;;;;;;;;;x;;;;;;;;;;;;;;;;;;;;;;;;;;;;;;;;;;;;;;;;;;;;;,,,,,,,,,,,,,,,,,,,,,,
MNG_anarcho_liberal;Radical Faction;Faction radicale;Die radikale Fraktion;;;;;;;;;;;;x;;;;;;;;;;;;;;;;;;;;;;;;;;;;;;;;;;;;;;;;;;;;;,,,,,,,,,,,,,,,,,,,,,,
MNG_socialist;Socialist Faction;Faction socialiste;Die sozialistische Fraktion;;;;;;;;;;;;x;;;;;;;;;;;;;;;;;;;;;;;;;;;;;;;;;;;;;;;;;;;;;,,,,,,,,,,,,,,,,,,,,,,
MNG_communist;Communist Faction;Faction communiste;Die kommunistische Fraktion;;;;;;;;;;;;x;;;;;;;;;;;;;;;;;;;;;;;;;;;;;;;;;;;;;;;;;;;;;,,,,,,,,,,,,,,,,,,,,,,
MNG_fascist;Fascist Faction;Faction fasciste;Die faschistische Fraktion;;;;;;;;;;;;x;;;;;;;;;;;;;;;;;;;;;;;;;;;;;;;;;;;;;;;;;;;;;,,,,,,,,,,,,,,,,,,,,,,
MOS;Mossi;Mossi;Mossi;;Mossi;;;;;;;;;;x;;;;;;;;;;;;;;;;;;;;;;;;;;;;;;;;;;;;;;;;;;;;;,,,,,,,,,,,,,,,,,,,,,,
MOS_ADJ;Mossi;Mossis;Mossi;;;;;;;;;;;;x;;;;;;;;;;;;;;;;;;;;;;;;;;;;;;;;;;;;;;;;;;;;;,,,,,,,,,,,,,,,,,,,,,,
MOS_conservative;Mogho Naba Faction;Faction Mogho Naba;Mogho Naba Fraktion;;;;;;;;;;;;x;;;;;;;;;;;;;;;;;;;;;;;;;;;;;;;;;;;;;;;;;;;;;,,,,,,,,,,,,,,,,,,,,,,
MOS_liberal;Reform Faction;Faction de rÈforme;Verbesserung Fraktion;;;;;;;;;;;;x;;;;;;;;;;;;;;;;;;;;;;;;;;;;;;;;;;;;;;;;;;;;;,,,,,,,,,,,,,,,,,,,,,,
MOS_reactionary;Traditional Faction;Faction traditionnelle;Traditionelle Fraktion;;;;;;;;;;;;x;;;;;;;;;;;;;;;;;;;;;;;;;;;;;;;;;;;;;;;;;;;;;,,,,,,,,,,,,,,,,,,,,,,
MOS_anarcho_liberal;Radical Party;;;;;;;;;;;;;;;;;;;;;;;;;;;;;x;;;;;;;;;;;;;;;;;;;;;;;;;;;;;;,,,,,,,,,,,,,,,,,,,,,,
MOS_socialist;Socialist Party;;;;;;;;;;;;;;;;;;;;;;;;;;x;;;;;;;;;;;;;;;;;;;;;;;;;;;;;;;;;,,,,,,,,,,,,,,,,,,,,,,
MOS_communist;Communist Party;;;;;;;;;;;;;;;;;;;;;;x;;;;;;;;;;;;;;;;;;;;;;;;;;;;;;;;;;;;;,,,,,,,,,,,,,,,,,,,,,,
MOS_fascist;Fascist Party;;;;;;;;;;;;;;;;;;;;;;x;;;;;;;;;;;;;;;;;;;;;;;;;;;;;;;;;;;;;,,,,,,,,,,,,,,,,,,,,,,
MOS_proletarian_dictatorship;Upper Volta;;;;;;;;;;;;;;;;x;;;;;;;;;;;;;;;;;;;;;;;;;;;;;;;;;;;;;;;;;;;,,,,,,,,,,,,,,,,,,,,,,
MOS_proletarian_dictatorship_ADJ;Upper Voltan;;;;;;;;;;;;;;;;;;;;;;;;;;;;x;;;;;;;;;;;;;;;;;;;;;;;;;;;;;;;,,,,,,,,,,,,,,,,,,,,,,
MOS_fascist_dictatorship;Upper Volta;;;;;;;;;;;;;;;;x;;;;;;;;;;;;;;;;;;;;;;;;;;;;;;;;;;;;;;;;;;;,,,,,,,,,,,,,,,,,,,,,,
MOS_fascist_dictatorship_ADJ;Upper Voltan;;;;;;;;;;;;;;;;;;;;;;;;;;;;;x;;;;;;;;;;;;;;;;;;;;;;;;;;;;;;,,,,,,,,,,,,,,,,,,,,,,
MOS_presidential_dictatorship;Upper Volta;;;;;;;;;;;;;;;;x;;;;;;;;;;;;;;;;;;;;;;;;;;;;;;;;;;;;;;;;;;;,,,,,,,,,,,,,,,,,,,,,,
MOS_presidential_dictatorship_ADJ;Upper Voltan;;;;;;;;;;;;;;;;;;;;;;;;;;;;;;x;;;;;;;;;;;;;;;;;;;;;;;;;;;;;,,,,,,,,,,,,,,,,,,,,,,
MOS_bourgeois_dictatorship;Upper Volta;;;;;;;;;;;;;;;;x;;;;;;;;;;;;;;;;;;;;;;;;;;;;;;;;;;;;;;;;;;;,,,,,,,,,,,,,,,,,,,,,,
MOS_bourgeois_dictatorship_ADJ;Upper Voltan;;;;;;;;;;;;;;;;;;;;;;;;;;;;;;x;;;;;;;;;;;;;;;;;;;;;;;;;;;;;,,,,,,,,,,,,,,,,,,,,,,
MOS_democracy;Upper Volta;;;;;;;;;;;;;;;x;;;;;;;;;;;;;;;;;;;;;;;;;;;;;;;;;;;;;;;;;;;;,,,,,,,,,,,,,,,,,,,,,,
MOS_democracy_ADJ;Upper Voltan;;;;;;;;;;;;;;;;;;;;;;;;;;;;;;x;;;;;;;;;;;;;;;;;;;;;;;;;;;;;,,,,,,,,,,,,,,,,,,,,,,
OYO;Oyo;Oyo;Oyo;;Oyo;;;;;;;;;;x;;;;;;;;;;;;;;;;;;;;;;;;;;;;;;;;;;;;;;;;;;;;;,,,,,,,,,,,,,,,,,,,,,,
OYO_ADJ;Oyo;Oyo;Oyo;;;;;;;;;;;;x;;;;;;;;;;;;;;;;;;;;;;;;;;;;;;;;;;;;;;;;;;;;;,,,,,,,,,,,,,,,,,,,,,,
OYO_conservative;Alaafin's Faction;Faction Alaafin;Alaafin Fraktion;;;;;;;;;;;;x;;;;;;;;;;;;;;;;;;;;;;;;;;;;;;;;;;;;;;;;;;;;;,,,,,,,,,,,,,,,,,,,,,,
OYO_liberal;Reform Faction;Faction de rÈforme;Verbesserung Fraktion;;;;;;;;;;;;x;;;;;;;;;;;;;;;;;;;;;;;;;;;;;;;;;;;;;;;;;;;;;,,,,,,,,,,,,,,,,,,,,,,
OYO_reactionary;Military Faction;Faction militaire;Milit‰rische Fraktion;;;;;;;;;;;;x;;;;;;;;;;;;;;;;;;;;;;;;;;;;;;;;;;;;;;;;;;;;;,,,,,,,,,,,,,,,,,,,,,,
OYO_anarcho_liberal;Radical Faction;Faction radicale;Die radikale Fraktion;;;;;;;;;;;;x;;;;;;;;;;;;;;;;;;;;;;;;;;;;;;;;;;;;;;;;;;;;;,,,,,,,,,,,,,,,,,,,,,,
OYO_socialist;People's Faction;Faction populaire;Volk Fraktion;;;;;;;;;;;;x;;;;;;;;;;;;;;;;;;;;;;;;;;;;;;;;;;;;;;;;;;;;;,,,,,,,,,,,,,,,,,,,,,,
OYO_communist;Communist Faction;Faction communiste;Die kommunistische Fraktion;;;;;;;;;;;;x;;;;;;;;;;;;;;;;;;;;;;;;;;;;;;;;;;;;;;;;;;;;;,,,,,,,,,,,,,,,,,,,,,,
OYO_fascist;Fascist Faction;Faction fasciste;Die faschistische Fraktion;;;;;;;;;;;;x;;;;;;;;;;;;;;;;;;;;;;;;;;;;;;;;;;;;;;;;;;;;;,,,,,,,,,,,,,,,,,,,,,,
RWA;Rwanda;Ruanda;Ruanda;;Ruanda;;;;;;;;;;x;;;;;;;;;;;;;;;;;;;;;;;;;;;;;;;;;;;;;;;;;;;;;,,,,,,,,,,,,,,,,,,,,,,
RWA_ADJ;Rwandan;Ruandaise;Ruandische;;;;;;;;;;;;x;;;;;;;;;;;;;;;;;;;;;;;;;;;;;;;;;;;;;;;;;;;;;,,,,,,,,,,,,,,,,,,,,,,
RWA_conservative;Centrist Democratic Party;;;;;;;;;;;;x;;;;;;;;;;;;;;;;;;;;;;;;;;;;;;;;;;;;;;;;;;;;;;;,,,,,,,,,,,,,,,,,,,,,,
RWA_liberal;Liberal Party;;;;;;;;;;;;x;;;;;;;;;;;;;;;;;;;;;;;;;;;;;;;;;;;;;;;;;;;;;;;,,,,,,,,,,,,,,,,,,,,,,
RWA_reactionary;MDR-Parmehutu;;;;;;;;;;;;x;;;;;;;;;;;;;;;;;;;;;;;;;;;;;;;;;;;;;;;;;;;;;;;,,,,,,,,,,,,,,,,,,,,,,
RWA_anarcho_liberal;Radical-Liberal Party;;;;;;;;;;;;x;;;;;;;;;;;;;;;;;;;;;;;;;;;;;;;;;;;;;;;;;;;;;;;,,,,,,,,,,,,,,,,,,,,,,
RWA_socialist;Social Democratic Party;;;;;;;;;;;;x;;;;;;;;;;;;;;;;;;;;;;;;;;;;;;;;;;;;;;;;;;;;;;;,,,,,,,,,,,,,,,,,,,,,,
RWA_communist;APROSOMA;;;;;;;;;;;;x;;;;;;;;;;;;;;;;;;;;;;;;;;;;;;;;;;;;;;;;;;;;;;;,,,,,,,,,,,,,,,,,,,,,,
RWA_fascist;Fascist Party of Rwanda;;;;;;;;;;;;x;;;;;;;;;;;;;;;;;;;;;;;;;;;;;;;;;;;;;;;;;;;;;;;,,,,,,,,,,,,,,,,,,,,,,
SEG;Bambara;SÈgou;Segu;;Segu;;;;;;;;;;x;;;;;;;;;;;;;;;;;;;;;;;;;;;;;;;;;;;;;;;;;;;;;,,,,,,,,,,,,,,,,,,,,,,
SEG_absolute_monarchy;Bambara Empire;;;;;;;;;;x;;;;;;;;;;;;;;;;;;;;;;;;;;;;;;;;;;;;;;;;;;;;;;;;;,,,,,,,,,,,,,,,,,,,,,,
SEG_ADJ;Bambara;Bambaras;Bambara;;;;;;;;;;;;x;;;;;;;;;;;;;;;;;;;;;;;;;;;;;;;;;;;;;;;;;;;;;,,,,,,,,,,,,,,,,,,,,,,
SEG_conservative;Royal Faction;Faction royale;Kˆnigsfraktion;;;;;;;;;;;;x;;;;;;;;;;;;;;;;;;;;;;;;;;;;;;;;;;;;;;;;;;;;;,,,,,,,,,,,,,,,,,,,,,,
SEG_liberal;Reform Faction;Faction de rÈforme;Verbesserung Fraktion;;;;;;;;;;;;x;;;;;;;;;;;;;;;;;;;;;;;;;;;;;;;;;;;;;;;;;;;;;,,,,,,,,,,,,,,,,,,,,,,
SEG_reactionary;Traditional Faction;Faction traditionnelle;Traditionelle Fraktion;;;;;;;;;;;;x;;;;;;;;;;;;;;;;;;;;;;;;;;;;;;;;;;;;;;;;;;;;;,,,,,,,,,,,,,,,,,,,,,,
SEG_anarcho_liberal;Freedom Faction;Faction de libertÈ;Freiheits Fraktion;;;;;;;;;;;;x;;;;;;;;;;;;;;;;;;;;;;;;;;;;;;;;;;;;;;;;;;;;;,,,,,,,,,,,,,,,,,,,,,,
SEG_socialist;Socialist Faction;Faction socialiste;Die sozialistische Fraktion;;;;;;;;;;;;x;;;;;;;;;;;;;;;;;;;;;;;;;;;;;;;;;;;;;;;;;;;;;,,,,,,,,,,,,,,,,,,,,,,
SEG_communist;Communist Faction;Faction communiste;Die kommunistische Fraktion;;;;;;;;;;;;x;;;;;;;;;;;;;;;;;;;;;;;;;;;;;;;;;;;;;;;;;;;;;,,,,,,,,,,,,,,,,,,,,,,
SEG_fascist;New Empire Faction;Faction pour le nouvel empire;Neue Reich Fraktion;;;;;;;;;;;;x;;;;;;;;;;;;;;;;;;;;;;;;;;;;;;;;;;;;;;;;;;;;;,,,,,,,,,,,,,,,,,,,,,,
SHO;Shonaland;Shona;Shona;;Shona;;;;;;;;;;x;;;;;;;;;;;;;;;;;;;;;;;;;;;;;;;;;;;;;;;;;;;;;,,,,,,,,,,,,,,,,,,,,,,
SHO_ADJ;Shona;Shona;Shona;;;;;;;;;;;;x;;;;;;;;;;;;;;;;;;;;;;;;;;;;;;;;;;;;;;;;;;;;;,,,,,,,,,,,,,,,,,,,,,,
SHO_conservative;Royal Faction;Faction royale;Kˆnigsfraktion;;;;;;;;;;;;x;;;;;;;;;;;;;;;;;;;;;;;;;;;;;;;;;;;;;;;;;;;;;,,,,,,,,,,,,,,,,,,,,,,
SHO_liberal;Reform Faction;Faction de rÈforme;Verbesserung Fraktion;;;;;;;;;;;;x;;;;;;;;;;;;;;;;;;;;;;;;;;;;;;;;;;;;;;;;;;;;;,,,,,,,,,,,,,,,,,,,,,,
SHO_reactionary;Empire Faction;Faction d'empire;Reich Fraktion;;;;;;;;;;;;x;;;;;;;;;;;;;;;;;;;;;;;;;;;;;;;;;;;;;;;;;;;;;,,,,,,,,,,,,,,,,,,,,,,
SHO_anarcho_liberal;Radical Faction;Faction radicale;Die radikale Fraktion;;;;;;;;;;;;x;;;;;;;;;;;;;;;;;;;;;;;;;;;;;;;;;;;;;;;;;;;;;,,,,,,,,,,,,,,,,,,,,,,
SHO_socialist;Socialist Faction;Faction socialiste;Die sozialistische Fraktion;;;;;;;;;;;;x;;;;;;;;;;;;;;;;;;;;;;;;;;;;;;;;;;;;;;;;;;;;;,,,,,,,,,,,,,,,,,,,,,,
SHO_communist;Communist Faction;Faction communiste;Die kommunistische Fraktion;;;;;;;;;;;;x;;;;;;;;;;;;;;;;;;;;;;;;;;;;;;;;;;;;;;;;;;;;;,,,,,,,,,,,,,,,,,,,,,,
SHO_fascist;Fascist Faction;Faction fasciste;Die faschistische Fraktion;;;;;;;;;;;;x;;;;;;;;;;;;;;;;;;;;;;;;;;;;;;;;;;;;;;;;;;;;;,,,,,,,,,,,,,,,,,,,,,,
SHW;Makuria;Shewa;Shewa;;Shewa;;;;;;;;;;x;;;;;;;;;;;;;;;;;;;;;;;;;;;;;;;;;;;;;;;;;;;;;,,,,,,,,,,,,,,,,,,,,,,
SHW_ADJ;Makuria;Shewaien;Shewaisch;;Shewa;;;;;;;;;x;;;;;;;;;;;;;;;;;;;;;;;;;;;;;;;;;;;;;;;;;;;;;;,,,,,,,,,,,,,,,,,,,,,,
SHW_conservative;Negus's Faction;Faction Negus;Negus Fraktion;;FacciÛn Negus;;;;;;;;;x;;;;;;;;;;;;;;;;;;;;;;;;;;;;;;;;;;;;;;;;;;;;;;,,,,,,,,,,,,,,,,,,,,,,
SHW_liberal;The Liberal Faction;Faction libÈrale;Die liberale Fraktion;;La facciÛn liberal;;;;;;;;;x;;;;;;;;;;;;;;;;;;;;;;;;;;;;;;;;;;;;;;;;;;;;;;,,,,,,,,,,,,,,,,,,,,,,
SHW_reactionary;The Church Faction;La Faction Eglise;Die Kirche Fraktion;;La FacciÛn Iglesia;;;;;;;;;x;;;;;;;;;;;;;;;;;;;;;;;;;;;;;;;;;;;;;;;;;;;;;;,,,,,,,,,,,,,,,,,,,,,,
SHW_anarcho_liberal;The Radical Faction;Faction radicale;Die radikale Fraktion;;La facciÛn radical;;;;;;;;;x;;;;;;;;;;;;;;;;;;;;;;;;;;;;;;;;;;;;;;;;;;;;;;,,,,,,,,,,,,,,,,,,,,,,
SHW_socialist;The Socialist Faction;Faction socialiste;Die sozialistische Fraktion;;La facciÛn socialista;;;;;;;;;x;;;;;;;;;;;;;;;;;;;;;;;;;;;;;;;;;;;;;;;;;;;;;;,,,,,,,,,,,,,,,,,,,,,,
SHW_communist;The Communist Faction;Faction communiste;Die kommunistische Fraktion;;La facciÛn comunista;;;;;;;;;x;;;;;;;;;;;;;;;;;;;;;;;;;;;;;;;;;;;;;;;;;;;;;;,,,,,,,,,,,,,,,,,,,,,,
SHW_fascist;The Fascist Faction;Faction fasciste;Die faschistische Fraktion;;La facciÛn fascista;;;;;;;;;x;;;;;;;;;;;;;;;;;;;;;;;;;;;;;;;;;;;;;;;;;;;;;;,,,,,,,,,,,,,,,,,,,,,,
SOM;Somaliland;Somalia;Somalia;;Somalia;;;;;;;;;;x;;;;;;;;;;;;;;;;;;;;;;;;;;;;;;;;;;;;;;;;;;;;;,,,,,,,,,,,,,,,,,,,,,,
SOM_ADJ;Somali;Somali;Somalisch;;;;;;;;;;;;x;;;;;;;;;;;;;;;;;;;;;;;;;;;;;;;;;;;;;;;;;;;;;,,,,,,,,,,,,,,,,,,,,,,
SOM_proletarian_dictatorship;Somali Democratic Republic;;;;;;;;;;;;x;;;;;;;;;;;;;;;;;;;;;;;;;;;;;;;;;;;;;;;;;;;;;;;,,,,,,,,,,,,,,,,,,,,,,
SOM_liberal;Somali Democratic Union;;;;;;;;;;;;x;;;;;;;;;;;;;;;;;;;;;;;;;;;;;;;;;;;;;;;;;;;;;;;,,,,,,,,,,,,,,,,,,,,,,
SOM_anarcho_liberal;Somali National Congress;;;;;;;;;;;;x;;;;;;;;;;;;;;;;;;;;;;;;;;;;;;;;;;;;;;;;;;;;;;;,,,,,,,,,,,,,,,,,,,,,,
SOM_conservative;United Somali Party;;;;;;;;;;;;x;;;;;;;;;;;;;;;;;;;;;;;;;;;;;;;;;;;;;;;;;;;;;;;,,,,,,,,,,,,,,,,,,,,,,
SOM_reactionary;Somali National League;;;;;;;;;;;;x;;;;;;;;;;;;;;;;;;;;;;;;;;;;;;;;;;;;;;;;;;;;;;;,,,,,,,,,,,,,,,,,,,,,,
SOM_socialist;Somali Youth League;;;;;;;;;;;;x;;;;;;;;;;;;;;;;;;;;;;;;;;;;;;;;;;;;;;;;;;;;;;;,,,,,,,,,,,,,,,,,,,,,,
SOM_communist;Somali Revolutionary Socialist Party;;;;;;;;;;;;x;;;;;;;;;;;;;;;;;;;;;;;;;;;;;;;;;;;;;;;;;;;;;;;,,,,,,,,,,,,,,,,,,,,,,
SOM_fascist;Greater Somalia League;;;;;;;;;;;;x;;;;;;;;;;;;;;;;;;;;;;;;;;;;;;;;;;;;;;;;;;;;;;;,,,,,,,,,,,,,,,,,,,,,,
SUA;Suazi;Suazi;Suazi;;Suazi;;;;;;;;;;x;;;;;;;;;;;;;;;;;;;;;;;;;;;;;;;;;;;;;;;;;;;;;,,,,,,,,,,,,,,,,,,,,,,
SUA_ADJ;Suazi;Suazi;Suazi;;;;;;;;;;;;x;;;;;;;;;;;;;;;;;;;;;;;;;;;;;;;;;;;;;;;;;;;;;,,,,,,,,,,,,,,,,,,,,,,
SUA_conservative;Royal Faction;Faction royale;Kˆnigsfraktion;;;;;;;;;;;;x;;;;;;;;;;;;;;;;;;;;;;;;;;;;;;;;;;;;;;;;;;;;;,,,,,,,,,,,,,,,,,,,,,,
SUA_liberal;Reform Faction;Faction de rÈforme;Verbesserung Fraktion;;;;;;;;;;;;x;;;;;;;;;;;;;;;;;;;;;;;;;;;;;;;;;;;;;;;;;;;;;,,,,,,,,,,,,,,,,,,,,,,
SUA_reactionary;Traditional Faction;Faction traditionnelle;Traditionelle Fraktion;;;;;;;;;;;;x;;;;;;;;;;;;;;;;;;;;;;;;;;;;;;;;;;;;;;;;;;;;;,,,,,,,,,,,,,,,,,,,,,,
SUA_anarcho_liberal;Freedom Faction;Faction de libertÈ;Freiheits Fraktion;;;;;;;;;;;;x;;;;;;;;;;;;;;;;;;;;;;;;;;;;;;;;;;;;;;;;;;;;;,,,,,,,,,,,,,,,,,,,,,,
SUA_socialist;Socialist Faction;Faction socialiste;Die sozialistische Fraktion;;;;;;;;;;;;x;;;;;;;;;;;;;;;;;;;;;;;;;;;;;;;;;;;;;;;;;;;;;,,,,,,,,,,,,,,,,,,,,,,
SUA_communist;Communist Faction;Faction communiste;Die kommunistische Fraktion;;;;;;;;;;;;x;;;;;;;;;;;;;;;;;;;;;;;;;;;;;;;;;;;;;;;;;;;;;,,,,,,,,,,,,,,,,,,,,,,
SUA_fascist;Fascist Faction;Faction fasciste;Die faschistische Fraktion;;;;;;;;;;;;x;;;;;;;;;;;;;;;;;;;;;;;;;;;;;;;;;;;;;;;;;;;;;,,,,,,,,,,,,,,,,,,,,,,
SUA_democracy;Swaziland;;;;;;;;;;;;;;x;;;;;;;;;;;;;;;;;;;;;;;;;;;;;;;;;;;;;;;;;;;;;,,,,,,,,,,,,,,,,,,,,,,
SUA_fascist_dictatorship;Swatini;;;;;;;;;;;;;;x;;;;;;;;;;;;;;;;;;;;;;;;;;;;;;;;;;;;;;;;;;;;;,,,,,,,,,,,,,,,,,,,,,,
SUA_fascist_dictatorship_ADJ;Siswati;;;;;;;;;;;;;;x;;;;;;;;;;;;;;;;;;;;;;;;;;;;;;;;;;;;;;;;;;;;;,,,,,,,,,,,,,,,,,,,,,,
SUA_proletarian_dictatorship;Swaziland;;;;;;;;;;;;;;x;;;;;;;;;;;;;;;;;;;;;;;;;;;;;;;;;;;;;;;;;;;;;,,,,,,,,,,,,,,,,,,,,,,
SUA_presidential_dictatorship;Swaziland;;;;;;;;;;;;;;x;;;;;;;;;;;;;;;;;;;;;;;;;;;;;;;;;;;;;;;;;;;;;,,,,,,,,,,,,,,,,,,,,,,
SUA_bourgeois_dictatorship;Swaziland;;;;;;;;;;;;;;x;;;;;;;;;;;;;;;;;;;;;;;;;;;;;;;;;;;;;;;;;;;;;,,,,,,,,,,,,,,,,,,,,,,
TOO;Futa Tooro;Futa Toro;Fuua Toro;;Fouta Toro;;;;;;;;;;x;;;;;;;;;;;;;;;;;;;;;;;;;;;;;;;;;;;;;;;;;;;;;,,,,,,,,,,,,,,,,,,,,,,
TOO_ADJ;Tooro;Toro;Toro;;;;;;;;;;;;x;;;;;;;;;;;;;;;;;;;;;;;;;;;;;;;;;;;;;;;;;;;;;,,,,,,,,,,,,,,,,,,,,,,
TOO_conservative;Almaami Faction;Faction Almaami;Almaami Fraktion;;;;;;;;;;;;x;;;;;;;;;;;;;;;;;;;;;;;;;;;;;;;;;;;;;;;;;;;;;,,,,,,,,,,,,,,,,,,,,,,
TOO_liberal;Reform Faction;Faction de rÈforme;Verbesserung Fraktion;;;;;;;;;;;;x;;;;;;;;;;;;;;;;;;;;;;;;;;;;;;;;;;;;;;;;;;;;;,,,,,,,,,,,,,,,,,,,,,,
TOO_reactionary;Religious Faction;Faction Religieux;Religiˆse Fraktion;;;;;;;;;;;;x;;;;;;;;;;;;;;;;;;;;;;;;;;;;;;;;;;;;;;;;;;;;;,,,,,,,,,,,,,,,,,,,,,,
TOO_anarcho_liberal;Freedom Faction;Faction de libertÈ;Freiheits Fraktion;;;;;;;;;;;;x;;;;;;;;;;;;;;;;;;;;;;;;;;;;;;;;;;;;;;;;;;;;;,,,,,,,,,,,,,,,,,,,,,,
TOO_socialist;Socialist Faction;Faction socialiste;Die sozialistische Fraktion;;;;;;;;;;;;x;;;;;;;;;;;;;;;;;;;;;;;;;;;;;;;;;;;;;;;;;;;;;,,,,,,,,,,,,,,,,,,,,,,
TOO_communist;Communist Faction;Faction communiste;Die kommunistische Fraktion;;;;;;;;;;;;x;;;;;;;;;;;;;;;;;;;;;;;;;;;;;;;;;;;;;;;;;;;;;,,,,,,,,,,,,,,,,,,,,,,
TOO_fascist;Empire Faction;Faction d'empire;Reich Fraktion;;;;;;;;;;;;x;;;;;;;;;;;;;;;;;;;;;;;;;;;;;;;;;;;;;;;;;;;;;,,,,,,,,,,,,,,,,,,,,,,
TSW;Botswana;Botswana;Botswana;;Botswana;;;;;;;;;;x;;;;;;;;;;;;;;;;;;;;;;;;;;;;;;;;;;;;;;;;;;;;;,,,,,,,,,,,,,,,,,,,,,,
TSW_ADJ;Tswana;Tswana;Tswana;;;;;;;;;;;;x;;;;;;;;;;;;;;;;;;;;;;;;;;;;;;;;;;;;;;;;;;;;;,,,,,,,,,,,,,,,,,,,,,,
TSW_conservative;Botswana Independence Party;;;;;;;;;;;;;;x;;;;;;;;;;;;;;;;;;;;;;;;;;;;;;;;;;;;;;;;;;;;;,,,,,,,,,,,,,,,,,,,,,,
TSW_liberal;Botswana People's Party;;;;;;;;;;;;;;x;;;;;;;;;;;;;;;;;;;;;;;;;;;;;;;;;;;;;;;;;;;;;,,,,,,,,,,,,,,,,,,,,,,
TSW_reactionary;Botswana National Front;;;;;;;;;;;;;;x;;;;;;;;;;;;;;;;;;;;;;;;;;;;;;;;;;;;;;;;;;;;;,,,,,,,,,,,,,,,,,,,,,,
TSW_anarcho_liberal;Botswana Alliance Movement;;;;;;;;;;;;;;;;;;;;;;;;;x;;;;;;;;;;;;;;;;;;;;;;;;;;;;;;;;;;,,,,,,,,,,,,,,,,,,,,,,
TSW_socialist;Botswana Democratic Party;;;;;;;;;;;;;;;;;;;;;;;;;;x;;;;;;;;;;;;;;;;;;;;;;;;;;;;;;;;;,,,,,,,,,,,,,,,,,,,,,,
TSW_communist;International Socialist Organization;;;;;;;;;;;;;;;;;;;;;;;;;;x;;;;;;;;;;;;;;;;;;;;;;;;;;;;;;;;;,,,,,,,,,,,,,,,,,,,,,,
TSW_fascist;Botswana Fascist Front;;;;;;;;;;;;;;;;;;;x;;;;;;;;;;;;;;;;;;;;;;;;;;;;;;;;;;;;;;;;,,,,,,,,,,,,,,,,,,,,,,
WAD;Wadai;OuaddaÔ;Wadai;;Ouaddai;;;;;;;;;;x;;;;;;;;;;;;;;;;;;;;;;;;;;;;;;;;;;;;;;;;;;;;;,,,,,,,,,,,,,,,,,,,,,,
WAD_ADJ;Wadai;Wadai;Wadai;;;;;;;;;;;;x;;;;;;;;;;;;;;;;;;;;;;;;;;;;;;;;;;;;;;;;;;;;;,,,,,,,,,,,,,,,,,,,,,,
WAD_conservative;Kolak's Faction;Faction Kolak;Kolak Fraktion;;;;;;;;;;;;x;;;;;;;;;;;;;;;;;;;;;;;;;;;;;;;;;;;;;;;;;;;;;,,,,,,,,,,,,,,,,,,,,,,
WAD_liberal;Reform Faction;Faction de rÈforme;Verbesserung Fraktion;;;;;;;;;;;;x;;;;;;;;;;;;;;;;;;;;;;;;;;;;;;;;;;;;;;;;;;;;;,,,,,,,,,,,,,,,,,,,,,,
WAD_reactionary;Religious Faction;Faction Religieux;Religiˆse Fraktion;;;;;;;;;;;;x;;;;;;;;;;;;;;;;;;;;;;;;;;;;;;;;;;;;;;;;;;;;;,,,,,,,,,,,,,,,,,,,,,,
WAD_anarcho_liberal;Freedom Faction;Faction de libertÈ;Freiheits Fraktion;;;;;;;;;;;;x;;;;;;;;;;;;;;;;;;;;;;;;;;;;;;;;;;;;;;;;;;;;;,,,,,,,,,,,,,,,,,,,,,,
WAD_socialist;Socialist Faction;Faction socialiste;Die sozialistische Fraktion;;;;;;;;;;;;x;;;;;;;;;;;;;;;;;;;;;;;;;;;;;;;;;;;;;;;;;;;;;,,,,,,,,,,,,,,,,,,,,,,
WAD_communist;Communist Faction;Faction communiste;Die kommunistische Fraktion;;;;;;;;;;;;x;;;;;;;;;;;;;;;;;;;;;;;;;;;;;;;;;;;;;;;;;;;;;,,,,,,,,,,,,,,,,,,,,,,
WAD_fascist;Fascist Faction;Faction fasciste;Die faschistische Fraktion;;;;;;;;;;;;x;;;;;;;;;;;;;;;;;;;;;;;;;;;;;;;;;;;;;;;;;;;;;,,,,,,,,,,,,,,,,,,,,,,
WRI;Warri;Warri;Warri;;Warri;;;;;;;;;;x;;;;;;;;;;;;;;;;;;;;;;;;;;;;;;;;;;;;;;;;;;;;;,,,,,,,,,,,,,,,,,,,,,,
WRI_ADJ;Warri;Warri;Warri;;;;;;;;;;;;x;;;;;;;;;;;;;;;;;;;;;;;;;;;;;;;;;;;;;;;;;;;;;,,,,,,,,,,,,,,,,,,,,,,
WRI_conservative;Olu's Faction;Faction Olu;Olu Fraktion;;;;;;;;;;;;x;;;;;;;;;;;;;;;;;;;;;;;;;;;;;;;;;;;;;;;;;;;;;,,,,,,,,,,,,,,,,,,,,,,
WRI_liberal;Reform Faction;Faction de rÈforme;Verbesserung Fraktion;;;;;;;;;;;;x;;;;;;;;;;;;;;;;;;;;;;;;;;;;;;;;;;;;;;;;;;;;;,,,,,,,,,,,,,,,,,,,,,,
WRI_reactionary;Military Faction;Faction militaire;Milit‰rische Fraktion;;;;;;;;;;;;x;;;;;;;;;;;;;;;;;;;;;;;;;;;;;;;;;;;;;;;;;;;;;,,,,,,,,,,,,,,,,,,,,,,
WRI_anarcho_liberal;Radical Faction;Faction radicale;Die radikale Fraktion;;;;;;;;;;;;x;;;;;;;;;;;;;;;;;;;;;;;;;;;;;;;;;;;;;;;;;;;;;,,,,,,,,,,,,,,,,,,,,,,
WRI_socialist;People's Faction;Faction populaire;Volk Fraktion;;;;;;;;;;;;x;;;;;;;;;;;;;;;;;;;;;;;;;;;;;;;;;;;;;;;;;;;;;,,,,,,,,,,,,,,,,,,,,,,
WRI_communist;Communist Faction;Faction communiste;Die kommunistische Fraktion;;;;;;;;;;;;x;;;;;;;;;;;;;;;;;;;;;;;;;;;;;;;;;;;;;;;;;;;;;,,,,,,,,,,,,,,,,,,,,,,
WRI_fascist;Fascist Faction;Faction fasciste;Die faschistische Fraktion;;;;;;;;;;;;x;;;;;;;;;;;;;;;;;;;;;;;;;;;;;;;;;;;;;;;;;;;;;,,,,,,,,,,,,,,,,,,,,,,
WOL;Wolof;Djolof;Jolof;;wÛlof;;;;;;;;;;x;;;;;;;;;;;;;;;;;;;;;;;;;;;;;;;;;;;;;;;;;;;;;,,,,,,,,,,,,,,,,,,,,,,
WOL_ADJ;Wolof;Djolof;Jolof;;;;;;;;;;;;x;;;;;;;;;;;;;;;;;;;;;;;;;;;;;;;;;;;;;;;;;;;;;,,,,,,,,,,,,,,,,,,,,,,
WOL_conservative;Buur-ba's Faction;Faction Buur-ba;Buur-ba Fraktion;;;;;;;;;;;;x;;;;;;;;;;;;;;;;;;;;;;;;;;;;;;;;;;;;;;;;;;;;;,,,,,,,,,,,,,,,,,,,,,,
WOL_liberal;Reform Faction;Faction de rÈforme;Verbesserung Fraktion;;;;;;;;;;;;x;;;;;;;;;;;;;;;;;;;;;;;;;;;;;;;;;;;;;;;;;;;;;,,,,,,,,,,,,,,,,,,,,,,
WOL_reactionary;Religious Faction;Faction Religieux;Religiˆse Fraktion;;;;;;;;;;;;x;;;;;;;;;;;;;;;;;;;;;;;;;;;;;;;;;;;;;;;;;;;;;,,,,,,,,,,,,,,,,,,,,,,
WOL_anarcho_liberal;Freedom Faction;Faction de libertÈ;Freiheits Fraktion;;;;;;;;;;;;x;;;;;;;;;;;;;;;;;;;;;;;;;;;;;;;;;;;;;;;;;;;;;,,,,,,,,,,,,,,,,,,,,,,
WOL_socialist;Socialist Faction;Faction socialiste;Die sozialistische Fraktion;;;;;;;;;;;;x;;;;;;;;;;;;;;;;;;;;;;;;;;;;;;;;;;;;;;;;;;;;;,,,,,,,,,,,,,,,,,,,,,,
WOL_communist;Communist Faction;Faction communiste;Die kommunistische Fraktion;;;;;;;;;;;;x;;;;;;;;;;;;;;;;;;;;;;;;;;;;;;;;;;;;;;;;;;;;;,,,,,,,,,,,,,,,,,,,,,,
WOL_fascist;Fascist Faction;Faction fasciste;Die faschistische Fraktion;;;;;;;;;;;;x;;;;;;;;;;;;;;;;;;;;;;;;;;;;;;;;;;;;;;;;;;;;;,,,,,,,,,,,,,,,,,,,,,,
XHO;Xhosa;Xhosa;Xhosa;;Kosoj;;;;;;;;;;x;;;;;;;;;;;;;;;;;;;;;;;;;;;;;;;;;;;;;;;;;;;;;,,,,,,,,,,,,,,,,,,,,,,
XHO_ADJ;Xhosa;Xhosa;Xhosa;;;;;;;;;;;;x;;;;;;;;;;;;;;;;;;;;;;;;;;;;;;;;;;;;;;;;;;;;;,,,,,,,,,,,,,,,,,,,,,,
XHO_conservative;Conservative Faction;Faction conservateur;Konservative Fraktion;;;;;;;;;;;;x;;;;;;;;;;;;;;;;;;;;;;;;;;;;;;;;;;;;;;;;;;;;;,,,,,,,,,,,,,,,,,,,,,,
XHO_liberal;Liberal Faction;Faction libÈral;Liberale Fraktion;;;;;;;;;;;;x;;;;;;;;;;;;;;;;;;;;;;;;;;;;;;;;;;;;;;;;;;;;;,,,,,,,,,,,,,,,,,,,,,,
XHO_reactionary;Traditional Faction;Faction traditionnelle;Traditionelle Fraktion;;;;;;;;;;;;x;;;;;;;;;;;;;;;;;;;;;;;;;;;;;;;;;;;;;;;;;;;;;,,,,,,,,,,,,,,,,,,,,,,
XHO_anarcho_liberal;Radical Faction;Faction radicale;Die radikale Fraktion;;;;;;;;;;;;x;;;;;;;;;;;;;;;;;;;;;;;;;;;;;;;;;;;;;;;;;;;;;,,,,,,,,,,,,,,,,,,,,,,
XHO_socialist;Socialist Faction;Faction socialiste;Die sozialistische Fraktion;;;;;;;;;;;;x;;;;;;;;;;;;;;;;;;;;;;;;;;;;;;;;;;;;;;;;;;;;;,,,,,,,,,,,,,,,,,,,,,,
XHO_communist;Communist Faction;Faction communiste;Die kommunistische Fraktion;;;;;;;;;;;;x;;;;;;;;;;;;;;;;;;;;;;;;;;;;;;;;;;;;;;;;;;;;;,,,,,,,,,,,,,,,,,,,,,,
XHO_fascist;Fascist Faction;Faction fasciste;Die faschistische Fraktion;;;;;;;;;;;;x;;;;;;;;;;;;;;;;;;;;;;;;;;;;;;;;;;;;;;;;;;;;;,,,,,,,,,,,,,,,,,,,,,,
XHO_democracy;Xhosaland;;;;;;;;;;;;;;x;;;;;;;;;;;;;;;;;;;;;;;;;;;;;;;;;;;;;;;;;;;;;,,,,,,,,,,,,,,,,,,,,,,
AGC;Angoche;;;;;;;;;;;;x;;;;;;;;;;;;;;;;;;;;;;;;;;;;;;;;;;;;;;;;;;;;;;;,,,,,,,,,,,,,,,,,,,,,,
AGC_ADJ;Angochen;;;;;;;;;;;;x;;;;;;;;;;;;;;;;;;;;;;;;;;;;;;;;;;;;;;;;;;;;;;;,,,,,,,,,,,,,,,,,,,,,,
AGC_conservative;Sultan's Faction;;;;;;;;;;;;x;;;;;;;;;;;;;;;;;;;;;;;;;;;;;;;;;;;;;;;;;;;;;;;,,,,,,,,,,,,,,,,,,,,,,
AGC_liberal;Reform Faction;;;;;;;;;;;;x;;;;;;;;;;;;;;;;;;;;;;;;;;;;;;;;;;;;;;;;;;;;;;;,,,,,,,,,,,,,,,,,,,,,,
AGC_reactionary;Islamic faction;;;;;;;;;;;;x;;;;;;;;;;;;;;;;;;;;;;;;;;;;;;;;;;;;;;;;;;;;;;;,,,,,,,,,,,,,,,,,,,,,,
AGC_anarcho_liberal;Radical Faction;;;;;;;;;;;;x;;;;;;;;;;;;;;;;;;;;;;;;;;;;;;;;;;;;;;;;;;;;;;;,,,,,,,,,,,,,,,,,,,,,,
AGC_socialist;Socialist Party;;;;;;;;;;;;x;;;;;;;;;;;;;;;;;;;;;;;;;;;;;;;;;;;;;;;;;;;;;;;,,,,,,,,,,,,,,,,,,,,,,
AGC_communist;Communist Party;;;;;;;;;;;;x;;;;;;;;;;;;;;;;;;;;;;;;;;;;;;;;;;;;;;;;;;;;;;;,,,,,,,,,,,,,,,,,,,,,,
AGC_fascist;Fascist Faction;;;;;;;;;;;;x;;;;;;;;;;;;;;;;;;;;;;;;;;;;;;;;;;;;;;;;;;;;;;;,,,,,,,,,,,,,,,,,,,,,,
GAZ;Gaza;;;;;;;;;;;;x;;;;;;;;;;;;;;;;;;;;;;;;;;;;;;;;;;;;;;;;;;;;;;;,,,,,,,,,,,,,,,,,,,,,,
GAZ_ADJ;Nguni;;;;;;;;;;;;x;;;;;;;;;;;;;;;;;;;;;;;;;;;;;;;;;;;;;;;;;;;;;;;,,,,,,,,,,,,,,,,,,,,,,
GAZ_conservative;King's Faction;;;;;;;;;;;;x;;;;;;;;;;;;;;;;;;;;;;;;;;;;;;;;;;;;;;;;;;;;;;;,,,,,,,,,,,,,,,,,,,,,,
GAZ_liberal;Reform Faction;;;;;;;;;;;;x;;;;;;;;;;;;;;;;;;;;;;;;;;;;;;;;;;;;;;;;;;;;;;;,,,,,,,,,,,,,,,,,,,,,,
GAZ_reactionary;Traditionalist faction;;;;;;;;;;;;x;;;;;;;;;;;;;;;;;;;;;;;;;;;;;;;;;;;;;;;;;;;;;;;,,,,,,,,,,,,,,,,,,,,,,
GAZ_anarcho_liberal;Freedom Faction;;;;;;;;;;;;x;;;;;;;;;;;;;;;;;;;;;;;;;;;;;;;;;;;;;;;;;;;;;;;,,,,,,,,,,,,,,,,,,,,,,
GAZ_socialist;People's Front;;;;;;;;;;;;x;;;;;;;;;;;;;;;;;;;;;;;;;;;;;;;;;;;;;;;;;;;;;;;,,,,,,,,,,,,,,,,,,,,,,
GAZ_communist;Communist Party;;;;;;;;;;;;x;;;;;;;;;;;;;;;;;;;;;;;;;;;;;;;;;;;;;;;;;;;;;;;,,,,,,,,,,,,,,,,,,,,,,
GAZ_fascist;Fascist Faction;;;;;;;;;;;;x;;;;;;;;;;;;;;;;;;;;;;;;;;;;;;;;;;;;;;;;;;;;;;;,,,,,,,,,,,,,,,,,,,,,,
TRZ;Kingdom of Ugadu;;;;;;;;;;;;x;;;;;;;;;;;;;;;;;;;;;;;;;;;;;;;;;;;;;;;;;;;;;;;,,,,,,,,,,,,,,,,,,,,,,
TRZ_ADJ;Ugadun;;;;;;;;;;;;x;;;;;;;;;;;;;;;;;;;;;;;;;;;;;;;;;;;;;;;;;;;;;;;,,,,,,,,,,,,,,,,,,,,,,
TRZ_conservative;Emir's Faction;;;;;;;;;;;;x;;;;;;;;;;;;;;;;;;;;;;;;;;;;;;;;;;;;;;;;;;;;;;;,,,,,,,,,,,,,,,,,,,,,,
TRZ_liberal;Reform Faction;;;;;;;;;;;;x;;;;;;;;;;;;;;;;;;;;;;;;;;;;;;;;;;;;;;;;;;;;;;;,,,,,,,,,,,,,,,,,,,,,,
TRZ_reactionary;Ugadun faction;;;;;;;;;;;;x;;;;;;;;;;;;;;;;;;;;;;;;;;;;;;;;;;;;;;;;;;;;;;;,,,,,,,,,,,,,,,,,,,,,,
TRZ_conservative_2;Progressive Union;;;;;;;;;;;;x;;;;;;;;;;;;;;;;;;;;;;;;;;;;;;;;;;;;;;;;;;;;;;;,,,,,,,,,,,,,,,,,,,,,,
TRZ_liberal_2;Agreement Party;;;;;;;;;;;;x;;;;;;;;;;;;;;;;;;;;;;;;;;;;;;;;;;;;;;;;;;;;;;;,,,,,,,,,,,,,,,,,,,,,,
TRZ_reactionary_2;People's Party;;;;;;;;;;;;x;;;;;;;;;;;;;;;;;;;;;;;;;;;;;;;;;;;;;;;;;;;;;;;,,,,,,,,,,,,,,,,,,,,,,
TRZ_anarcho_liberal;Radical Faction;;;;;;;;;;;;x;;;;;;;;;;;;;;;;;;;;;;;;;;;;;;;;;;;;;;;;;;;;;;;,,,,,,,,,,,,,,,,,,,,,,
TRZ_socialist;Association of the Young Ugadunians;;;;;;;;;;;;x;;;;;;;;;;;;;;;;;;;;;;;;;;;;;;;;;;;;;;;;;;;;;;;,,,,,,,,,,,,,,,,,,,,,,
TRZ_communist;Ugadun Entente;;;;;;;;;;;;x;;;;;;;;;;;;;;;;;;;;;;;;;;;;;;;;;;;;;;;;;;;;;;;,,,,,,,,,,,,,,,,,,,,,,
TRZ_fascist;Ugadun Empire;;;;;;;;;;;;x;;;;;;;;;;;;;;;;;;;;;;;;;;;;;;;;;;;;;;;;;;;;;;;,,,,,,,,,,,,,,,,,,,,,,
TRZ_proletarian_dictatorship;Mauritania;Mauritanie;Mauretanien;;;;;;;;;;;x;;;;;;;;;;;;;;;;;;;;;;;;;;;;;;;;;;;;;;;;;;;;;;,,,,,,,,,,,,,,,,,,,,,,
TRZ_proletarian_dictatorship_ADJ;Mauritanian;Mauritanien;Mauretanische;;;;;;;;;;;x;;;;;;;;;;;;;;;;;;;;;;;;;;;;;;;;;;;;;;;;;;;;;;,,,,,,,,,,,,,,,,,,,,,,
TRZ_presidential_dictatorship;Mauritania;Mauritanie;Mauretanien;;;;;;;;;;;x;;;;;;;;;;;;;;;;;;;;;;;;;;;;;;;;;;;;;;;;;;;;;;,,,,,,,,,,,,,,,,,,,,,,
TRZ_presidential_dictatorship_ADJ;Mauritanian;Mauritanien;Mauretanische;;;;;;;;;;;x;;;;;;;;;;;;;;;;;;;;;;;;;;;;;;;;;;;;;;;;;;;;;;,,,,,,,,,,,,,,,,,,,,,,
TRZ_bourgeois_dictatorship;Mauritania;Mauritanie;Mauretanien;;;;;;;;;;;x;;;;;;;;;;;;;;;;;;;;;;;;;;;;;;;;;;;;;;;;;;;;;;,,,,,,,,,,,,,,,,,,,,,,
TRZ_bourgeois_dictatorship_ADJ;Mauritanian;Mauritanien;Mauretanische;;;;;;;;;;;x;;;;;;;;;;;;;;;;;;;;;;;;;;;;;;;;;;;;;;;;;;;;;;,,,,,,,,,,,,,,,,,,,,,,
TRZ_fascist_dictatorship;Mauritania;Mauritanie;Mauretanien;;;;;;;;;;;x;;;;;;;;;;;;;;;;;;;;;;;;;;;;;;;;;;;;;;;;;;;;;;,,,,,,,,,,,,,,,,,,,,,,
TRZ_fascist_dictatorship_ADJ;Mauritanian;Mauritanien;Mauretanische;;;;;;;;;;;x;;;;;;;;;;;;;;;;;;;;;;;;;;;;;;;;;;;;;;;;;;;;;;,,,,,,,,,,,,,,,,,,,,,,
TRZ_democracy;Mauritania;Mauritanie;Mauretanien;;;;;;;;;;;x;;;;;;;;;;;;;;;;;;;;;;;;;;;;;;;;;;;;;;;;;;;;;;,,,,,,,,,,,,,,,,,,,,,,
TRZ_democracy_ADJ;Mauritanian;Mauritanien;Mauretanische;;;;;;;;;;;x;;;;;;;;;;;;;;;;;;;;;;;;;;;;;;;;;;;;;;;;;;;;;;,,,,,,,,,,,,,,,,,,,,,,
AWS;Aussa;;;;;;;;;;;;;;;;;;;;;;;;;;;x;;;;;;;;;;;;;;;;;;;;;;;;;;;;;;;;,,,,,,,,,,,,,,,,,,,,,,
AWS_ADJ;Afar;Afar;Afar;;;;;;;;;;;;x;;;;;;;;;;;;;;;;;;;;;;;;;;;;;;;;;;;;;;;;;;;;;,,,,,,,,,,,,,,,,,,,,,,
AWS_conservative;Sultan's Faction;Faction Sultan;Sultan Fraktion;;;;;;;;;;;;x;;;;;;;;;;;;;;;;;;;;;;;;;;;;;;;;;;;;;;;;;;;;;,,,,,,,,,,,,,,,,,,,,,,
AWS_liberal;Reformers Faction;Faction rÈformateurs;Reformatoren Fraktion;;;;;;;;;;;;x;;;;;;;;;;;;;;;;;;;;;;;;;;;;;;;;;;;;;;;;;;;;;,,,,,,,,,,,,,,,,,,,,,,
AWS_reactionary;Military Faction;Faction militaire;Milit‰rische Fraktion;;;;;;;;;;;;x;;;;;;;;;;;;;;;;;;;;;;;;;;;;;;;;;;;;;;;;;;;;;,,,,,,,,,,,,,,,,,,,,,,
AWS_anarcho_liberal;Radical Faction;Faction radicale;Die radikale Fraktion;;;;;;;;;;;;x;;;;;;;;;;;;;;;;;;;;;;;;;;;;;;;;;;;;;;;;;;;;;,,,,,,,,,,,,,,,,,,,,,,
AWS_socialist;Afar People's Party;Afar Parti populaire;Afar Volkspartei;;;;;;;;;;;;x;;;;;;;;;;;;;;;;;;;;;;;;;;;;;;;;;;;;;;;;;;;;;,,,,,,,,,,,,,,,,,,,,,,
AWS_communist;Afar Communist Party;Afar Parti communiste;Afar Kommunistischen Partei;;;;;;;;;;;;x;;;;;;;;;;;;;;;;;;;;;;;;;;;;;;;;;;;;;;;;;;;;;,,,,,,,,,,,,,,,,,,,,,,
AWS_fascist;Fascist Faction;Faction fasciste;Die faschistische Fraktion;;;;;;;;;;;;x;;;;;;;;;;;;;;;;;;;;;;;;;;;;;;;;;;;;;;;;;;;;;,,,,,,,,,,,,,,,,,,,,,,
GON;Gonder;Gonder;Gonder;;Gonder;;;;;;;;;;x;;;;;;;;;;;;;;;;;;;;;;;;;;;;;;;;;;;;;;;;;;;;;,,,,,,,,,,,,,,,,,,,,,,
GON_ADJ;Amhara;Amhara;Amhara;;;;;;;;;;;;x;;;;;;;;;;;;;;;;;;;;;;;;;;;;;;;;;;;;;;;;;;;;;,,,,,,,,,,,,,,,,,,,,,,
GON_conservative;Imperial Faction;Faction impÈriale;Imperialen Fraktion;;;;;;;;;;;;x;;;;;;;;;;;;;;;;;;;;;;;;;;;;;;;;;;;;;;;;;;;;;,,,,,,,,,,,,,,,,,,,,,,
GON_liberal;Reform Faction;Faction de rÈforme;Verbesserung Fraktion;;;;;;;;;;;;x;;;;;;;;;;;;;;;;;;;;;;;;;;;;;;;;;;;;;;;;;;;;;,,,,,,,,,,,,,,,,,,,,,,
GON_reactionary;Ras Faction;Faction Ras;Ras Fraktion;;;;;;;;;;;;x;;;;;;;;;;;;;;;;;;;;;;;;;;;;;;;;;;;;;;;;;;;;;,,,,,,,,,,,,,,,,,,,,,,
GON_anarcho_liberal;Radical Faction;Faction radicale;Die radikale Fraktion;;;;;;;;;;;;x;;;;;;;;;;;;;;;;;;;;;;;;;;;;;;;;;;;;;;;;;;;;;,,,,,,,,,,,,,,,,,,,,,,
GON_socialist;Socialist Party;Parti socialiste;Sozialistische Partei;;;;;;;;;;;;x;;;;;;;;;;;;;;;;;;;;;;;;;;;;;;;;;;;;;;;;;;;;;,,,,,,,,,,,,,,,,,,,,,,
GON_communist;Communist Party;Parti communiste;Kommunistische Partei;;;;;;;;;;;;x;;;;;;;;;;;;;;;;;;;;;;;;;;;;;;;;;;;;;;;;;;;;;,,,,,,,,,,,,,,,,,,,,,,
GON_fascist;Fascist Faction;Faction fasciste;Die faschistische Fraktion;;;;;;;;;;;;x;;;;;;;;;;;;;;;;;;;;;;;;;;;;;;;;;;;;;;;;;;;;;,,,,,,,,,,,,,,,,,,,,,,
HAR;Harar;Harar;Harar;;Harar;;;;;;;;;;x;;;;;;;;;;;;;;;;;;;;;;;;;;;;;;;;;;;;;;;;;;;;;,,,,,,,,,,,,,,,,,,,,,,
HAR_ADJ;Harari;Hararienne;Hararische;;;;;;;;;;;;x;;;;;;;;;;;;;;;;;;;;;;;;;;;;;;;;;;;;;;;;;;;;;,,,,,,,,,,,,,,,,,,,,,,
HAR_conservative;Emir's Faction;Faction Emir;Emir Fraktion;;;;;;;;;;;;x;;;;;;;;;;;;;;;;;;;;;;;;;;;;;;;;;;;;;;;;;;;;;,,,,,,,,,,,,,,,,,,,,,,
HAR_liberal;Reform Faction;Faction de rÈforme;Verbesserung Fraktion;;;;;;;;;;;;x;;;;;;;;;;;;;;;;;;;;;;;;;;;;;;;;;;;;;;;;;;;;;,,,,,,,,,,,,,,,,,,,,,,
HAR_reactionary;Religious Faction;Faction religieuse;Religiˆse Fraktion;;;;;;;;;;;;x;;;;;;;;;;;;;;;;;;;;;;;;;;;;;;;;;;;;;;;;;;;;;,,,,,,,,,,,,,,,,,,,,,,
HAR_anarcho_liberal;Radical Faction;Faction radicale;Die radikale Fraktion;;;;;;;;;;;;x;;;;;;;;;;;;;;;;;;;;;;;;;;;;;;;;;;;;;;;;;;;;;,,,,,,,,,,,,,,,,,,,,,,
HAR_socialist;Socialist Party;Parti socialiste;Sozialistische Partei;;;;;;;;;;;;x;;;;;;;;;;;;;;;;;;;;;;;;;;;;;;;;;;;;;;;;;;;;;,,,,,,,,,,,,,,,,,,,,,,
HAR_communist;Communist Party;Parti communiste;Kommunistische Partei;;;;;;;;;;;;x;;;;;;;;;;;;;;;;;;;;;;;;;;;;;;;;;;;;;;;;;;;;;,,,,,,,,,,,,,,,,,,,,,,
HAR_fascist;Islamic Party;Parti islamique;Islamische Partei;;;;;;;;;;;;x;;;;;;;;;;;;;;;;;;;;;;;;;;;;;;;;;;;;;;;;;;;;;,,,,,,,,,,,,,,,,,,,,,,
KAF;Kaffa;Kaffa;Kaffa;;Kaffa;;;;;;;;;;x;;;;;;;;;;;;;;;;;;;;;;;;;;;;;;;;;;;;;;;;;;;;;,,,,,,,,,,,,,,,,,,,,,,
KAF_ADJ;Kaffan;Kaffaienne;Kaffaische;;;;;;;;;;;;x;;;;;;;;;;;;;;;;;;;;;;;;;;;;;;;;;;;;;;;;;;;;;,,,,,,,,,,,,,,,,,,,,,,
KAF_conservative;Royal faction;Faction royale;Kˆnigliche Fraktion;;;;;;;;;;;;x;;;;;;;;;;;;;;;;;;;;;;;;;;;;;;;;;;;;;;;;;;;;;,,,,,,,,,,,,,,,,,,,,,,
KAF_liberal;Reform Faction;Faction de rÈforme;Verbesserung Fraktion;;;;;;;;;;;;x;;;;;;;;;;;;;;;;;;;;;;;;;;;;;;;;;;;;;;;;;;;;;,,,,,,,,,,,,,,,,,,,,,,
KAF_reactionary;Traditionalist faction;Faction traditionaliste;Traditionalist Fraktion;;;;;;;;;;;;x;;;;;;;;;;;;;;;;;;;;;;;;;;;;;;;;;;;;;;;;;;;;;,,,,,,,,,,,,,,,,,,,,,,
KAF_anarcho_liberal;Freedom Faction;Faction libertÈ;Freiheit Fraktion;;;;;;;;;;;;x;;;;;;;;;;;;;;;;;;;;;;;;;;;;;;;;;;;;;;;;;;;;;,,,,,,,,,,,,,,,,,,,,,,
KAF_socialist;Socialist Faction;Faction socialiste;Die sozialistische Fraktion;;;;;;;;;;;;x;;;;;;;;;;;;;;;;;;;;;;;;;;;;;;;;;;;;;;;;;;;;;,,,,,,,,,,,,,,,,,,,,,,
KAF_communist;Communist Faction;Faction communiste;Die kommunistische Fraktion;;;;;;;;;;;;x;;;;;;;;;;;;;;;;;;;;;;;;;;;;;;;;;;;;;;;;;;;;;,,,,,,,,,,,,,,,,,,,,,,
KAF_fascist;Fascist Faction;Faction fasciste;Die faschistische Fraktion;;;;;;;;;;;;x;;;;;;;;;;;;;;;;;;;;;;;;;;;;;;;;;;;;;;;;;;;;;,,,,,,,,,,,,,,,,,,,,,,
SID;Sidama;Sidama;Sidama;;Sidama;;;;;;;;;;x;;;;;;;;;;;;;;;;;;;;;;;;;;;;;;;;;;;;;;;;;;;;;,,,,,,,,,,,,,,,,,,,,,,
SID_ADJ;Sidaman;Sidamaienne;Sidamaische;;;;;;;;;;;;x;;;;;;;;;;;;;;;;;;;;;;;;;;;;;;;;;;;;;;;;;;;;;,,,,,,,,,,,,,,,,,,,,,,
SID_conservative;Aristocratic Faction;Faction aristocratique;Aristokratischen Fraktion;;;;;;;;;;;;x;;;;;;;;;;;;;;;;;;;;;;;;;;;;;;;;;;;;;;;;;;;;;,,,,,,,,,,,,,,,,,,,,,,
SID_liberal;Reform Faction;Faction de rÈforme;Verbesserung Fraktion;;;;;;;;;;;;x;;;;;;;;;;;;;;;;;;;;;;;;;;;;;;;;;;;;;;;;;;;;;,,,,,,,,,,,,,,,,,,,,,,
SID_reactionary;Traditionalist faction;Faction traditionaliste;Traditionalist Fraktion;;;;;;;;;;;;x;;;;;;;;;;;;;;;;;;;;;;;;;;;;;;;;;;;;;;;;;;;;;,,,,,,,,,,,,,,,,,,,,,,
SID_anarcho_liberal;Freedom Faction;Faction libertÈ;Freiheit Fraktion;;;;;;;;;;;;x;;;;;;;;;;;;;;;;;;;;;;;;;;;;;;;;;;;;;;;;;;;;;,,,,,,,,,,,,,,,,,,,,,,
SID_socialist;Socialist Faction;Faction socialiste;Die sozialistische Fraktion;;;;;;;;;;;;x;;;;;;;;;;;;;;;;;;;;;;;;;;;;;;;;;;;;;;;;;;;;;,,,,,,,,,,,,,,,,,,,,,,
SID_communist;Communist Faction;Faction communiste;Die kommunistische Fraktion;;;;;;;;;;;;x;;;;;;;;;;;;;;;;;;;;;;;;;;;;;;;;;;;;;;;;;;;;;,,,,,,,,,,,,,,,,,,,,,,
SID_fascist;Fascist Faction;Faction fasciste;Die faschistische Fraktion;;;;;;;;;;;;x;;;;;;;;;;;;;;;;;;;;;;;;;;;;;;;;;;;;;;;;;;;;;,,,,,,,,,,,,,,,,,,,,,,
TIG;Tigray;Tigray;Tigray;;Tigray;;;;;;;;;;x;;;;;;;;;;;;;;;;;;;;;;;;;;;;;;;;;;;;;;;;;;;;;,,,,,,,,,,,,,,,,,,,,,,
TIG_ADJ;Tigrayan;Tigrayienne;Tigrayische;;;;;;;;;;;;x;;;;;;;;;;;;;;;;;;;;;;;;;;;;;;;;;;;;;;;;;;;;;,,,,,,,,,,,,,,,,,,,,,,
TIG_conservative;Faction of the Ras of Tigray;Faction de l'Ras du TigrÈ;Fraktion der Ras von Tigray;;;;;;;;;;;;x;;;;;;;;;;;;;;;;;;;;;;;;;;;;;;;;;;;;;;;;;;;;;,,,,,,,,,,,,,,,,,,,,,,
TIG_liberal;Reform Faction;Faction de rÈforme;Verbesserung Fraktion;;;;;;;;;;;;x;;;;;;;;;;;;;;;;;;;;;;;;;;;;;;;;;;;;;;;;;;;;;,,,,,,,,,,,,,,,,,,,,,,
TIG_reactionary;Traditionalist faction;Faction traditionaliste;Traditionalist Fraktion;;;;;;;;;;;;x;;;;;;;;;;;;;;;;;;;;;;;;;;;;;;;;;;;;;;;;;;;;;,,,,,,,,,,,,,,,,,,,,,,
TIG_anarcho_liberal;Freedom Faction;Faction libertÈ;Freiheit Fraktion;;;;;;;;;;;;x;;;;;;;;;;;;;;;;;;;;;;;;;;;;;;;;;;;;;;;;;;;;;,,,,,,,,,,,,,,,,,,,,,,
TIG_socialist;Tigrayan People's Liberation Front;Front de libÈration du Tigrayienne populaire;Tigrayan Volksbefreiungsfront;;;;;;;;;;;;x;;;;;;;;;;;;;;;;;;;;;;;;;;;;;;;;;;;;;;;;;;;;;,,,,,,,,,,,,,,,,,,,,,,
TIG_communist;Tigrayan Communist Party;Tigrayienne Parti communiste;Tigrayan Kommunistischen Partei;;;;;;;;;;;;x;;;;;;;;;;;;;;;;;;;;;;;;;;;;;;;;;;;;;;;;;;;;;,,,,,,,,,,,,,,,,,,,,,,
TIG_fascist;Fascist Faction;Faction fasciste;Die faschistische Fraktion;;;;;;;;;;;;x;;;;;;;;;;;;;;;;;;;;;;;;;;;;;;;;;;;;;;;;;;;;;,,,,,,,,,,,,,,,,,,,,,,
INA_ADJ;Celtic;Celtic;Celtic;;;;;;;;;;;x;
INA;The Indus Administration;The Indus Administration;The Indus Administration;;;;;;;;;;;x;
INA_proletarian_dictatorship;The Indus Commune;The Indus Commune;The Indus Commune;;;;;;;;;;;x;
INA_presidential_dictatorship;The Indus Republic;The Indus Republic;The Indus Republic;;;;;;;;;;;x;
INA_bourgeois_dictatorship;The Indus Administration;The Indus Administration;The Indus Administration;;;;;;;;;;;x;
INA_fascist_dictatorship;The Indus Valley Empire;The Indus Valley Empire;The Indus Valley Empire;;;;;;;;;;;x;
INA_absolute_monarchy;The Indus Administration;The Indus Administration;The Indus Administration;;;;;;;;;;;x;
INA_prussian_constitutionalism;The Indus Administration;The Indus Administration;The Indus Administration;;;;;;;;;;;x;
INA_hms_government;The Indus Administration;The Indus Administration;The Indus Administration;;;;;;;;;;;x;
INA_democracy;The Indus Republic;The Indus Republic;The Indus Republic;;;;;;;;;;;x;
INA_conservative_92;Conservatives;Conservatives;Conservatives;;;;;;;;;;;x;
INA_liberal_79;Liberals;Liberals;Liberals;;;;;;;;;;;x;
INA_liberal_87;National Liberals;National Liberals;National Liberals;;;;;;;;;;;x;
INA_socialist_85;Socialists;Socialists;Socialists;;;;;;;;;;;x;
INA_socialist_99;National Socialists;National Socialists;National Socialists;;;;;;;;;;;x;
INA_reactionary_84;Monarchy Leadership;Monarchy Leadership;Monarchy Leadership;;;;;;;;;;;x;
INA_anarcho_liberal_93;Radical Liberals;Radical Liberals;Radical Liberals;;;;;;;;;;;x;
INA_communist_86;Communists;Communists;Communists;;;;;;;;;;;x;
INA_fascist_72;Fascists;Fascists;Fascists;;;;;;;;;;;x;

LOM;Cisalpinia;;;;;;;;;;;;x;;;;;;;;;;;;;;;;;;;;;;;;;;;;
LOM_absolute_monarchy;Cisalpine Duchy;;;;;;;;;;;;x;;;;;;;;;;;;;;;;;;;;;;;;;;;;
LOM_hms_government;Cisalpine Duchy;;;;;;;;;;;;x;;;;;;;;;;;;;;;;;;;;;;;;;;;;
LOM_prussian_constitutionalism;Cisalpine Duchy;;;;;;;;;;;;x;;;;;;;;;;;;;;;;;;;;;;;;;;;;
LOM_lotharingian_duchy;Kingdom of Italy;;;;;;;;;;;;;;x;;;;;;;;;;;;;;;;;;;;;;;;;;
LOM_colonial_company;Themata Transpadana;;;;;;;;;;;;;;;;;;;;;;x,,,;;;;;;;;;;;;;;;;;;
LOM_ADJ;Cisalpine;;;;;;;;;;;;x;;;;;;;;;;;;;;;;;;;;;;;;;;;;
PAP_colonial_company;Themata Latina;;;;;;;;;;;;x;;;;;;;;;;;;;;;;;;;;;;;;;;;;
TUS_colonial_company;Themata Etruscana;;;;;;;;;;;;x;;;;;;;;;;;;;;;;;;;;;;;;;;;;
;;;;;;x;;;;;;;;;;;;;;;;;;;;;;;;;;;;;;;;;;;
ANU;Baediga;;;;;;;;;;;;;;;;;;;;;;;;x;;;;;;;;;;;;;;;;
ANU_ADJ;Baedigan;;;;;;;;;;;;;;;;;;;;;;;;x;;;;;;;;;;;;;;;;
TLD;Toledu;;;;;;;;;;;;;;x;;;;;;;;;;;;;;;;;;;;;;;;;;
TLD_ADJ;Toledan;;;;;;;;;;;;;;x;;;;;;;;;;;;;;;;;;;;;;;;;;
;;;;;;x;;;;;;;;;;;;;;;;;;;;;;;;;;;;;;;;;;;
GEN_GER_anarcho_liberal;Radikale;;;;;;;;;;;;;;;;;;;;;;;;;;;;;;;;;;;;;;;;
GEN_GER_communist;Kommunistische Arbeiterpartei;;;;;;;;;;;;;;;;;;;;;;;;;;;;;;;;;;;;;;;;
GEN_GER_conservative_1;Zentrumspartei;;;;;;;;;;;;;;;;;;;;;;;;;;;;;;;;;;;;;;;;
GEN_GER_conservative_2;Konservative Partei;;;;;;;;;;;;;;;;;;;;;;;;;;;;;;;;;;;;;;;;
GEN_GER_fascist;Alldeutscher Verband;;;;;;;;;;;;;;;;;;;;;;;;;;;;;;;;;;;;;;;;
GEN_GER_liberal_1;Liberale Vereinigung;;;;;;;;;;;;;;;;;;;;;;;;;;;;;;;;;;;;;;;;
GEN_GER_liberal_2;Liberaldemokratische Partei;;;;;;;;;;;;;;;;;;;;;;;;;;;;;;;;;;;;;;;;
GEN_GER_reactionary;Die Konterrevolution‰re;;;;;;;;;;;;;;;;;;;;;;;;;;;;;;;;;;;;;;;;
GEN_GER_social_liberal;Dahlker Partei;;;;;;;;;;;;;;;;;;;;;;;;;;;;;;;;;;;;;;;;
GEN_GER_market_liberal;Gemeiner Handelsverband;;;;;;;;;;;;;;;;;;;;;;;;;;;;;;;;;;;;;;;;
GEN_GER_socialist_1;Sozialdemokratische Partei;;;;;;;;;;;;;;;;;;;;;;;;;;;;;;;;;;;;;;;;
GEN_GER_socialist_2;Sozialistiche Arbeiterverein;;;;;;;;;;;;;;;;;;;;;;;;;;;;;;;;;;;;;;;;
FRE;Franconia;;;;;;;;;;;;;;;;;;;;;;;;;;;;;;;;;;;;;;;;
FRE_ADJ;Franconia;;;;;;;;;;;;;;;;;;;;;;;;;;;;;;;;;;;;;;;;
;;;;;;x;;;;;;;;;;;;;;;;;;;;;;;;;;;;;;;;;;;
BUK;Sogdia;;;;;;;;;;;x;;;;;;;;;;;;;;;;;;;;;;;;;;;;;
BUK_ADJ;Sogdian;;;;;;;;;;;x;;;;;;;;;;;;;;;;;;;;;;;;;;;;;
BUK_absolute_monarchy;Shahdom of Sughd;;;;;;;;;;;;;;;;x;;;;;;;;;;;;;;;;;;;;;;;;
BUK_hms_government;Shahdom of Sughd;;;;;;;;;;;;x;;;;;;;;;;;;;;;;;;;;;;;;;;;;
BUK_prussian_constitutionalism;Shahdom of Sughd;;;;;;;;;;;;x;;;;;;;;;;;;;;;;;;;;;;;;;;;;
;;;;;;x;;;;;;;;;;;;;;;;;;;;;;;;;;;;;;;;;;;
JOD;Marwar;Marwar;Marwar;;Marwar;;;;;;;;;x;;;;;;;;;;;;;;;;;;;;;;;;;;;
JOD_ADJ;Marwari;Marwari;Marwari;;Marwari;;;;;;;;x;;;;;;;;;;;;;;;;;;;;;;;;;;;;
NTU_colonial_company_ADJ;Northumbrian;Northumbrian;Northumbrian;;;;;;;;;;;x;;;;;;;;;;;;;;;;;;;;;;;;;;;
NTU_dominion_ADJ;Northumbrian;Northumbrian;Northumbrian;;;;;;;;;;;x;;;;;;;;;;;;;;;;;;;;;;;;;;;
NTU;Brynaigh;Brynaigh;Brynaigh;;;;;;;;;;;x;;;;;;;;;;;;;;;;;;;;;;;;;;;
NTU_ADJ;Albidosaek;Albidosaek;Albidosaek;;;;;;;;;;;x;;;;;;;;;;;;;;;;;;;;;;;;;;;
NTU_colonial_company;Norhymbraland;Norhymbraland;Norhymbraland;;;;;;;;;;;x;;;;;;;;;;;;;;;;;;;;;;;;;;;
NTU_dominion;Norhymbraland;Norhymbraland;Norhymbraland;;;;;;;;;;;x;;;;;;;;;;;;;;;;;;;;;;;;;;;
NTU_proletarian_dictatorship;People's Republic of Brynaigh;People's Republic of Brynaigh;People's Republic of Brynaigh;;;;;;;;;;;x;;;;;;;;;;;;;;;;;;;;;;;;;;;
NTU_presidential_dictatorship;State of Brynaigh;State of Brynaigh;State of Brynaigh;;;;;;;;;;;x;;;;;;;;;;;;;;;;;;;;;;;;;;;
NTU_bourgeois_dictatorship;State of Brynaigh;State of Brynaigh;State of Brynaigh;;;;;;;;;;;x;;;;;;;;;;;;;;;;;;;;;;;;;;;
NTU_fascist_dictatorship;State of Brynaigh;State of Brynaigh;State of Brynaigh;;;;;;;;;;;x;;;;;;;;;;;;;;;;;;;;;;;;;;;
NTU_absolute_monarchy;Brynaigh;Brynaigh;Brynaigh;;;;;;;;;;;x;;;;;;;;;;;;;;;;;;;;;;;;;;;
NTU_prussian_constitutionalism;Brynaigh;Brynaigh;Brynaigh;;;;;;;;;;;x;;;;;;;;;;;;;;;;;;;;;;;;;;;
NTU_hms_government;Brynaigh;Brynaigh;Brynaigh;;;;;;;;;;;x;;;;;;;;;;;;;;;;;;;;;;;;;;;
NTU_democracy;Republic of Brynaigh;Republic of Brynaigh;Republic of Brynaigh;;;;;;;;;;;x;;;;;;;;;;;;;;;;;;;;;;;;;;;
NTU_conservative_92;Pl‡idh Gaidwadol;Pl‡idh Gaidwadol;Pl‡idh Gaidwadol;;;;;;;;;;;x;;;;;;;;;;;;;;;;;;;;;;;;;;;
NTU_liberal_79;Pl‡idh Libearadol;Pl‡idh Libearadol;Pl‡idh Libearadol;;;;;;;;;;;x;;;;;;;;;;;;;;;;;;;;;;;;;;;
NTU_liberal_87;Libearadol Cenedlaethol;Libearadol Cenedlaethol;Libearadol Cenedlaethol;;;;;;;;;;;x;;;;;;;;;;;;;;;;;;;;;;;;;;;
NTU_socialist_85;SÚiseawyr;SÚiseawyr;SÚiseawyr;;;;;;;;;;;x;;;;;;;;;;;;;;;;;;;;;;;;;;;
NTU_socialist_99;SÚiseawyr Cenedlaethol;SÚiseawyr Cenedlaethol;SÚiseawyr Cenedlaethol;;;;;;;;;;;x;;;;;;;;;;;;;;;;;;;;;;;;;;;
NTU_reactionary_84;Monarchy Leadership;Monarchy Leadership;Monarchy Leadership;;;;;;;;;;;x;;;;;;;;;;;;;;;;;;;;;;;;;;;
NTU_anarcho_liberal_93;Libearadol Radaicalydd;Libearadol Radaicalydd;Libearadol Radaicalydd;;;;;;;;;;;x;;;;;;;;;;;;;;;;;;;;;;;;;;;
NTU_communist_86;Comannyddion;Comannyddion;Comannyddion;;;;;;;;;;;x;;;;;;;;;;;;;;;;;;;;;;;;;;;
NTU_fascist_72;Faisigwyr;Faisigwyr;Faisigwyr;;;;;;;;;;;x;;;;;;;;;;;;;;;;;;;;;;;;;;;
;;;;;;x;;;;;;;;;;;;;;;;;;;;;;;;;;;;;;;;;;;
NAL_conservative;Voortrekker Partei;Voortrekker Partei;Voortrekker Partei;;Voortrekker Partei;;;;;;;;;x;;;;;;;;;;;;;;;;;;;;;;;;;;;
NAL_conservative_2;Boeren Partei;Boeren Partei;Boeren Partei;;Boeren Partei;;;;;;;;;x;;;;;;;;;;;;;;;;;;;;;;;;;;;
NAL_liberal;The Liberal Party;Parti lib?al;Die liberale Partei;;El Partido Liberal;;;;;;;;;x;;;;;;;;;;;;;;;;;;;;;;;;;;;
NAL_reactionary;The Nationalist Party;Parti nationaliste;Die nationalistische Partei;;El Partido Nacionalista;;;;;;;;;x;;;;;;;;;;;;;;;;;;;;;;;;;;;
NAL_anarcho_liberal;The Radical Party;Parti radical;Die radikale Partei;;El Partido Radical;;;;;;;;;x;;;;;;;;;;;;;;;;;;;;;;;;;;;
NAL_socialist;The Socialist Party;Parti socialiste;Die sozialistische Partei;;El Partido Socialista;;;;;;;;;x;;;;;;;;;;;;;;;;;;;;;;;;;;;
NAL_communist;The Communist Party;Parti communiste;Die kommunistische Partei;;El Partido Comunista;;;;;;;;;x;;;;;;;;;;;;;;;;;;;;;;;;;;;
NAL_fascist;The Fascist Party;Parti fasciste;Die faschistische Partei;;El Partido Fascista;;;;;;;;;x;;;;;;;;;;;;;;;;;;;;;;;;;;;
TRN_conservative;Voortrekker Partei;Voortrekker Partei;Voortrekker Partei;;Voortrekker Partei;;;;;;;;;x;;;;;;;;;;;;;;;;;;;;;;;;;;;
TRN_conservative_2;Boeren Partei;Boeren Partei;Boeren Partei;;Boeren Partei;;;;;;;;;x;;;;;;;;;;;;;;;;;;;;;;;;;;;
TRN_liberal;Liberal Party;Parti lib?al;Liberale Partei;;Partido Liberal;;;;;;;;;x;;;;;;;;;;;;;;;;;;;;;;;;;;;
TRN_reactionary;Nationalist Partei;Partei nationaliste;Nationalist Partei;;Nationalist Partei;;;;;;;;;x;;;;;;;;;;;;;;;;;;;;;;;;;;;
TRN_anarcho_liberal;Radical Party;Parti radical;Radikale Partei;;Partido Radical;;;;;;;;;x;;;;;;;;;;;;;;;;;;;;;;;;;;;
TRN_socialist;Socialist Party;Parti socialiste;Sozialistische Partei;;Partido Socialista;;;;;;;;;x;;;;;;;;;;;;;;;;;;;;;;;;;;;
TRN_communist;Communist Party;Parti communiste ;Kommunistische Partei;;Partido Comunista;;;;;;;;;x;;;;;;;;;;;;;;;;;;;;;;;;;;;
TRN_fascist;Fascist Party;Parti fasciste;Faschistische Partei;;Partido Fascista;;;;;;;;;x;;;;;;;;;;;;;;;;;;;;;;;;;;;
ORA_conservative;Voortrekker Partei;Voortrekker Partei;Voortrekker Partei;;Voortrekker Partei;;;;;;;;;x;;;;;;;;;;;;;;;;;;;;;;;;;;;
ORA_conservative_2;Boeren Partei;Boeren Partei;Boeren Partei;;Boeren Partei;;;;;;;;;x;;;;;;;;;;;;;;;;;;;;;;;;;;;
ORA_liberal;The Liberal Party;Parti lib?al;Die liberale Partei;;El Partido Liberal;;;;;;;;;x;;;;;;;;;;;;;;;;;;;;;;;;;;;
ORA_reactionary;The Nationalist Partei;Partei nationaliste;Die nationalistische Partei;;The Nationalist Partei;;;;;;;;;x;;;;;;;;;;;;;;;;;;;;;;;;;;;
ORA_anarcho_liberal;The Radical Party;Parti radical;Die radikale Partei;;El Partido Radical;;;;;;;;;x;;;;;;;;;;;;;;;;;;;;;;;;;;;
ORA_socialist;The Socialist Party;Parti socialiste;Die sozialistische Partei;;El Partido Socialista;;;;;;;;;x;;;;;;;;;;;;;;;;;;;;;;;;;;;
ORA_communist;The Communist Party;Parti communiste;Die kommunistische Partei;;El Partido Comunista;;;;;;;;;x;;;;;;;;;;;;;;;;;;;;;;;;;;;
ORA_fascist;The Fascist Party;Parti fasciste;Die faschistische Partei;;El Partido Fascista;;;;;;;;;x;;;;;;;;;;;;;;;;;;;;;;;;;;;
SAF_liberal;Afrikaner Bond;Afrikaner Bond;Afrikaner Bond;;Afrikaner Bond;;;;;;;;;x;;;;;;;;;;;;;;;;;;;;;;;;;;;
SAF_conservative;Progressive Party;Parti progressiste;Progressive Party;;Partido progresista;;;;;;;;;x;;;;;;;;;;;;;;;;;;;;;;;;;;;
SAF_socialist;Labour Party;Parti travailliste;Labour Party;;Partido Laborista;;;;;;;;;x;;;;;;;;;;;;;;;;;;;;;;;;;;;
SAF_conservative_2;Unionist Party;Parti unioniste;Unionist Party;;Partido Unionista;;;;;;;;;x;;;;;;;;;;;;;;;;;;;;;;;;;;;
SAF_liberal_2;South African Party;Parti sud-africain;South African Party;;Partido Sudafricano;;;;;;;;;x;;;;;;;;;;;;;;;;;;;;;;;;;;;
SAF_conservative_3;National Party;Parti national;National Party;;Partido Nacional;;;;;;;;;x;;;;;;;;;;;;;;;;;;;;;;;;;;;
SAF_reactionary;Nationalist Party;Parti nationaliste;Nationalist Party;;Partido Nacionalista;;;;;;;;;x;;;;;;;;;;;;;;;;;;;;;;;;;;;
SAF_anarcho_liberal;Radical Party;Parti radical;Radical Party;;Partido Radical;;;;;;;;;x;;;;;;;;;;;;;;;;;;;;;;;;;;;
SAF_communist;Communist Party;Parti communiste ;Communist Party;;Partido Comunista;;;;;;;;;x;;;;;;;;;;;;;;;;;;;;;;;;;;;
SAF_fascist;Fascist Party;Parti fasciste;Fascist Party;;Partido Fascista;;;;;;;;;x;;;;;;;;;;;;;;;;;;;;;;;;;;;
;;;;;;x;;;;;;;;;;;;;;;;;;;;;;;;;;;;;;;;;;;
TUN;Carthage;Carthage;Carthage;;Carthage;;;;;;;;;x;;;;;;;;;;;;;;;;;;;;;;;;;;;
TUN_ADJ;Carthaginian;Carthaginian;Carthaginian;;Carthaginian;;;;;;;;;x;;;;;;;;;;;;;;;;;;;;;;;;;;;
TUN_absolute_monarchy_ADJ;Carthaginian;Carthaginian;Carthaginian;;Carthaginian;;;;;;;;;x;;;;;;;;;;;;;;;;;;;;;;;;;;;
TUN_prussian_constitutionalism_ADJ;Carthaginian;Carthaginian;Carthaginian;;Carthaginian;;;;;;;;;x;;;;;;;;;;;;;;;;;;;;;;;;;;;
TUN_hms_government_ADJ;Carthaginian;Carthaginian;Carthaginian;;Carthaginian;;;;;;;;;x;;;;;;;;;;;;;;;;;;;;;;;;;;;
TUN_conservative;Partidu Democraticu;Partidu Democraticu;Partidu Democraticu;;Partidu Democraticu;;;;;;;;;x;;;;;;;;;;;;;;;;;;;;;;;;;;;
TUN_liberal;Partidu Libber‡le;Partidu Libber‡le;Partidu Libber‡le;;Partidu Libber‡le;;;;;;;;;x;;;;;;;;;;;;;;;;;;;;;;;;;;;
TUN_reactionary;Domo Vandula;Domo Vandula;Domo Vandula;;Domo Vandula;;;;;;;;;x;;;;;;;;;;;;;;;;;;;;;;;;;;;
TUN_anarcho_liberal;Radical Party of Carthage;Radical Party of Carthage;Radical Party of Carthage;;Radical Party of Carthage;;;;;;;;;x;;;;;;;;;;;;;;;;;;;;;;;;;;;
TUN_socialist;Partidu SociallÏsta;Partidu SociallÏsta;Partidu SociallÏsta;;Partidu SociallÏsta;;;;;;;;;x;;;;;;;;;;;;;;;;;;;;;;;;;;;
TUN_communist;Partidu Comunista de Cartajenna;Partidu Comunista de Cartajenna;Partidu Comunista de Cartajenna;;Partidu Comunista de Cartajenna;;;;;;;;;x;;;;;;;;;;;;;;;;;;;;;;;;;;;
TUN_fascist;Partidu Natzionale Fascista;Partidu Natzionale Fascista;Partidu Natzionale Fascista;;Partidu Natzionale Fascista;;;;;;;;;x;;;;;;;;;;;;;;;;;;;;;;;;;;;
KRT;Selbapunnicia;;;;;;;;;;;;;;x;;;;;;;;;;;;;;;;;;;;;;;;;;
KRT_ADJ;Selbapunic;;;;;;;;;;;;;;x;;;;;;;;;;;;;;;;;;;;;;;;;;
KRT_reactionary_1;Domo Vandula;;;;;;;;;;;;;;;;;;;;;;;;;;;;;;;;;;;;;;;;
KRT_reactionary_2;Partidu Munarchicu;;;;;;;;;;;;;;;;;;;;;;;;;;;;;;;;;;;;;;;;
KRT_reactionary_3;Partidu Natzionale Munarchicu;;;;;;;;;;;;;;;;;;;;;;;;;;;;;;;;;;;;;;;;
KRT_conservative_1;A Dresta;;;;;;;;;;;;;;;;;;;;;;;;;;;;;;;;;;;;;;;;
KRT_conservative_2;Partidu Demmocraticu;;;;;;;;;;;;;;;;;;;;;;;;;;;;;;;;;;;;;;;;
KRT_conservative_3;Partidu Demmocraticu;;;;;;;;;;;;;;;;;;;;;;;;;;;;;;;;;;;;;;;;
KRT_liberal_1;A Manca;;;;;;;;;;;;;;;;;;;;;;;;;;;;;;;;;;;;;;;;
KRT_liberal_2;Partidu Libber‡le;;;;;;;;;;;;;;;;;;;;;;;;;;;;;;;;;;;;;;;;
KRT_liberal_3;Partidu Libber‡le;;;;;;;;;;;;;;;;;;;;;;;;;;;;;;;;;;;;;;;;
KRT_anarcho_liberal_1;L'Estremma libber‡le;;;;;;;;;;;;;;;;;;;;;;;;;;;;;;;;;;;;;;;;
KRT_anarcho_liberal_2;Partidu estremo;;;;;;;;;;;;;;;;;;;;;;;;;;;;;;;;;;;;;;;;
KRT_anarcho_liberal_3;Partidu radical-libber‡le;;;;;;;;;;;;;;;;;;;;;;;;;;;;;;;;;;;;;;;;
KRT_communist_1;Partidu Comunnista Selbapunnicu;;;;;;;;;;;;;;;;;;;;;;;;;;;;;;;;;;;;;;;;
KRT_communist_2;Partidu Comunnista Selbapunnicu;;;;;;;;;;;;;;;;;;;;;;;;;;;;;;;;;;;;;;;;
KRT_fascist;Partidu Natzionale Fascista;;;;;;;;;;;;;;;;;;;;;;;;;;;;;;;;;;;;;;;;
KRT_socialist_1;L'Estremma;;;;;;;;;;;;;;;;;;;;;;;;;;;;;;;;;;;;;;;;
KRT_socialist_2;Partidu SociallÏsta;;;;;;;;;;;;;;;;;;;;;;;;;;;;;;;;;;;;;;;;
PRG;GuaranÏ Heavenly Kingdom;;;;;;;;;;;;;;x;;;;;;;;;;;;;;;;;;;;;;;;;;
PRG_ADJ;Guarani;;;;;;;;;;;;;;x;;;;;;;;;;;;;;;;;;;;;;;;;;
PRG_proletarian_dictatorship;Guarani Soviet Republic;;;;;;;;;;;;;;;;;;;;;;;;;;;;;;;;;;;;;;;;
PRG_presidential_dictatorship;Guarani State;;;;;;;;;;;;;;;;;;;;;;;;;;;;;;;;;;;;;;;;
PRG_bourgeois_dictatorship;Guarani State;;;;;;;;;;;;;;;;;;;;;;;;;;;;;;;;;;;;;;;;
PRG_fascist_dictatorship;Guarani State;;;;;;;;;;;;;;;;;;;;;;;;;;;;;;;;;;;;;;;;
PRG_absolute_monarchy;GuaranÏ Heavenly Kingdom;;;;;;;;;;;;;;;;;;;;;;;;;;;;;;;;;;;;;;;;
PRG_prussian_constitutionalism;GuaranÏ Kingdom;;;;;;;;;;;;;;;;;;;;;;;;;;;;;;;;;;;;;;;;
PRG_hms_government;GuaranÏ Kingdom;;;;;;;;;;;;;;;;;;;;;;;;;;;;;;;;;;;;;;;;
PRG_democracy;GuaranÏ Federal Republic;;;;;;;;;;;;;;;;;;;;;;;;;;;;;;;;;;;;;;;;
;;;;;;x;;;;;;;;;;;;;;;;;;;;;;;;;;;;;;;;;;;
MNZ;Monza;;;;;;;;;;;;x;;;;;;;;;;;;;;;;;;;;;;;;;;;;
MNZ_ADJ;Monzan;;;;;;;;;;;;x;;;;;;;;;;;;;;;;;;;;;;;;;;;;
MNZ_theocracy;Diocese of Monza;;;;;;;;;;;;x;;;;;;;;;;;;;;;;;;;;;;;;;;;;
MNZ_reactionary;Monarchici;Monarchisti;Monarchisti;;Monarchisti;;;;;;;;;x;;;;;;;;;;;;;;;;;;;;;;;;;;;
MNZ_liberal;Intransigenti;Intransigenti;Intransigenti;;Intransigenti;;;;;;;;;x;;;;;;;;;;;;;;;;;;;;;;;;;;;
MNZ_conservative;Transigenti;Transigenti;Transigenti;;Transigenti;;;;;;;;;x;;;;;;;;;;;;;;;;;;;;;;;;;;;
MNZ_socialist;Socialisti;Socialisti;Socialisti;;Socialisti;;;;;;;;;x;;;;;;;;;;;;;;;;;;;;;;;;;;;
MNZ_communist;Rivoluzionari;Revoluzionari;Revoluzionari;;Revoluzionari;;;;;;;;;x;;;;;;;;;;;;;;;;;;;;;;;;;;;
MNZ_reactionary_2;Cattolici;Cattolici;Cattolici;;Cattolici;;;;;;;;;x;;;;;;;;;;;;;;;;;;;;;;;;;;;
MNZ_anarcho_liberal;Radicali;Radical;Radikali;;Radical;;;;;;;;;x;;;;;;;;;;;;;;;;;;;;;;;;;;;
MNZ_fascist;Fascisti;Fasciste;Fascisti;;Fascista;;;;;;;;;x;;;;;;;;;;;;;;;;;;;;;;;;;;;
MTU;Mantua;;;;;;;;;;;;x;;;;;;;;;;;;;;;;;;;;;;;;;;;;
MTU_ADJ;Mantuan;;;;;;;;;;;;x;;;;;;;;;;;;;;;;;;;;;;;;;;;;
MTU_reactionary;Monarchici;Monarchisti;Monarchisti;;Monarchisti;;;;;;;;;x;;;;;;;;;;;;;;;;;;;;;;;;;;;
MTU_liberal;Intransigenti;Intransigenti;Intransigenti;;Intransigenti;;;;;;;;;x;;;;;;;;;;;;;;;;;;;;;;;;;;;
MTU_conservative;Transigenti;Transigenti;Transigenti;;Transigenti;;;;;;;;;x;;;;;;;;;;;;;;;;;;;;;;;;;;;
MTU_socialist;Socialisti;Socialisti;Socialisti;;Socialisti;;;;;;;;;x;;;;;;;;;;;;;;;;;;;;;;;;;;;
MTU_communist;Rivoluzionari;Revoluzionari;Revoluzionari;;Revoluzionari;;;;;;;;;x;;;;;;;;;;;;;;;;;;;;;;;;;;;
MTU_reactionary_2;Cattolici;Cattolici;Cattolici;;Cattolici;;;;;;;;;x;;;;;;;;;;;;;;;;;;;;;;;;;;;
MTU_anarcho_liberal;Radicali;Radical;Radikali;;Radical;;;;;;;;;x;;;;;;;;;;;;;;;;;;;;;;;;;;;
MTU_fascist;Fascisti;Fasciste;Fascisti;;Fascista;;;;;;;;;x;;;;;;;;;;;;;;;;;;;;;;;;;;;
CSZ;Cosenza;;;;;;;;;;;;x;;;;;;;;;;;;;;;;;;;;;;;;;;;;
CSZ_ADJ;Cosentin;;;;;;;;;;;;x;;;;;;;;;;;;;;;;;;;;;;;;;;;;
CSZ_colonial_company;Themata Locri;;;;;;;;;;;;;;;;;;;;;;x,,,;;;;;;;;;;;;;;;;;;
CSZ_reactionary;Restaurazionisti;Ristorazionista;Ristorazionista;;Ristorazionista;;;;;;;;;;;;;;;;;;;;;;;;;;;;;;;;;;;;
CSZ_conservative;Moderati ;Moderati ;Moderati;;Moderati ;;;;;;;;;;;;;;;;;;;;;;;;;;;;;;;;;;;;
CSZ_liberal;Riformisti ;Reformisti ;Reformisti;;Reformisti ;;;;;;;;;;;;;;;;;;;;;;;;;;;;;;;;;;;;
CSZ_liberal_2;Liberale;Liberale;Liberali;;Liberale;;;;;;;;;;;;;;;;;;;;;;;;;;;;;;;;;;;;
CSZ_socialist;Socialisti;Sozialisti;Sozialisti;;Sozialisti;;;;;;;;;;;;;;;;;;;;;;;;;;;;;;;;;;;;
CSZ_conservative_2;Popolari;Popolari;Popolari;;Popolari;;;;;;;;;;;;;;;;;;;;;;;;;;;;;;;;;;;;
CSZ_radical;Radicali;Radical;Radikali;;Radical;;;;;;;;;;;;;;;;;;;;;;;;;;;;;;;;;;;;
CSZ_communist;Comunisti;Communistes;Communisti;;Comunista;;;;;;;;;;;;;;;;;;;;;;;;;;;;;;;;;;;;
CSZ_fascist;Fascisti;Fasciste;Fascisti;;Fascista;;;;;;;;;;;;;;;;;;;;;;;;;;;;;;;;;;;;
YNN;Bai Kingdom;Bai Kingdom;Bai Kingdom;;Bai Kingdom;;;;;;;;;x;;;;;;;;;;;;;;;;;;;;;;;;;;;
YNN_ADJ;Bai;Bai;Bai;;Bai;;;;;;;;;x;;;;;;;;;;;;;;;;;;;;;;;;;;;
LUX_lotharingian_duchy;Lower Lotharingia;;;;;;;;;;;;;x;;;;;;;;;;;;;;;;;;;;;;;;;;;
LOR_lotharingian_duchy;Upper Lotharingia;;;;;;;;;;;;;x;;;;;;;;;;;;;;;;;;;;;;;;;;;
LOT;Lotharingia;;;;;;;;;;;;;;x;;;;;;;;;;;;;;;;;;;;;;;;;;
LOT_lotharingian_duchy;Middle Frankia;;;;;;;;;;;;;;x;;;;;;;;;;;;;;;;;;;;;;;;;;
LOT_absolute_monarchy;Kingdom of Lotharingia;;;;;;;;;;;;x;;;;;;;;;;;;;;;;;;;;;;;;;;;;
LOT_hms_government;Kingdom of Lotharingia;;;;;;;;;;;;x;;;;;;;;;;;;;;;;;;;;;;;;;;;;
LOT_prussian_constitutionalism;Kingdom of Lotharingia;;;;;;;;;;;;x;;;;;;;;;;;;;;;;;;;;;;;;;;;;
LOT_ADJ;Lotharingian;;;;;;;;;;;;;;x;;;;;;;;;;;;;;;;;;;;;;;;;;
TTN;Tatistan;;;;;;;;;;;;;;x;;;;;;;;;;;;;;;;;;;;;;;;;;
TTN_colonial_company;Shahdom of Shirvan;;;;;;;;;;;;x;;;;;;;;;;;;;;;;;;;;;;;;;;;;
TTN_absolute_monarchy;Shirvan;;;;;;;;;;;;x;;;;;;;;;;;;;;;;;;;;;;;;;;;;
TTN_hms_government;Shirvan;;;;;;;;;;;;x;;;;;;;;;;;;;;;;;;;;;;;;;;;;
TTN_prussian_constitutionalism;Shirvan;;;;;;;;;;;;x;;;;;;;;;;;;;;;;;;;;;;;;;;;;
TTN_ADJ;Tat;;;;;;;;;;;;;;x;;;;;;;;;;;;;;;;;;;;;;;;;;
AZB_french_bourbon;Domains of Firuz Mirza;;;;;;;;;;;;x;;;;;;;;;;;;;;;;;;;;;;;;;;;;
AZB_colonial_company;Domains of Firuz Mirza;;;;;;;;;;;;x;;;;;;;;;;;;;;;;;;;;;;;;;;;;
LBN_colonial_company;Aramaic Autonomy;;;;;;;;;;;;x;;;;;;;;;;;;;;;;;;;;;;;;;;;;
LBN_Dominion;Aramaic Autonomy;;;;;;;;;;;;x;;;;;;;;;;;;;;;;;;;;;;;;;;;;
NTU_colonial_company_ADJ;Northumbrian;Northumbrian;Northumbrian;;;;;;;;;;;x;;;;;;;;;;;;;;;;;;;;;;;;;;;
NTU_dominion_ADJ;Northumbrian;Northumbrian;Northumbrian;;;;;;;;;;;x;;;;;;;;;;;;;;;;;;;;;;;;;;;
NTU;Brynaigh;Brynaigh;Brynaigh;;;;;;;;;;;x;;;;;;;;;;;;;;;;;;;;;;;;;;;
NTU_ADJ;Albidosaek;Albidosaek;Albidosaek;;;;;;;;;;;x;;;;;;;;;;;;;;;;;;;;;;;;;;;
NTU_colonial_company;Norhymbraland;Norhymbraland;Norhymbraland;;;;;;;;;;;x;;;;;;;;;;;;;;;;;;;;;;;;;;;
NTU_dominion;Norhymbraland;Norhymbraland;Norhymbraland;;;;;;;;;;;x;;;;;;;;;;;;;;;;;;;;;;;;;;;
NTU_proletarian_dictatorship;People's Republic of Brynaigh;People's Republic of Brynaigh;People's Republic of Brynaigh;;;;;;;;;;;x;;;;;;;;;;;;;;;;;;;;;;;;;;;
NTU_presidential_dictatorship;State of Brynaigh;State of Brynaigh;State of Brynaigh;;;;;;;;;;;x;;;;;;;;;;;;;;;;;;;;;;;;;;;
NTU_bourgeois_dictatorship;State of Brynaigh;State of Brynaigh;State of Brynaigh;;;;;;;;;;;x;;;;;;;;;;;;;;;;;;;;;;;;;;;
NTU_fascist_dictatorship;State of Brynaigh;State of Brynaigh;State of Brynaigh;;;;;;;;;;;x;;;;;;;;;;;;;;;;;;;;;;;;;;;
NTU_absolute_monarchy;Brynaigh;Brynaigh;Brynaigh;;;;;;;;;;;x;;;;;;;;;;;;;;;;;;;;;;;;;;;
NTU_prussian_constitutionalism;Brynaigh;Brynaigh;Brynaigh;;;;;;;;;;;x;;;;;;;;;;;;;;;;;;;;;;;;;;;
NTU_hms_government;Brynaigh;Brynaigh;Brynaigh;;;;;;;;;;;x;;;;;;;;;;;;;;;;;;;;;;;;;;;
NTU_democracy;Republic of Brynaigh;Republic of Brynaigh;Republic of Brynaigh;;;;;;;;;;;x;;;;;;;;;;;;;;;;;;;;;;;;;;;
NTU_conservative_92;Pl‡idh Gaidwadol;Pl‡idh Gaidwadol;Pl‡idh Gaidwadol;;;;;;;;;;;x;;;;;;;;;;;;;;;;;;;;;;;;;;;
NTU_liberal_79;Pl‡idh Libearadol;Pl‡idh Libearadol;Pl‡idh Libearadol;;;;;;;;;;;x;;;;;;;;;;;;;;;;;;;;;;;;;;;
NTU_liberal_87;Libearadol Cenedlaethol;Libearadol Cenedlaethol;Libearadol Cenedlaethol;;;;;;;;;;;x;;;;;;;;;;;;;;;;;;;;;;;;;;;
NTU_socialist_85;SÚiseawyr;SÚiseawyr;SÚiseawyr;;;;;;;;;;;x;;;;;;;;;;;;;;;;;;;;;;;;;;;
NTU_socialist_99;SÚiseawyr Cenedlaethol;SÚiseawyr Cenedlaethol;SÚiseawyr Cenedlaethol;;;;;;;;;;;x;;;;;;;;;;;;;;;;;;;;;;;;;;;
NTU_reactionary_84;Monarchy Leadership;Monarchy Leadership;Monarchy Leadership;;;;;;;;;;;x;;;;;;;;;;;;;;;;;;;;;;;;;;;
NTU_anarcho_liberal_93;Libearadol Radaicalydd;Libearadol Radaicalydd;Libearadol Radaicalydd;;;;;;;;;;;x;;;;;;;;;;;;;;;;;;;;;;;;;;;
NTU_communist_86;Comannyddion;Comannyddion;Comannyddion;;;;;;;;;;;x;;;;;;;;;;;;;;;;;;;;;;;;;;;
NTU_fascist_72;Faisigwyr;Faisigwyr;Faisigwyr;;;;;;;;;;;x;;;;;;;;;;;;;;;;;;;;;;;;;;;
;;;;;;x;;;;;;;;;;;;;;;;;;;;;;;;;;;;;;;;;;;
NOV;Novgorod;;;;;;;;;;;;;x;;;;;;;;;;;;;;;;;;;;;;;;;;;
NOV_colonial_company;HolmgÂrd;;;;;;;;;;;;;;;;;;;;;;x;;;;;;;;;;;;;;;;;;
NOV_ADJ;Novgorodian;;;;;;;;;;;;;x;;;;;;;;;;;;;;;;;;;;;;;;;;;
;;;;;;x;;;;;;;;;;;;;;;;;;;;;;;;;;;;;;;;;;;
SCO;Alban;;;;;;;;;;;;;x;;;;;;;;;;;;;;;;;;;;;;;;;;;
SCO_colonial_company;Piktland;;;;;;;;;;;;;;;;;;;;;;x;;;;;;;;;;;;;;;;;;
SCO_ADJ;Albidosaek;;;;;;;;;;;;;x;;;;;;;;;;;;;;;;;;;;;;;;;;;
;;;;;;x;;;;;;;;;;;;;;;;;;;;;;;;;;;;;;;;;;;
KAM;Ainu-Mosir;;;;;;;;;;;;;x;;;;;;;;;;;;;;;;;;;;;;;;;;;
KAM_ADJ;Ainu;;;;;;;;;;;;;x;;;;;;;;;;;;;;;;;;;;;;;;;;;
KAM_colonial_company;Coastal Colonization Authority;;;;;;;;;;;;;;;;;;;;;;x;;;;;;;;;;;;;;;;;;
KAM_colonial_company_ADJ;Japanese;;;;;;;;;;;;;;;;;;;;;;x;;;;;;;;;;;;;;;;;;
;;;;;;x;;;;;;;;;;;;;;;;;;;;;;;;;;;;;;;;;;;
BOH_absolute_monarchy;Crown of Bohemia;;;;;;;;;;;;;;;;;;;;;;x,,,;;;;;;;;;;;;;;;;;;
BOH_prussian_constitutionalism;Crown of Bohemia;;;;;;;;;;;;;;;;;;;;;;x,,,;;;;;;;;;;;;;;;;;;
BOH_hms_government;Crown of Bohemia;;;;;;;;;;;;;;;;;;;;;;x,,,;;;;;;;;;;;;;;;;;;
;;;;;;x;;;;;;;;;;;;;;;;;;;;;;;;;;;;;;;;;;;
BDB;Brandenburg;;;;;;;;;;;;;;;;;;;;;;x,,,;;;;;;;;;;;;;;;;;;
BDB_ADJ;Brandenburger;;;;;;;;;;;;;;;;;;;;;;x,,,;;;;;;;;;;;;;;;;;;
BDB_colonial_company;Margraviate of Brandenburg;;;;;;;;;;;;;;;;;;;;;;x,,,;;;;;;;;;;;;;;;;;;
BDB_absolute_monarchy;Brandenburg;;;;;;;;;;;;;;;;;;;;;;x,,,;;;;;;;;;;;;;;;;;;
BDB_prussian_constitutionalism;Brandenburg;;;;;;;;;;;;;;;;;;;;;;x,,,;;;;;;;;;;;;;;;;;;
BDB_hms_government;Brandenburg;;;;;;;;;;;;;;;;;;;;;;x,,,;;;;;;;;;;;;;;;;;;
BDB_democracy;Republic of Brandenburg;;;;;;;;;;;;;;;;;;;;;;x,,,;;;;;;;;;;;;;;;;;;
BDB_fascist_dictatorship;Brandenburgische Korporatistische Republik;;;;;;;;;;;;;;;;;;;;;;x,,,;;;;;;;;;;;;;;;;;;
BDB_proletarian_dictatorship;R‰terepublik Brandenburg;;;;;;;;;;;;;;;;;;;;;;x,,,;;;;;;;;;;;;;;;;;;
;;;;;;x;;;;;;;;;;;;;;;;;;;;;;;;;;;;;;;;;;;
PRD;Ksiestwo Pruskie;;;;;;;;;;;;;;;;;;;;;;x,,,;;;;;;;;;;;;;;;;;;
PRD_ADJ;Pruski;;;;;;;;;;;;;;;;;;;;;;x,,,;;;;;;;;;;;;;;;;;;
PRD_colonial_company;Ksiestwo Pruskie;;;;;;;;;;;;;;;;;;;;;;x,,,;;;;;;;;;;;;;;;;;;
PRD_absolute_monarchy;Ksiestwo Pruskie;;;;;;;;;;;;;;;;;;;;;;x,,,;;;;;;;;;;;;;;;;;;
PRD_prussian_constitutionalism;Ksiestwo Pruskie;;;;;;;;;;;;;;;;;;;;;;x,,,;;;;;;;;;;;;;;;;;;
PRD_hms_government;Ksiestwo Pruskie;;;;;;;;;;;;;;;;;;;;;;x,,,;;;;;;;;;;;;;;;;;;
PRD_democracy;Republika Pruska;;;;;;;;;;;;;;;;;;;;;;x,,,;;;;;;;;;;;;;;;;;;
PRD_fascist_dictatorship;Pruska Republika Korporacyjna;;;;;;;;;;;;;;;;;;;;;;x,,,;;;;;;;;;;;;;;;;;;
PRD_proletarian_dictatorship;Pruska Republika Ludowa;;;;;;;;;;;;;;;;;;;;;;x,,,;;;;;;;;;;;;;;;;;;
;;;;;;x;;;;;;;;;;;;;;;;;;;;;;;;;;;;;;;;;;;
PNN;Pannonia;Pannonia;Pannonia;;;;;;;;;;;x;;;;;;;;;;;;;;;;;;;;;;;;;;;
PNN_ADJ;Pannonian;;;;;;;;;;;;;;x;;;;;;;;;;;;;;;;;;;;;;;;;;
PNN_proletarian_dictatorship;People's republic of Pannonia;People's republic of Pannonia;People's republic of Pannonia;;;;;;;;;;;x;;;;;;;;;;;;;;;;;;;;;;;;;;;
PNN_presidential_dictatorship;Centralist republic of Pannonia;Centralist republic of Pannonia;Centralist republic of Pannonia;;;;;;;;;;;x;;;;;;;;;;;;;;;;;;;;;;;;;;;
PNN_bourgeois_dictatorship;Centralist republic of Pannonia;Centralist republic of Pannonia;Centralist republic of Pannonia;;;;;;;;;;;x;;;;;;;;;;;;;;;;;;;;;;;;;;;
PNN_fascist_dictatorship;Free state of Pannonia;Free state of Pannonia;Free state of Pannonia;;;;;;;;;;;x;;;;;;;;;;;;;;;;;;;;;;;;;;;
PNN_absolute_monarchy;PanÛnia;PanÛnia;PanÛnia;;;;;;;;;;;x;;;;;;;;;;;;;;;;;;;;;;;;;;;
PNN_prussian_constitutionalism;PanÛnia;PanÛnia;PanÛnia;;;;;;;;;;;x;;;;;;;;;;;;;;;;;;;;;;;;;;;
PNN_hms_government;PanÛnia;PanÛnia;PanÛnia;;;;;;;;;;;x;;;;;;;;;;;;;;;;;;;;;;;;;;;
PNN_democracy;Pannonian Republic;Pannonian Republic;Pannonian Republic;;;;;;;;;;;x;;;;;;;;;;;;;;;;;;;;;;;;;;;
PNN_conservative_92;Conservatives;Conservatives;Conservatives;;;;;;;;;;;x;;;;;;;;;;;;;;;;;;;;;;;;;;;
PNN_liberal_79;Liberals;Liberals;Liberals;;;;;;;;;;;x;;;;;;;;;;;;;;;;;;;;;;;;;;;
PNN_liberal_87;National Liberals;National Liberals;National Liberals;;;;;;;;;;;x;;;;;;;;;;;;;;;;;;;;;;;;;;;
PNN_socialist_85;Socialists;Socialists;Socialists;;;;;;;;;;;x;;;;;;;;;;;;;;;;;;;;;;;;;;;
PNN_socialist_99;National Socialists;National Socialists;National Socialists;;;;;;;;;;;x;;;;;;;;;;;;;;;;;;;;;;;;;;;
PNN_reactionary_84;Monarchy Leadership;Monarchy Leadership;Monarchy Leadership;;;;;;;;;;;x;;;;;;;;;;;;;;;;;;;;;;;;;;;
PNN_anarcho_liberal_93;Radical Liberals;Radical Liberals;Radical Liberals;;;;;;;;;;;x;;;;;;;;;;;;;;;;;;;;;;;;;;;
PNN_communist_86;Communists;Communists;Communists;;;;;;;;;;;x;;;;;;;;;;;;;;;;;;;;;;;;;;;
PNN_fascist_72;Fascists;Fascists;Fascists;;;;;;;;;;;x;;;;;;;;;;;;;;;;;;;;;;;;;;;
;;;;;;x;;;;;;;;;;;;;;;;;;;;;;;;;;;;;;;;;;;
AFS;Shahrokh Khan Afshar;Shahrokh Khan Afshar;Shahrokh Khan Afshar;;;;;;;;;;;;;;;;;;;;;;;;;;;;;;;;;;;;;;
AFS_ADJ;Afshar;Afshar;Afshar;;;;;;;;;;;;;;;;;;;;;;;;;;;;;;;;;;;;;;
AFS_absolute_monarchy;Afsharid Dynasty;Afsharid Dynasty;Afsharid Dynasty;;;;;;;;;;;;;;;;;;;;;;;;;;;;;;;;;;;;;;
AFS_absolute_monarchy_ADJ;Afsharid;Afsharid;Afsharid;;;;;;;;;;;;;;;;;;;;;;;;;;;;;;;;;;;;;;
AFS_prussian_constitutionalism;The Afsharids;The Afsharids;The Afsharids;;;;;;;;;;;;;;;;;;;;;;;;;;;;;;;;;;;;;;
AFS_prussian_constitutionalism_ADJ;Afsharid;Afsharid;Afsharid;;;;;;;;;;;;;;;;;;;;;;;;;;;;;;;;;;;;;;
AFS_hms_government;Afsharids;Afsharids;Afsharids;;;;;;;;;;;;;;;;;;;;;;;;;;;;;;;;;;;;;;
AFS_hms_government_ADJ;Afsharid;Afsharid;Afsharid;;;;;;;;;;;;;;;;;;;;;;;;;;;;;;;;;;;;;;
;;;;;;x;;;;;;;;;;;;;;;;;;;;;;;;;;;;;;;;;;;
EDE_ADJ;Jaziran;Jaziran;Jaziran;;;;;;;;;;;x;;;;;;;;;;;;;;;;;;;;;;;;;;;
EDE;Jazira;Jazira;Jazira;;;;;;;;;;;x;;;;;;;;;;;;;;;;;;;;;;;;;;;
;;;;;;x;;;;;;;;;;;;;;;;;;;;;;;;;;;;;;;;;;;
TST_theocracy;Bishopric of Trentino;Bishopric of Trentino;Bishopric of Trentino;;;;;;;;;;;x;;;;;;;;;;;;;;;;;;;;;;;;;;;
;;;;;;x;;;;;;;;;;;;;;;;;;;;;;;;;;;;;;;;;;;
AQU;Aquileia;;;;;;;;;;;;x;;;;;;;;;;;;;;;;;;;;;;;;;;;;
AQU_ADJ;Aquileian;;;;;;;;;;;;x;;;;;;;;;;;;;;;;;;;;;;;;;;;;
AQU_theocracy;Patriarchate of Aquileia;;;;;;;;;;;;x;;;;;;;;;;;;;;;;;;;;;;;;;;;;
AQU_theocracy_ADJ;Aquileian;;;;;;;;;;;;x;;;;;;;;;;;;;;;;;;;;;;;;;;;;
AQU_democracy;Republic of Aquileia;;;;;;;;;;;;x;;;;;;;;;;;;;;;;;;;;;;;;;;;;
AQU_absolute_monarchy;Aquileia;;;;;;;;;;;;x;;;;;;;;;;;;;;;;;;;;;;;;;;;;
AQU_hms_government;Aquileia;;;;;;;;;;;;x;;;;;;;;;;;;;;;;;;;;;;;;;;;;
AQU_prussian_constitutionalism;Aquileia;;;;;;;;;;;;x;;;;;;;;;;;;;;;;;;;;;;;;;;;;
AQU_fascist_dictatorship;Patria del Friul;;;;;;;;;;;;;;;;;;;;;;x,,,;;;;;;;;;;;;;;;;;;
AQU_proletarian_dictatorship;Democratic Republic of Aquileia;;;;;;;;;;;;;;;;;;;;;;x,,,;;;;;;;;;;;;;;;;;;
AQU_colonial_company;Themata Aquileia;;;;;;;;;;;;;;;;;;;;;;x,,,;;;;;;;;;;;;;;;;;;
AQU_conservative;Lega Furlan;;;;;;;;;;;;;x;;;;;;;;;;;;;;;;;;;;;;;;;;;
AQU_liberal;Moviment pal Fri˚l;;;;;;;;;;;;;x;;;;;;;;;;;;;;;;;;;;;;;;;;;
AQU_reactionary;The Patriarchal Faction;;;;;;;;;;;;;x;;;;;;;;;;;;;;;;;;;;;;;;;;;
AQU_anarcho_liberal;Pat pe Autonomie;;;;;;;;;;;;;x;;;;;;;;;;;;;;;;;;;;;;;;;;;
AQU_socialist;Convergence pal Fri˚l;;;;;;;;;;;;;x;;;;;;;;;;;;;;;;;;;;;;;;;;;
AQU_communist;PartÓt Communista Furlan;;;;;;;;;;;;;x;;;;;;;;;;;;;;;;;;;;;;;;;;;
AQU_fascist;Front Furlan;;;;;;;;;;;;;x;;;;;;;;;;;;;;;;;;;;;;;;;;;
;;;;;;x;;;;;;;;;;;;;;;;;;;;;;;;;;;;;;;;;;;
ORL_ADJ;Neustrian;Neustrian;Neustrian;;;;;;;;;;;x;;;;;;;;;;;;;;;;;;;;;;;;;;;
ORL;Neustria;Neustria;Neustria;;;;;;;;;;;x;;;;;;;;;;;;;;;;;;;;;;;;;;;
ORL_lotharingian_duchy;West Frankia;;;;;;;;;;;x;;;;;;;;;;;;;;;;;;;;;;;;;;;
FRC_ADJ;Frankish;Frankish;Frankish;;;;;;;;;;;x;;;;;;;;;;;;;;;;;;;;;;;;;;;
FRC;Francia;Francia;Francia;;;;;;;;;;;x;;;;;;;;;;;;;;;;;;;;;;;;;;;
FRC_absolute_monarchy;Kingdom of the Franks;Kingdom of the Franks;Kingdom of the Franks;;;;;;;;;;;x;;;;;;;;;;;;;;;;;;;;;;;;;;;
FRC_prussian_constitutionalism;Frankish kingdom;Frankish kingdom;Frankish kingdom;;;;;;;;;;;x;;;;;;;;;;;;;;;;;;;;;;;;;;;
FRC_hms_government;Francia;Francia;Francia;;;;;;;;;;;x;;;;;;;;;;;;;;;;;;;;;;;;;;;
NDY_ADJ;Norman;Norman;Norman;;;;;;;;;;;x;;;;;;;;;;;;;;;;;;;;;;;;;;;
NDY;Normandy;Normandy;Normandy;;;;;;;;;;;x;;;;;;;;;;;;;;;;;;;;;;;;;;;
NDY_proletarian_dictatorship;Democratic Republic Of Normandy;Democratic Republic Of Normandy;Democratic Republic Of Normandy;;;;;;;;;;;x;;;;;;;;;;;;;;;;;;;;;;;;;;;
NDY_presidential_dictatorship;Normandy;Normandy;Normandy;;;;;;;;;;;x;;;;;;;;;;;;;;;;;;;;;;;;;;;
NDY_bourgeois_dictatorship;Normandy;Normandy;Normandy;;;;;;;;;;;x;;;;;;;;;;;;;;;;;;;;;;;;;;;
NDY_fascist_dictatorship;Norman Empire;Norman Empire;Norman Empire;;;;;;;;;;;x;;;;;;;;;;;;;;;;;;;;;;;;;;;
NDY_absolute_monarchy;Kingdom Of Normandy;Kingdom Of Normandy;Kingdom Of Normandy;;;;;;;;;;;x;;;;;;;;;;;;;;;;;;;;;;;;;;;
NDY_prussian_constitutionalism;Normandy;Normandy;Normandy;;;;;;;;;;;x;;;;;;;;;;;;;;;;;;;;;;;;;;;
NDY_hms_government;Normandy;Normandy;Normandy;;;;;;;;;;;x;;;;;;;;;;;;;;;;;;;;;;;;;;;
NDY_democracy;Republic Of Normandy;Republic Of Normandy;Republic Of Normandy;;;;;;;;;;;x;;;;;;;;;;;;;;;;;;;;;;;;;;;
NDY_conservative_92;Conservatives;Conservatives;Conservatives;;;;;;;;;;;x;;;;;;;;;;;;;;;;;;;;;;;;;;;
NDY_liberal_79;Liberals;Liberals;Liberals;;;;;;;;;;;x;;;;;;;;;;;;;;;;;;;;;;;;;;;
NDY_liberal_87;National Liberals;National Liberals;National Liberals;;;;;;;;;;;x;;;;;;;;;;;;;;;;;;;;;;;;;;;
NDY_socialist_85;Socialists;Socialists;Socialists;;;;;;;;;;;x;;;;;;;;;;;;;;;;;;;;;;;;;;;
NDY_socialist_99;National Socialists;National Socialists;National Socialists;;;;;;;;;;;x;;;;;;;;;;;;;;;;;;;;;;;;;;;
NDY_reactionary_84;Monarchy Leadership;Monarchy Leadership;Monarchy Leadership;;;;;;;;;;;x;;;;;;;;;;;;;;;;;;;;;;;;;;;
NDY_anarcho_liberal_93;Radical Liberals;Radical Liberals;Radical Liberals;;;;;;;;;;;x;;;;;;;;;;;;;;;;;;;;;;;;;;;
NDY_communist_86;Communists;Communists;Communists;;;;;;;;;;;x;;;;;;;;;;;;;;;;;;;;;;;;;;;
NDY_fascist_72;Fascists;Fascists;Fascists;;;;;;;;;;;x;;;;;;;;;;;;;;;;;;;;;;;;;;;
;;;;;;x;;;;;;;;;;;;;;;;;;;;;;;;;;;;;;;;;;;
KHT;Sakastan;;;;;;;;;;;;;;;;;;;;;;;;;;;;;;;;;;;;;;;;
KHT_ADJ;Saka;;;;;;;;;;;;;;;;;;;;;;;;;;;;;;;;;;;;;;;;
ZNU;Gharm;;;;;;;;;;;;;;;;;;;;;;;;;;;;;;;;;;;;;;;;
ZNU_ADJ;Gharmian;;;;;;;;;;;;;;;;;;;;;;;;;;;;;;;;;;;;;;;;
KHZ;Banu Ka'ab;;;;;;;;;;;;;;;;;;;;;;;;;;;;;;;;;;;;;;;;
KHZ_ADJ;Banu Ka'abi;;;;;;;;;;;;;"	";;;;;;;;;;;;;;;;;;;;;;;;;;;
BSR;Al-Mazkur Sheikdom;;;;;;;;;;;;;;;;;;;;;;;;;;;;;;;;;;;;;;;;
BSR_ADJ;Al-Mazkur Sheikdom;;;;;;;;;;;;;"	";;;;;;;;;;;;;;;;;;;;;;;;;;;
ZND;Zand Dynasty;Zand Dynasty;Zand Dynasty;;;;;;;;;;;;;;;;;;;;;;;;;;;;;;;;;;;;;;
ZND_ADJ;Zand;Zand;Zand;;;;;;;;;;;;;;;;;;;;;;;;;;;;;;;;;;;;;;
POI;Pictavia;;;;;;;;;;;;;;x;;;;;;;;;;;;;;;;;;;;;;;;;;
POI_ADJ;Pictavian;;;;;;;;;;;;;;x;;;;;;;;;;;;;;;;;;;;;;;;;;
KHR;Parthia;;;;;;;;;;;;;;x;;;;;;;;;;;;;;;;;;;;;;;;;;
KHR_absolute_monarchy;Pahlaw;;;;;;;;;;;;x;;;;;;;;;;;;;;;;;;;;;;;;;;;;
KHR_colonial_company;Pahlaw;;;;;;;;;;;;x;;;;;;;;;;;;;;;;;;;;;;;;;;;;
KHR_hms_government;Pahlaw;;;;;;;;;;;;x;;;;;;;;;;;;;;;;;;;;;;;;;;;;
KHR_prussian_constitutionalism;Pahlaw;;;;;;;;;;;;x;;;;;;;;;;;;;;;;;;;;;;;;;;;;
KHR_republic;Parthian Republic;;;;;;;;;;;;x;;;;;;;;;;;;;;;;;;;;;;;;;;;;
KHR_ADJ;Parthian;;;;;;;;;;;;;;x;;;;;;;;;;;;;;;;;;;;;;;;;;
LUR;Luristan;;;;;;;;;;;;;;x;;;;;;;;;;;;;;
LUR_colonial_company:M„da;;;;;;;;;;;;x
LUR_absolute_monarchy;M„da;;;;;;;;;;;;x
LUR_hms_government;M„da;;;;;;;;;;;;x
LUR_prussian_constitutionalism;M„da;;;;;;;;;;;;x
LUR_colonial_company_ADJ:M„dan;;;;;;;;;;;;x
LUR_absolute_monarchy_ADJ;M„dan;;;;;;;;;;;;x
LUR_hms_government_ADJ;M„dan;;;;;;;;;;;;x
LUR_prussian_constitutionalism_ADJ;M„dan;;;;;;;;;;;;x
LUR_ADJ;Lurish;;;;;;;;;;;;;;x;;;;;;;;;;;;;;
YZD;Yazd;;;;;;;;;;;;;;x;;;;;;;;;;;;;;;;;;;;;;;;;;
YZD_absolute_monarchy;Rustamids;;;;;;;;;;;;x;;;;;;;;;;;;;;;;;;;;;;;;;;;;
YZD_hms_government;Rustamids;;;;;;;;;;;;x;;;;;;;;;;;;;;;;;;;;;;;;;;;;
YZD_prussian_constitutionalism;Rustamids;;;;;;;;;;;;x;;;;;;;;;;;;;;;;;;;;;;;;;;;;
YZD_absolute_monarchy_ADJ;Rustamid;;;;;;;;;;;;x;;;;;;;;;;;;;;;;;;;;;;;;;;;;
YZD_hms_government_ADJ;Rustamid;;;;;;;;;;;;x;;;;;;;;;;;;;;;;;;;;;;;;;;;;
YZD_prussian_constitutionalism_ADJ;Rustamid;;;;;;;;;;;;x;;;;;;;;;;;;;;;;;;;;;;;;;;;;
YZD_ADJ;Yazdi;;;;;;;;;;;;;;x;;;;;;;;;;;;;;;;;;;;;;;;;;
SEM;Semnan;;;;;;;;;;;;;;;;;;;;;;;;;;;;;;;;;;;;;;;;
SEM_ADJ;Semnani;;;;;;;;;;;;;;;;;;;;;;;;;;;;;;;;;;;;;;;;
IRQ;Anazzah;;;;;;;;;;;;;;;;;;;;;;;;;;;;;;;;;;;;;;;;
IRQ_ADJ;Anazzan;;;;;;;;;;;;;;;;;;;;;;;;;;;;;;;;;;;;;;;;
MZN;Tabarestan;;;;;;;;;;;;;;;;;;;;;;;;;;;;;;;;;;;;;;;;
MZN_ADJ;Tabarestani;;;;;;;;;;;;;;;;;;;;;;;;;;;;;;;;;;;;;;;;
;;;;;;x;;;;;;;;;;;;;;;;;;;;;;;;;;;;;;;;;;;
FRC_liberal;Republikeinen;;;;;;;;;;;;;;x,,,,,,,,,,,,,,,,,,,,,,;;;;;;;;;;;;;;;;;;;;;;;;;;
FRC_liberal_2;Liberale Unie;;;;;;;;;;;;x;;;;;;;;;;;;;;;;;;;;;;;;;;;;
FRC_liberal_3;Liberale Republikanesch;;;;;;;;;;;;x;;;;;;;;;;;;;;;;;;;;;;;;;;;;
FRC_conservative;Karolingische Fraktion;;;;;;;;;;;;;;x,,,,,,,,,,,,,,,,,,,,,,;;;;;;;;;;;;;;;;;;;;;;;;;;
FRC_conservative_2;Partij Frenkr‰ich;;;;;;;;;;;;;;x,,,,,,,,,,,,,,,,,,,,,,;;;;;;;;;;;;;;;;;;;;;;;;;;
FRC_conservative_3;RÈpublicain modÈrÈ;;;;;;;;;;;;;;x,,,,,,,,,,,,,,,,,,,,,,;;;;;;;;;;;;;;;;;;;;;;;;;;
FRC_conservative_4;Karolingische;;;;;;;;;;;;;;x,,,,,,,,,,,,,,,,,,,,,,;;;;;;;;;;;;;;;;;;;;;;;;;;
FRC_conservative_5;Royalisten;;;;;;;;;;;;;;x,,,,,,,,,,,,,,,,,,,,,,;;;;;;;;;;;;;;;;;;;;;;;;;;
FRC_fascist;Frenkiske Partije;;;;;;;;;;;;;;;;x,,,,,,,,,,,,,,,,,,,,,,;;;;;;;;;;;;;;;;;;;;;;;;
FRC_reactionary;Absolutisten;;;;;;;;;;;;;;x,,,,,,,,,,,,,,,,,,,,,,;;;;;;;;;;;;;;;;;;;;;;;;;;
FRC_reactionary_2;Nationalistisch Rechts;;;;;;;;;;;;;;x,,,,,,,,,,,,,,,,,,,,,,;;;;;;;;;;;;;;;;;;;;;;;;;;
FRC_anarcho_liberal;Radicale Republikeinse;;;;;;;;;;;;;x,,,,,,,,,,,,,,,,,,,,,,;;;;;;;;;;;;;;;;;;;;;;;;;;;
FRC_communist;Radicale Republikeinse;;;;;;;;;;;;;x,,,,,,,,,,,,,,,,,,,,,,;;;;;;;;;;;;;;;;;;;;;;;;;;;
FRC_socialist;Frenkiske Arbeiderspartij;;;;;;;;;;;;;x,,,,,,,,,,,,,,,,,,,,,,;;;;;;;;;;;;;;;;;;;;;;;;;;;
FRC_socialist_2;Mogelijkheden;;;;;;;;;;;;;x,,,,,,,,,,,,,,,,,,,,,,;;;;;;;;;;;;;;;;;;;;;;;;;;;
FRC_socialist_3;FAAI;;;;;;;;;;;;;x,,,,,,,,,,,,,,,,,,,,,,;;;;;;;;;;;;;;;;;;;;;;;;;;;
;;;;;;x;;;;;;;;;;;;;;;;;;;;;;;;;;;;;;;;;;;
BRB;Brabant;;;;;;;;;;;;;;x;;;;;;;;;;;;;;;;;;;;;;;;;;
BRB_ADJ;Brabantian;;;;;;;;;;;;;;x;;;;;;;;;;;;;;;;;;;;;;;;;;
BRB_conservative;Brabantise Volkspartie;;;;;;;;;;;;;;x;;;;;;;;;;;;;;;;;;;;;;;;;;
BRB_liberal;Reformisten;;;;;;;;;;;;;;x;;;;;;;;;;;;;;;;;;;;;;;;;;
BRB_reactionary;Hertogsfraktion;;;;;;;;;;;;;;x;;;;;;;;;;;;;;;;;;;;;;;;;;
BRB_anarcho_liberal;Radikale Reformisten;;;;;;;;;;;;;;x;;;;;;;;;;;;;;;;;;;;;;;;;;
BRB_socialist;SPB;;;;;;;;;;;;;;x;;;;;;;;;;;;;;;;;;;;;;;;;;
BRB_communist;Brabantiske Revolutionspartie;;;;;;;;;;;;;;x;;;;;;;;;;;;;;;;;;;;;;;;;;
BRB_fascist;Nationalsotialistiske Partie;;;;;;;;;;;;;;x;;;;;;;;;;;;;;;;;;;;;;;;;;
;;;;;;x;;;;;;;;;;;;;;;;;;;;;;;;;;;;;;;;;;;
FRI;Frisia;;;;;;;;;;;;;;x;;;;;;;;;;;;;;;;;;;;;;;;;;
FRI_ADJ;Frisian;;;;;;;;;;;;;;x;;;;;;;;;;;;;;;;;;;;;;;;;;
ALN;Alania;;;;;;;;;;;;;;x;;;;;;;;;;;;;;;;;;;;;;;;;;
ALN_ADJ;Alanian;;;;;;;;;;;;;;x;;;;;;;;;;;;;;;;;;;;;;;;;;
OSS_reactionary;BardarÊgad;;;;;;;;;;;;;x;;;;;;;;;;;;;;;;;;;;;;;;;;;
OSS_liberal;Reformist Faction;;;;;;;;;;;;;x;;;;;;;;;;;;;;;;;;;;;;;;;;;
OSS_conservative;SÊrad;;;;;;;;;;;;;x;;;;;;;;;;;;;;;;;;;;;;;;;;;
OSS_anarcho_liberal;Radical Party;;;;;;;;;;;;;x;;;;;;;;;;;;;;;;;;;;;;;;;;;
OSS_socialist;Socialist Party;;;;;;;;;;;;;x;;;;;;;;;;;;;;;;;;;;;;;;;;;
OSS_communist;Communist Part;;;;;;;;;;;;;x;;;;;;;;;;;;;;;;;;;;;;;;;;;
OSS_fascist;Fascist Party;;;;;;;;;;;;;x;;;;;;;;;;;;;;;;;;;;;;;;;;;
CUR;Courland;;;;;;;;;;;;;;x;;;;;;;;;;;;;;;;;;;;;;;;;;
CUR_ADJ;Curonian;;;;;;;;;;;;;;x;;;;;;;;;;;;;;;;;;;;;;;;;;
BRG;Burgundy;Bourgogne;Burgund;Burgundia;BorgoÒa;Borgogna;Burgundia;burgundskÈ;Burgundia;Bourgogne;Borgonha;¡Û„ÛÌ‰Ëˇ;Bourgogne;;;;;;;;;;;;;;;;;;;;;;;;;;;;
BRG_ADJ;Burgundian;Bourguignon;Burgundisch;Burgundii;BorgoÒesa;Borgognona;burgundi;Burgundsk˝;burgundi;Bourgondisch;Burgundiano;¡Û„ÛÌ‰ÒÍ.;Burgundin;;;;;;;;;;;;;;;;;;;;;;;;;;;;
EST_autonomous_dependency;Estland;;;;;;;;;;;;;;;;;;;;;;;;;;;;;;;;;;;;;;;;
LAT_autonomous_dependency;Livland;;;;;;;;;;;;;;;;;;;;;;;;;;;;;;;;;;;;;;;;
IZH_autonomous_dependency;Ingermanland;;;;;;;;;;;;;;;;;;;;;;;;;;;;;;;;;;;;;;;;
UBD_colonial_company;Livonia;;;;;;;;;;;;;;x;;;;;;;;;;;;;;;;;;;;;;;;;;
UBD_autonomous_dependency;Livonia;;;;;;;;;;;;;;x;;;;;;;;;;;;;;;;;;;;;;;;;;
;;;;;;x;;;;;;;;;;;;;;;;;;;;;;;;;;;;;;;;;;;
ALD;Nundia;Nundia;Nundia;;Nundia;;;;;;;;;x;;;;;;;;;;;;;;;;;;;;;;;;;;;
ALD_ADJ;Nundian;Nundian;Nundian;;Nundian;;;;;;;;;x;;;;;;;;;;;;;;;;;;;;;;;;;;;
ALD_conservative;Bey Faction;Faction Bey;Bey-Fraktion;;Facci? bey;;;;;;;;;x;;;;;;;;;;;;;;;;;;;;;;;;;;;
ALD_reactionary;Amir Faction;Faction Amir;Amir-Fraktion;;Facci? Amir;;;;;;;;;x;;;;;;;;;;;;;;;;;;;;;;;;;;;
ALD_liberal;Conceil G??al;Conseil g??al;Conseil G??al;;Conceil G??al;;;;;;;;;x;;;;;;;;;;;;;;;;;;;;;;;;;;;
ALD_liberal_2;Jeunesse Alg?ienne;Jeunesse alg?ienne;Jeunesse Alg?ienne;;Jeunesse Alg?ienne;;;;;;;;;x;;;;;;;;;;;;;;;;;;;;;;;;;;;
ALD_liberal_3;The Liberal Faction;Faction lib?ale;Die liberale Fraktion;;La facci? liberal;;;;;;;;;x;;;;;;;;;;;;;;;;;;;;;;;;;;;
ALD_reactionary_2;The Nationalist Faction;Faction nationaliste;Die nationalistische Fraktion;;La facci? nacionalista;;;;;;;;;x;;;;;;;;;;;;;;;;;;;;;;;;;;;
ALD_anarcho_liberal;The Radical Faction;Faction radicale;Die radikale Fraktion;;La facci? radical;;;;;;;;;x;;;;;;;;;;;;;;;;;;;;;;;;;;;
ALD_socialist;The Socialist Faction;Faction socialiste;Die sozialistische Fraktion;;La facci? socialista;;;;;;;;;x;;;;;;;;;;;;;;;;;;;;;;;;;;;
ALD_communist;The Communist Faction;Faction communiste;Die kommunistische Fraktion;;La facci? comunista;;;;;;;;;x;;;;;;;;;;;;;;;;;;;;;;;;;;;
ALD_fascist;The Fascist Faction;Faction fasciste;Die faschistische Fraktion;;La facci? fascista;;;;;;;;;x;;;;;;;;;;;;;;;;;;;;;;;;;;;
;;;;;;x;;;;;;;;;;;;;;;;;;;;;;;;;;;;;;;;;;;
MOR;Mauria;Mauria;Mauria;;Mauria;;;;;;;;;x;;;;;;;;;;;;;;;;;;;;;;;;;;;
MOR_ADJ;Maurian;Maurian;Maurian;;Maurian?;;;;;;;;x;;;;;;;;;;;;;;;;;;;;;;;;;;;;
MOR_conservative;Royal Faction;Faction royale;K?igsfraktion;;Facci? Real;;;;;;;;;x;;;;;;;;;;;;;;;;;;;;;;;;;;;
MOR_liberal;The Liberal Faction;Faction lib?ale;Die liberale Fraktion;;La Facci? Liberal;;;;;;;;;x;;;;;;;;;;;;;;;;;;;;;;;;;;;
MOR_reactionary;The Nationalist Faction;Faction nationaliste;Die nationalistische Fraktion;;La Facci? Nacionalista;;;;;;;;;x;;;;;;;;;;;;;;;;;;;;;;;;;;;
MOR_anarcho_liberal;The Radical Faction;Faction radicale;Die radikale Fraktion;;La Facci? Radical;;;;;;;;;x;;;;;;;;;;;;;;;;;;;;;;;;;;;
MOR_socialist;The Socialist Faction;Faction socialiste;Die sozialistische Fraktion;;La Facci? Socialista;;;;;;;;;x;;;;;;;;;;;;;;;;;;;;;;;;;;;
MOR_communist;The Communist Faction;Faction communiste;Die kommunistische Fraktion;;La Facci? Comunista;;;;;;;;;x;;;;;;;;;;;;;;;;;;;;;;;;;;;
MOR_fascist;The Fascist Faction;Faction fasciste;Die faschistische Fraktion;;La Facci? Fascista;;;;;;;;;x;;;;;;;;;;;;;;;;;;;;;;;;;;;
;;;;;;x;;;;;;;;;;;;;;;;;;;;;;;;;;;;;;;;;;;
AVA;Avalon;Avalon;Avalon;;;;;;;;;;;;;;;;;;;;;;;;;;;;;;;;;;;;;;
AVA_ADJ;Avalonian;Avalonian;Avalonian;;;;;;;;;;;;;;;;;;;;;;;;;;;;;;;;;;;;;;
;;;;;;x;;;;;;;;;;;;;;;;;;;;;;;;;;;;;;;;;;;
LST;Lusitania;Lusitanie;Lusitania;;;;;;;;;;;;;;;;;;;;;;;;;;;;;;;;;;;;;;
LST_ADJ;Lusitano;Lusitanien;Lusitano;;;;;;;;;;;;;;;;;;;;;;;;;;;;;;;;;;;;;;
LST_conservative_1;Converxencia Nacionalista Lusitana;;;;;;;;;;;;;;;;;;;;;;;;;;;;;;;;;;;;;;;;
LST_conservative_3;Unidade Popular;;;;;;;;;;;;;;;;;;;;;;;;;;;;;;;;;;;;;;;;
LST_liberal_2;Solidaridad Lusitana;;;;;;;;;;;;;;;;;;;;;;;;;;;;;;;;;;;;;;;;
LST_liberal_3;Partido DemÛcrata Cristi·n;;;;;;;;;;;;;;;;;;;;;;;;;;;;;;;;;;;;;;;;
LST_socialist_1;Partido Lusitano do Proletariado;;;;;;;;;;;;;;;;;;;;;;;;;;;;;;;;;;;;;;;;
LST_socialist_2;Union do Povo Lusitano;;;;;;;;;;;;;;;;;;;;;;;;;;;;;;;;;;;;;;;;
LST_reactionary_2;Vangarda Nazonalista Lusitana;;;;;;;;;;;;;;;;;;;;;;;;;;;;;;;;;;;;;;;;
LST_anarcho_liberal_2;Patronal Lusitana;;;;;;;;;;;;;;;;;;;;;;;;;;;;;;;;;;;;;;;;
LST_communist_1;Espazo Comunista Lusitano;;;;;;;;;;;;;;;;;;;;;;;;;;;;;;;;;;;;;;;;
LST_fascist_2;Falanxe;;;;;;;;;;;;;;;;;;;;;;;;;;;;;;;;;;;;;;;;
;;;;;;x;;;;;;;;;;;;;;;;;;;;;;;;;;;;;;;;;;;
ASY_reactionary;Assyrian General Conference;;;;;;;;;;;;;x;;;;;;;;;;;;;;;;;;;;;;;;;;;
ASY_liberal;Assyrian Reformist Faction;;;;;;;;;;;;;x;;;;;;;;;;;;;;;;;;;;;;;;;;;
ASY_conservative;Assyrian Democratic Party;;;;;;;;;;;;;x;;;;;;;;;;;;;;;;;;;;;;;;;;;
ASY_anarcho_liberal;Assyrian Radical Party;;;;;;;;;;;;;x;;;;;;;;;;;;;;;;;;;;;;;;;;;
ASY_socialist;Assyrian Socialist Party;;;;;;;;;;;;;x;;;;;;;;;;;;;;;;;;;;;;;;;;;
ASY_communist;Assyrian Progressive Nationalist Party;;;;;;;;;;;;;x;;;;;;;;;;;;;;;;;;;;;;;;;;;
ASY_fascist;Assyrian Patriotic Party;;;;;;;;;;;;;x;;;;;;;;;;;;;;;;;;;;;;;;;;;
;;;;;;x;;;;;;;;;;;;;;;;;;;;;;;;;;;;;;;;;;;
VND;Vandalica;Vandalica;Vandalica;;Vandalica;;;;;;;;;x;;;;;;;;;;;;;;;;;;;;;;;;;;;
VND_absolute_monarchy;Kingdom of Vandalica;;;;;;;;;x;;;;;;;;;;;;;;;;;;;;;;;;;;;
VND_prussian_constitutionalism;Kingdom of Vandalica;;;;;;;;;x;;;;;;;;;;;;;;;;;;;;;;;;;;;
VND_hms_government;Kingdom of Vandalica;;;;;;;;;x;;;;;;;;;;;;;;;;;;;;;;;;;;;
VND_democracy;Vandal Republic;;;;;;;;;x;;;;;;;;;;;;;;;;;;;;;;;;;;;
VND_proletarian_dictatorship;Vandal Workers Republic;;;;;;;;;x;;;;;;;;;;;;;;;;;;;;;;;;;;;
VND_fascist_dictatorship;Vandal Social Republic;;;;;;;;;x;;;;;;;;;;;;;;;;;;;;;;;;;;;
VND_ADJ;Vandal;Vandal;Vandal;;Vandal;;;;;;;;;x;;;;;;;;;;;;;;;;;;;;;;;;;;;
VND_liberal;Partij af Freihals;Partij af Freihals;Partij af Freihals;;Partij af Freihals;;;;;;;;;x;;;;;;;;;;;;;;;;;;;;;;;;;;;
VND_conservative;Partij af Freideins;Partij af Freideins;Partij af Freideins;;Partij af Freideins;;;;;;;;;x;;;;;;;;;;;;;;;;;;;;;;;;;;;
VND_liberal_2;Partij af Freihals;Partij af Freihals;Partij af Freihals;;Partij af Freihals;;;;;;;;;x;;;;;;;;;;;;;;;;;;;;;;;;;;;
VND_liberal_3;Freisinnige Partei;Freisinnige Partei;Freisinnige Partei;;Freisinnige Partei;;;;;;;;;x;;;;;;;;;;;;;;;;;;;;;;;;;;;
VND_socialist;Vandalthiuda;Vandalthiuda;Vandalthiuda;;Vandalthiuda;;;;;;;;;x;;;;;;;;;;;;;;;;;;;;;;;;;;;
VND_socialist_2;Vandalthiuda;Vandalthiuda;Vandalthiuda;;Vandalthiuda;;;;;;;;;x;;;;;;;;;;;;;;;;;;;;;;;;;;;
VND_socialist_3;Vandalthiuda;Vandalthiuda;Vandalthiuda;;Vandalthiuda;;;;;;;;;x;;;;;;;;;;;;;;;;;;;;;;;;;;;
VND_reactionary;Partij af Reaktioners;Partij af Reaktioners;Partij af Reaktioners;;Partij af Reaktioners;;;;;;;;;x;;;;;;;;;;;;;;;;;;;;;;;;;;;
VND_conservative_2;Partij af Freideins;Partij af Freideins;Partij af Freideins;;Partij af Freideins;;;;;;;;;x;;;;;;;;;;;;;;;;;;;;;;;;;;;
VND_conservative_3;Partij af Freideins;Partij af Freideins;Partij af Freideins;;Partij af Freideins;;;;;;;;;x;;;;;;;;;;;;;;;;;;;;;;;;;;;
VND_anarcho_liberal;Partij af Radikals;Partij af Radikals;Partij af Radikals;;Partij af Radikals;;;;;;;;;x;;;;;;;;;;;;;;;;;;;;;;;;;;;
VND_communist;Vandalthiuda Radikals;Vandalthiuda Radikals;Vandalthiuda Radikals;;Vandalthiuda Radikals;;;;;;;;;x;;;;;;;;;;;;;;;;;;;;;;;;;;;
VND_fascist;Fraujinassus af Vandalthiuda;Fraujinassus af Vandalthiuda;Fraujinassus af Vandalthiuda;;Fraujinassus af Vandalthiuda;;;;;;;;;x;;;;;;;;;;;;;;;;;;;;;;;;;;;
;;;;;;x;;;;;;;;;;;;;;;;;;;;;;;;;;;;;;;;;;;
MEL_ADJ;Melfian;Melfian;Melfian;;;;;;;;;;;x;;;;;;;;;;;;;;;;;;;;;;;;;;;
MEL;Melfis;Melfis;Melfis;;;;;;;;;;;x;;;;;;;;;;;;;;;;;;;;;;;;;;;
MEL_proletarian_dictatorship;Melfis;Melfis;Melfis;;;;;;;;;;;x;;;;;;;;;;;;;;;;;;;;;;;;;;;
MEL_presidential_dictatorship;Melfis;Melfis;Melfis;;;;;;;;;;;x;;;;;;;;;;;;;;;;;;;;;;;;;;;
MEL_bourgeois_dictatorship;Melfis;Melfis;Melfis;;;;;;;;;;;x;;;;;;;;;;;;;;;;;;;;;;;;;;;
MEL_fascist_dictatorship;State Of Melfis;Melfis;Melfis;;;;;;;;;;;x;;;;;;;;;;;;;;;;;;;;;;;;;;;
MEL_absolute_monarchy;Duchy Of Melfis;Melfis;Melfis;;;;;;;;;;;x;;;;;;;;;;;;;;;;;;;;;;;;;;;
MEL_prussian_constitutionalism;Duchy Of Melfis;Melfis;Melfis;;;;;;;;;;;x;;;;;;;;;;;;;;;;;;;;;;;;;;;
MEL_hms_government;Duchy Of Melfis;Melfis;Melfis;;;;;;;;;;;x;;;;;;;;;;;;;;;;;;;;;;;;;;;
MEL_democracy;Republic Of Melfis;Melfis;Melfis;;;;;;;;;;;x;;;;;;;;;;;;;;;;;;;;;;;;;;;
MEL_colonial_company;Themata Longobardia;;;;;;;;;;;;;;;;;;;;;;x,,,;;;;;;;;;;;;;;;;;;
MEL_reactionary;Restaurazionisti;Ristorazionista;Ristorazionista;;Ristorazionista;;;;;;;;;;;;;;;;;;;;;;;;;;;;;;;;;;;;
MEL_conservative;Moderati ;Moderati ;Moderati;;Moderati ;;;;;;;;;;;;;;;;;;;;;;;;;;;;;;;;;;;;
MEL_liberal;Riformisti ;Reformisti ;Reformisti;;Reformisti ;;;;;;;;;;;;;;;;;;;;;;;;;;;;;;;;;;;;
MEL_liberal_2;Liberale;Liberale;Liberali;;Liberale;;;;;;;;;;;;;;;;;;;;;;;;;;;;;;;;;;;;
MEL_socialist;Socialisti;Sozialisti;Sozialisti;;Sozialisti;;;;;;;;;;;;;;;;;;;;;;;;;;;;;;;;;;;;
MEL_conservative_2;Popolari;Popolari;Popolari;;Popolari;;;;;;;;;;;;;;;;;;;;;;;;;;;;;;;;;;;;
MEL_radical;Radicali;Radical;Radikali;;Radical;;;;;;;;;;;;;;;;;;;;;;;;;;;;;;;;;;;;
MEL_communist;Comunisti;Communistes;Communisti;;Comunista;;;;;;;;;;;;;;;;;;;;;;;;;;;;;;;;;;;;
MEL_fascist;Fascisti;Fasciste;Fascisti;;Fascista;;;;;;;;;;;;;;;;;;;;;;;;;;;;;;;;;;;;
AVR_ADJ;Aversan;Aversan;Aversan;;;;;;;;;;;x;;;;;;;;;;;;;;;;;;;;;;;;;;;
AVR;Aversa;Aversa;Aversa;;;;;;;;;;;x;;;;;;;;;;;;;;;;;;;;;;;;;;;
AVR_proletarian_dictatorship;Democratic Republic Of Aversa;Democratic Republic Of Aversa;Democratic Republic Of Aversa;;;;;;;;;;;x;;;;;;;;;;;;;;;;;;;;;;;;;;;
AVR_presidential_dictatorship;Aversa;Aversa;Aversa;;;;;;;;;;;x;;;;;;;;;;;;;;;;;;;;;;;;;;;
AVR_bourgeois_dictatorship;Aversa;Aversa;Aversa;;;;;;;;;;;x;;;;;;;;;;;;;;;;;;;;;;;;;;;
AVR_fascist_dictatorship;State Of Aversa;State Of Aversa;State Of Aversa;;;;;;;;;;;x;;;;;;;;;;;;;;;;;;;;;;;;;;;
AVR_absolute_monarchy;Duchy Of Aversa;Duchy Of Aversa;Duchy Of Aversa;;;;;;;;;;;x;;;;;;;;;;;;;;;;;;;;;;;;;;;
AVR_prussian_constitutionalism;Duchy Of Aversa;Aversa;Duchy Of Aversa;;;;;;;;;;;x;;;;;;;;;;;;;;;;;;;;;;;;;;;
AVR_hms_government;Duchy Of Aversa;Duchy Of Aversa;Duchy Of Aversa;;;;;;;;;;;x;;;;;;;;;;;;;;;;;;;;;;;;;;;
AVR_democracy;Republic Of Aversa;Republic Of Aversa;Republic Of Aversa;;;;;;;;;;;x;;;;;;;;;;;;;;;;;;;;;;;;;;;
AVR_colonial_company;Themata Hipponia;;;;;;;;;;;;;;;;;;;;;;x,,,;;;;;;;;;;;;;;;;;;
AVR_reactionary;Restaurazionisti;Ristorazionista;Ristorazionista;;Ristorazionista;;;;;;;;;;;;;;;;;;;;;;;;;;;;;;;;;;;;
AVR_conservative;Moderati ;Moderati ;Moderati;;Moderati ;;;;;;;;;;;;;;;;;;;;;;;;;;;;;;;;;;;;
AVR_liberal;Riformisti ;Reformisti ;Reformisti;;Reformisti ;;;;;;;;;;;;;;;;;;;;;;;;;;;;;;;;;;;;
AVR_liberal_2;Liberale;Liberale;Liberali;;Liberale;;;;;;;;;;;;;;;;;;;;;;;;;;;;;;;;;;;;
AVR_socialist;Socialisti;Sozialisti;Sozialisti;;Sozialisti;;;;;;;;;;;;;;;;;;;;;;;;;;;;;;;;;;;;
AVR_conservative_2;Popolari;Popolari;Popolari;;Popolari;;;;;;;;;;;;;;;;;;;;;;;;;;;;;;;;;;;;
AVR_radical;Radicali;Radical;Radikali;;Radical;;;;;;;;;;;;;;;;;;;;;;;;;;;;;;;;;;;;
AVR_communist;Comunisti;Communistes;Communisti;;Comunista;;;;;;;;;;;;;;;;;;;;;;;;;;;;;;;;;;;;
AVR_fascist;Fascisti;Fasciste;Fascisti;;Fascista;;;;;;;;;;;;;;;;;;;;;;;;;;;;;;;;;;;;
;;;;;;x;;;;;;;;;;;;;;;;;;;;;;;;;;;;;;;;;;;
VIN;Vinland;Vinland;Vinland;;;;;;;;;;;;;;;;;;;;;;;;;;;;;;;;;;;;;;
VIN_colonial_company;Crown Colony of Vinland;;;;;;;;;;;;;;;;;;;;;;;;;;;;;;;;;;;;;;;;
VIN_dominion;Crown Colony of Vinland;;;;;;;;;;;;;;;;;;;;;;;;;;;;;;;;;;;;;;;;
VIN_ADJ;Vinlandic;Vinlandais;Vinl‰ndisch;;;;;;;;;;;;;;;;;;;;;;;;;;;;;;;;;;;;;;
VIN_reactionary_1;Rikets Samhald;;;;;;;;;;;;;;;;;;;;;;;;;;;;;;;;;;;;;;;;
VIN_reactionary_2;Tradisjonens Vaktarar;;;;;;;;;;;;;;;;;;;;;;;;;;;;;;;;;;;;;;;;
VIN_reactionary_3;Kristeleg Folkeparti;;;;;;;;;;;;;;;;;;;;;;;;;;;;;;;;;;;;;;;;
VIN_conservative_1;F¯deralistane;;;;;;;;;;;;;;;;;;;;;;;;;;;;;;;;;;;;;;;;
VIN_conservative_2;Nordiske Folks Parti;;;;;;;;;;;;;;;;;;;;;;;;;;;;;;;;;;;;;;;;
VIN_conservative_3;Fedrelandslaget;;;;;;;;;;;;;;;;;;;;;;;;;;;;;;;;;;;;;;;;
VIN_liberal_1;S¯nene av Patriotane;;;;;;;;;;;;;;;;;;;;;;;;;;;;;;;;;;;;;;;;
VIN_liberal_2;Venstre;;;;;;;;;;;;;;;;;;;;;;;;;;;;;;;;;;;;;;;;
VIN_liberal_3;H¯gre;;;;;;;;;;;;;;;;;;;;;;;;;;;;;;;;;;;;;;;;
VIN_anarcho_liberal_1;S¯ndergaards Fylgjare;;;;;;;;;;;;;;;;;;;;;;;;;;;;;;;;;;;;;;;;
VIN_anarcho_liberal_2;Revolusjonens B¯dlar;;;;;;;;;;;;;;;;;;;;;;;;;;;;;;;;;;;;;;;;
VIN_anarcho_liberal_3;Skarp≠rettarane;;;;;;;;;;;;;;;;;;;;;;;;;;;;;;;;;;;;;;;;
VIN_communist_1;Raudt;;;;;;;;;;;;;;;;;;;;;;;;;;;;;;;;;;;;;;;;
VIN_communist_2;Arbeidarpartiet;;;;;;;;;;;;;;;;;;;;;;;;;;;;;;;;;;;;;;;;
VIN_fascist;Leifs Vikingar;;;;;;;;;;;;;;;;;;;;;;;;;;;;;;;;;;;;;;;;
VIN_socialist_1;Arbeidarpartiet;;;;;;;;;;;;;;;;;;;;;;;;;;;;;;;;;;;;;;;;
VIN_socialist_2;Raudt;;;;;;;;;;;;;;;;;;;;;;;;;;;;;;;;;;;;;;;;
;;;;;;x;;;;;;;;;;;;;;;;;;;;;;;;;;;;;;;;;;;
NEN;New SjÊlland;New SjÊlland;New SjÊlland;;New SjÊlland;;;;;;;;;x;;;;;;;;;;;;;;;;;;;;;;;;;;;
NEN_ADJ;New-SjÊllander;New-SjÊllander;New-SjÊllander;;New-SjÊllander;;;;;;;;;x;;;;;;;;;;;;;;;;;;;;;;;;;;;
NEN_liberal;S¯nene av Patriotane;;;;;;;;;;;;;;;;;;;;;;;;;;;;;;;;;;;;;;;;
NEN_conservative;F¯deralistane;;;;;;;;;;;;;;;;;;;;;;;;;;;;;;;;;;;;;;;;
NEN_liberal_2;Venstre;;;;;;;;;;;;;;;;;;;;;;;;;;;;;;;;;;;;;;;;
NEN_socialist;Arbeidarpartiet;;;;;;;;;;;;;;;;;;;;;;;;;;;;;;;;;;;;;;;;
NEN_reactionary;Rikets Samhald;;;;;;;;;;;;;;;;;;;;;;;;;;;;;;;;;;;;;;;;
NEN_anarcho_liberal;S¯ndergaards Fylgjare;;;;;;;;;;;;;;;;;;;;;;;;;;;;;;;;;;;;;;;;
NEN_communist;Raudt;;;;;;;;;;;;;;;;;;;;;;;;;;;;;;;;;;;;;;;;
NEN_fascist;Leifs Vikingar;;;;;;;;;;;;;;;;;;;;;;;;;;;;;;;;;;;;;;;;
;;;;;;x;;;;;;;;;;;;;;;;;;;;;;;;;;;;;;;;;;;
KNT_ADJ;Karolean;Karolean;Karolean;;;;;;;;;;;x;;;;;;;;;;;;;;;;;;;;;;;;;;;
KNT;Karlant;Karlant;Karlant;;;;;;;;;;;x;;;;;;;;;;;;;;;;;;;;;;;;;;;
KNT_proletarian_dictatorship;Karlant;Karlant;Karlant;;;;;;;;;;;x;;;;;;;;;;;;;;;;;;;;;;;;;;;
KNT_presidential_dictatorship;Karlant;Karlant;Karlant;;;;;;;;;;;x;;;;;;;;;;;;;;;;;;;;;;;;;;;
KNT_bourgeois_dictatorship;Karlant;Karlant;Karlant;;;;;;;;;;;x;;;;;;;;;;;;;;;;;;;;;;;;;;;
KNT_fascist_dictatorship;Karlant;Karlant;Karlant;;;;;;;;;;;x;;;;;;;;;;;;;;;;;;;;;;;;;;;
KNT_absolute_monarchy;Karlant;Karlant;Karlant;;;;;;;;;;;x;;;;;;;;;;;;;;;;;;;;;;;;;;;
KNT_prussian_constitutionalism;Karlant;Karlant;Karlant;;;;;;;;;;;x;;;;;;;;;;;;;;;;;;;;;;;;;;;
KNT_hms_government;Karlant;Karlant;Karlant;;;;;;;;;;;x;;;;;;;;;;;;;;;;;;;;;;;;;;;
KNT_democracy;Karlant;Karlant;Karlant;;;;;;;;;;;x;;;;;;;;;;;;;;;;;;;;;;;;;;;
KRL_conservative_92;Conservatives;Conservatives;Conservatives;;;;;;;;;;;x;;;;;;;;;;;;;;;;;;;;;;;;;;;
KRL_liberal_79;Liberals;Liberals;Liberals;;;;;;;;;;;x;;;;;;;;;;;;;;;;;;;;;;;;;;;
KRL_liberal_87;National Liberals;National Liberals;National Liberals;;;;;;;;;;;x;;;;;;;;;;;;;;;;;;;;;;;;;;;
KRL_socialist_85;Socialists;Socialists;Socialists;;;;;;;;;;;x;;;;;;;;;;;;;;;;;;;;;;;;;;;
KRL_socialist_99;National Socialists;National Socialists;National Socialists;;;;;;;;;;;x;;;;;;;;;;;;;;;;;;;;;;;;;;;
KRL_reactionary_84;Monarchy Leadership;Monarchy Leadership;Monarchy Leadership;;;;;;;;;;;x;;;;;;;;;;;;;;;;;;;;;;;;;;;
KRL_anarcho_liberal_93;Radical Liberals;Radical Liberals;Radical Liberals;;;;;;;;;;;x;;;;;;;;;;;;;;;;;;;;;;;;;;;
KRL_communist_86;Communists;Communists;Communists;;;;;;;;;;;x;;;;;;;;;;;;;;;;;;;;;;;;;;;
KRL_fascist_72;Fascists;Fascists;Fascists;;;;;;;;;;;x;;;;;;;;;;;;;;;;;;;;;;;;;;;
;;;;;;x;;;;;;;;;;;;;;;;;;;;;;;;;;;;;;;;;;;
;;;;;;x;;;;;;;;;;;;;;;;;;;;;;;;;;;;;;;;;;;
;;;;;;x;;;;;;;;;;;;;;;;;;;;;;;;;;;;;;;;;;;
;;;;;;x;;;;;;;;;;;;;;;;;;;;;;;;;;;;;;;;;;;
AAA_anarcho_liberal_1;Revolutionary Republicans;;;;;;;;;;;;;;;;;;;;;;;;;;;;;;;;;;;;;;;;
AAA_anarcho_liberal_2;Radicalist Party;;;;;;;;;;;;;;;;;;;;;;;;;;;;;;;;;;;;;;;;
AAA_communist_1;Workers' Party;;;;;;;;;;;;;;;;;;;;;;;;;;;;;;;;;;;;;;;;
AAA_communist_2;Internationalists;;;;;;;;;;;;;;;;;;;;;;;;;;;;;;;;;;;;;;;;
AAA_conservative_1;Loyalists;;;;;;;;;;;;;;;;;;;;;;;;;;;;;;;;;;;;;;;;
AAA_conservative_2;Centrists;;;;;;;;;;;;;;;;;;;;;;;;;;;;;;;;;;;;;;;;
AAA_conservative_3;Monarchists;;;;;;;;;;;;;;;;;;;;;;;;;;;;;;;;;;;;;;;;
AAA_conservative_4;Moderates;;;;;;;;;;;;;;;;;;;;;;;;;;;;;;;;;;;;;;;;
AAA_conservative_5;National Democratic Party;;;;;;;;;;;;;;;;;;;;;;;;;;;;;;;;;;;;;;;;
AAA_fascist_1;Patriotic Front;;;;;;;;;;;;;;;;;;;;;;;;;;;;;;;;;;;;;;;;
AAA_fascist_2;Phalanxists;;;;;;;;;;;;;;;;;;;;;;;;;;;;;;;;;;;;;;;;
AAA_liberal_1;Republican Party;;;;;;;;;;;;;;;;;;;;;;;;;;;;;;;;;;;;;;;;
AAA_liberal_2;Parliamentarists;;;;;;;;;;;;;;;;;;;;;;;;;;;;;;;;;;;;;;;;
AAA_liberal_3;Reformists;;;;;;;;;;;;;;;;;;;;;;;;;;;;;;;;;;;;;;;;
AAA_liberal_4;Liberal Democrats;;;;;;;;;;;;;;;;;;;;;;;;;;;;;;;;;;;;;;;;
AAA_liberal_5;National Liberal Party;;;;;;;;;;;;;;;;;;;;;;;;;;;;;;;;;;;;;;;;
AAA_reactionary_1;Traditionalists;;;;;;;;;;;;;;;;;;;;;;;;;;;;;;;;;;;;;;;;
AAA_reactionary_2;Restorationists;;;;;;;;;;;;;;;;;;;;;;;;;;;;;;;;;;;;;;;;
AAA_social_liberal_1;Social-Liberals;;;;;;;;;;;;;;;;;;;;;;;;;;;;;;;;;;;;;;;;
AAA_market_liberal_1;Free Trade Party;;;;;;;;;;;;;;;;;;;;;;;;;;;;;;;;;;;;;;;;
AAA_market_liberal_2;Order and Liberty Party;;;;;;;;;;;;;;;;;;;;;;;;;;;;;;;;;;;;;;;;
AAA_socialist_1;National Socialists;;;;;;;;;;;;;;;;;;;;;;;;;;;;;;;;;;;;;;;;
AAA_socialist_2;Labour Party;;;;;;;;;;;;;;;;;;;;;;;;;;;;;;;;;;;;;;;;
AAA_socialist_3;People's Party;;;;;;;;;;;;;;;;;;;;;;;;;;;;;;;;;;;;;;;;
AAA_socialist_4;Social Democrats;;;;;;;;;;;;;;;;;;;;;;;;;;;;;;;;;;;;;;;;
AAA_socialist_5;Progressivists;;;;;;;;;;;;;;;;;;;;;;;;;;;;;;;;;;;;;;;;
AOM;Aromania;;;;;;;;;;;x; ;;;;;;;;;;;;;;;;;;;;;;;;;;;;
AOM_colonial_company;Thema Blakos;;;;;;;;;;;x;;;;;;;;;;;;;;;;;;;;;;;;;;;;;
AOM_dominion;Thema Blakos;;;;;;;;;;;x;;;;;;;;;;;;;;;;;;;;;;;;;;;;;
AOM_ADJ;Aromanian;;;;;;;;;;;x;;;;;;;;;;;;;;;;;;;;;;;;;;;;;
EPI;Epirus;;;;;;;;;;;x;;;;;;;;;;;;;;;;;;;;;;;;;;;;;
EPI_colonial_company;Epir;;;;;;;;;;;x;;;;;;;;;;;;;;;;;;;;;;;;;;;;;
EPI_dominion;Epir;;;;;;;;;;;x;;;;;;;;;;;;;;;;;;;;;;;;;;;;;
EPI_ADJ;Epirote;;;;;;;;;;;x;;;;;;;;;;;;;;;;;;;;;;;;;;;;;
DBJ;Dobruja;;;;;;;;;;;x;;;;;;;;;;;;;;;;;;;;;;;;;;;;;
DBJ_colonial_company;Despotatul Dobrogei;;;;;;;;;;;x;;;;;;;;;;;;;;;;;;;;;;;;;;;;;
DBJ_dominion;Despotatul Dobrogei;;;;;;;;;;;x;;;;;;;;;;;;;;;;;;;;;;;;;;;;;
DBJ_ADJ;Dobrujan;;;;;;;;;;;x;;;;;;;;;;;;;;;;;;;;;;;;;;;;;
WAL_colonial_company;Sark-i Rumeli Viyaleti;;;;;;;;;;;x;;;;;;;;;;;;;;;;;;;;;;;;;;;;;
WAL_dominion;Sark-i Rumeli Viyaleti;;;;;;;;;;;x;;;;;;;;;;;;;;;;;;;;;;;;;;;;;
MOL_colonial_company;Moezya Eyaleti;;;;;;;;;;;x;;;;;;;;;;;;;;;;;;;;;;;;;;;;;
MOL_dominion;Moezya Eyaleti;;;;;;;;;;;x;;;;;;;;;;;;;;;;;;;;;;;;;;;;;
GRE_colonial_company;EllinikÌ DimokratÌa;;;;;;;;;;;x;;;;;;;;;;;;;;;;;;;;;;;;;;;;;
GRE_dominion;EllinikÌ DimokratÌa;;;;;;;;;;;x;;;;;;;;;;;;;;;;;;;;;;;;;;;;;
ALB_colonial_company;Thema Dyrrachion;;;;;;;;;;;x;;;;;;;;;;;;;;;;;;;;;;;;;;;;;
ALB_dominion;Thema Dyrrachion;;;;;;;;;;;x;;;;;;;;;;;;;;;;;;;;;;;;;;;;;
MUS_ADJ;Muscovite;Muscovite;Muscovite;;;;;;;;;;;x;;;;;;;;;;;;;;;;;;;;;;;;;;;
MUS;Principality of Tver;;;;;;;;;;;;;;x;;;;;;;;;;;;;;;;;;;;;;;;;;
MUS_ADJ;Tverite;;;;;;;;;;;;;;x;;;;;;;;;;;;;;;;;;;;;;;;;;
LUS_ADJ;Lusofonic;Lusofonic;Lusofonic;;;;;;;;;;;x;;;;;;;;;;;;;;;;;;;;;;;;;;;
LUS;Luson;Luson;Luson;;;;;;;;;;;x;;;;;;;;;;;;;;;;;;;;;;;;;;;
LUS_proletarian_dictatorship;Lusofonic Commune;Lusofonic Commune;Lusofonic Commune;;;;;;;;;;;x;;;;;;;;;;;;;;;;;;;;;;;;;;;
LUS_presidential_dictatorship;Republic of Luson;Republic of Luson;Republic of Luson;;;;;;;;;;;x;;;;;;;;;;;;;;;;;;;;;;;;;;;
LUS_bourgeois_dictatorship;Luson;Luson;Luson;;;;;;;;;;;x;;;;;;;;;;;;;;;;;;;;;;;;;;;
LUS_fascist_dictatorship;Lisbon Federation;Lisbon Federation;Lisbon Federation;;;;;;;;;;;x;;;;;;;;;;;;;;;;;;;;;;;;;;;
LUS_absolute_monarchy;Kingdom of Luson;Kingdom of Luson;Kingdom of Luson;;;;;;;;;;;x;;;;;;;;;;;;;;;;;;;;;;;;;;;
LUS_prussian_constitutionalism;Luson;Luson;Luson;;;;;;;;;;;x;;;;;;;;;;;;;;;;;;;;;;;;;;;
LUS_hms_government;Luson;Luson;Luson;;;;;;;;;;;x;;;;;;;;;;;;;;;;;;;;;;;;;;;
LUS_democracy;Lusofonic Republic;Lusofonic Republic;Lusofonic Republic;;;;;;;;;;;x;;;;;;;;;;;;;;;;;;;;;;;;;;;
LUS_conservative_92;Conservatives;Conservatives;Conservatives;;;;;;;;;;;x;;;;;;;;;;;;;;;;;;;;;;;;;;;
LUS_liberal_79;Liberals;Liberals;Liberals;;;;;;;;;;;x;;;;;;;;;;;;;;;;;;;;;;;;;;;
LUS_liberal_87;National Liberals;National Liberals;National Liberals;;;;;;;;;;;x;;;;;;;;;;;;;;;;;;;;;;;;;;;
LUS_socialist_85;Socialists;Socialists;Socialists;;;;;;;;;;;x;;;;;;;;;;;;;;;;;;;;;;;;;;;
LUS_socialist_99;National Socialists;National Socialists;National Socialists;;;;;;;;;;;x;;;;;;;;;;;;;;;;;;;;;;;;;;;
LUS_reactionary_84;Monarchy Leadership;Monarchy Leadership;Monarchy Leadership;;;;;;;;;;;x;;;;;;;;;;;;;;;;;;;;;;;;;;;
LUS_anarcho_liberal_93;Radical Liberals;Radical Liberals;Radical Liberals;;;;;;;;;;;x;;;;;;;;;;;;;;;;;;;;;;;;;;;
LUS_communist_86;Communists;Communists;Communists;;;;;;;;;;;x;;;;;;;;;;;;;;;;;;;;;;;;;;;
LUS_fascist_72;Fascists;Fascists;Fascists;;;;;;;;;;;x;;;;;;;;;;;;;;;;;;;;;;;;;;;
CEL_ADJ;Prydeinig;Prydeinig;Prydeinig;;;;;;;;;;;x;;;;;;;;;;;;;;;;;;;;;;;;;;;
CEL;Prydain;Prydain;Prydain;;;;;;;;;;;x;;;;;;;;;;;;;;;;;;;;;;;;;;;
CEL_proletarian_dictatorship;Prydain;Prydain;Prydain;;;;;;;;;;;x;;;;;;;;;;;;;;;;;;;;;;;;;;;
CEL_presidential_dictatorship;Prydain;Prydain;Prydain;;;;;;;;;;;x;;;;;;;;;;;;;;;;;;;;;;;;;;;
CEL_bourgeois_dictatorship;Prydain;Prydain;Prydain;;;;;;;;;;;x;;;;;;;;;;;;;;;;;;;;;;;;;;;
CEL_fascist_dictatorship;Prydain;Prydain;Prydain;;;;;;;;;;;x;;;;;;;;;;;;;;;;;;;;;;;;;;;
CEL_absolute_monarchy;Prydain;Prydain;Prydain;;;;;;;;;;;x;;;;;;;;;;;;;;;;;;;;;;;;;;;
CEL_prussian_constitutionalism;Prydain;Prydain;Prydain;;;;;;;;;;;x;;;;;;;;;;;;;;;;;;;;;;;;;;;
CEL_hms_government;Prydain;Prydain;Prydain;;;;;;;;;;;x;;;;;;;;;;;;;;;;;;;;;;;;;;;
CEL_democracy;Prydain;Prydain;Prydain;;;;;;;;;;;x;;;;;;;;;;;;;;;;;;;;;;;;;;;
CEL_conservative_92;Conservatives;Conservatives;Conservatives;;;;;;;;;;;x;;;;;;;;;;;;;;;;;;;;;;;;;;;
CEL_liberal_79;Liberals;Liberals;Liberals;;;;;;;;;;;x;;;;;;;;;;;;;;;;;;;;;;;;;;;
CEL_liberal_87;National Liberals;National Liberals;National Liberals;;;;;;;;;;;x;;;;;;;;;;;;;;;;;;;;;;;;;;;
CEL_socialist_85;Socialists;Socialists;Socialists;;;;;;;;;;;x;;;;;;;;;;;;;;;;;;;;;;;;;;;
CEL_socialist_99;National Socialists;National Socialists;National Socialists;;;;;;;;;;;x;;;;;;;;;;;;;;;;;;;;;;;;;;;
CEL_reactionary_84;Monarchy Leadership;Monarchy Leadership;Monarchy Leadership;;;;;;;;;;;x;;;;;;;;;;;;;;;;;;;;;;;;;;;
CEL_anarcho_liberal_93;Radical Liberals;Radical Liberals;Radical Liberals;;;;;;;;;;;x;;;;;;;;;;;;;;;;;;;;;;;;;;;
CEL_communist_86;Communists;Communists;Communists;;;;;;;;;;;x;;;;;;;;;;;;;;;;;;;;;;;;;;;
CEL_fascist_72;Fascists;Fascists;Fascists;;;;;;;;;;;x;;;;;;;;;;;;;;;;;;;;;;;;;;;
NEM_ADJ;Nemch;Nemch;Nemch;;;;;;;;;;;x;;;;;;;;;;;;;;;;;;;;;;;;;;;
NEM;Nemchland;Nemchland;Nemchland;;;;;;;;;;;x;;;;;;;;;;;;;;;;;;;;;;;;;;;
NEM_proletarian_dictatorship;Nemchland;Nemchland;Nemchland;;;;;;;;;;;x;;;;;;;;;;;;;;;;;;;;;;;;;;;
NEM_presidential_dictatorship;Nemchland;Nemchland;Nemchland;;;;;;;;;;;x;;;;;;;;;;;;;;;;;;;;;;;;;;;
NEM_bourgeois_dictatorship;Nemchland;Nemchland;Nemchland;;;;;;;;;;;x;;;;;;;;;;;;;;;;;;;;;;;;;;;
NEM_fascist_dictatorship;Nemchland;Nemchland;Nemchland;;;;;;;;;;;x;;;;;;;;;;;;;;;;;;;;;;;;;;;
NEM_absolute_monarchy;Nemchland;Nemchland;Nemchland;;;;;;;;;;;x;;;;;;;;;;;;;;;;;;;;;;;;;;;
NEM_prussian_constitutionalism;Nemchland;Nemchland;Nemchland;;;;;;;;;;;x;;;;;;;;;;;;;;;;;;;;;;;;;;;
NEM_hms_government;Nemchland;Nemchland;Nemchland;;;;;;;;;;;x;;;;;;;;;;;;;;;;;;;;;;;;;;;
NEM_democracy;Nemchland;Nemchland;Nemchland;;;;;;;;;;;x;;;;;;;;;;;;;;;;;;;;;;;;;;;
NEM_conservative_92;Conservatives;Conservatives;Conservatives;;;;;;;;;;;x;;;;;;;;;;;;;;;;;;;;;;;;;;;
NEM_liberal_79;Liberals;Liberals;Liberals;;;;;;;;;;;x;;;;;;;;;;;;;;;;;;;;;;;;;;;
NEM_liberal_87;National Liberals;National Liberals;National Liberals;;;;;;;;;;;x;;;;;;;;;;;;;;;;;;;;;;;;;;;
NEM_socialist_85;Socialists;Socialists;Socialists;;;;;;;;;;;x;;;;;;;;;;;;;;;;;;;;;;;;;;;
NEM_socialist_99;National Socialists;National Socialists;National Socialists;;;;;;;;;;;x;;;;;;;;;;;;;;;;;;;;;;;;;;;
NEM_reactionary_84;Monarchy Leadership;Monarchy Leadership;Monarchy Leadership;;;;;;;;;;;x;;;;;;;;;;;;;;;;;;;;;;;;;;;
NEM_anarcho_liberal_93;Radical Liberals;Radical Liberals;Radical Liberals;;;;;;;;;;;x;;;;;;;;;;;;;;;;;;;;;;;;;;;
NEM_communist_86;Communists;Communists;Communists;;;;;;;;;;;x;;;;;;;;;;;;;;;;;;;;;;;;;;;
NEM_fascist_72;Fascists;Fascists;Fascists;;;;;;;;;;;x;;;;;;;;;;;;;;;;;;;;;;;;;;;
BAD;Swabia;;;;;;;;;;;;;;x;;;;;;;;;;;;;;;;;;;;;;;;;;
BAD_ADJ;Swabian;;;;;;;;;;;;;;x;;;;;;;;;;;;;;;;;;;;;;;;;;
CZH;Wendiskarike;;;;;;;;;;;;;;x;;;;;;;;;;;;;;;;;;;;;;;;;;
CZH_ADJ;Wend;;;;;;;;;;;;;;x;;;;;;;;;;;;;;;;;;;;;;;;;;
NET_ADJ;Hollent;Hollent;Hollent;;;;;;;;;;;x;;;;;;;;;;;;;;;;;;;;;;;;;;;
NET;Holtlant;;;;;;;;;;;x;;;;;;;;;;;;;;;;;;;;;;;;;;;;;
NET_proletarian_dictatorship;Holtlant;;;;;;;;;;;x;;;;;;;;;;;;;;;;;;;;;;;;;;;;;
NET_presidential_dictatorship;Holtlant;;;;;;;;;;;x;;;;;;;;;;;;;;;;;;;;;;;;;;;;;
NET_bourgeois_dictatorship;Holtlant;;;;;;;;;;;x;;;;;;;;;;;;;;;;;;;;;;;;;;;;;
NET_fascist_dictatorship;Holtlant;;;;;;;;;;;x;;;;;;;;;;;;;;;;;;;;;;;;;;;;;
NET_absolute_monarchy;Holtlant;;;;;;;;;;;x;;;;;;;;;;;;;;;;;;;;;;;;;;;;;
NET_prussian_constitutionalism;Holtlant;;;;;;;;;;;x;;;;;;;;;;;;;;;;;;;;;;;;;;;;;
NET_hms_government;Holtlant;;;;;;;;;;;x;;;;;;;;;;;;;;;;;;;;;;;;;;;;;
NET_democracy;Holtlant;;;;;;;;;;;x;;;;;;;;;;;;;;;;;;;;;;;;;;;;;
NET_conservative_92;Conservatives;Conservatives;Conservatives;;;;;;;;;;;x;;;;;;;;;;;;;;;;;;;;;;;;;;;
NET_liberal_79;Liberals;Liberals;Liberals;;;;;;;;;;;x;;;;;;;;;;;;;;;;;;;;;;;;;;;
NET_liberal_87;National Liberals;National Liberals;National Liberals;;;;;;;;;;;x;;;;;;;;;;;;;;;;;;;;;;;;;;;
NET_socialist_85;Socialists;Socialists;Socialists;;;;;;;;;;;x;;;;;;;;;;;;;;;;;;;;;;;;;;;
NET_socialist_99;National Socialists;National Socialists;National Socialists;;;;;;;;;;;x;;;;;;;;;;;;;;;;;;;;;;;;;;;
NET_reactionary_84;Monarchy Leadership;Monarchy Leadership;Monarchy Leadership;;;;;;;;;;;x;;;;;;;;;;;;;;;;;;;;;;;;;;;
NET_anarcho_liberal_93;Radical Liberals;Radical Liberals;Radical Liberals;;;;;;;;;;;x;;;;;;;;;;;;;;;;;;;;;;;;;;;
NET_communist_86;Communists;Communists;Communists;;;;;;;;;;;x;;;;;;;;;;;;;;;;;;;;;;;;;;;
NET_fascist_72;Fascists;Fascists;Fascists;;;;;;;;;;;x;;;;;;;;;;;;;;;;;;;;;;;;;;;
AST;Austral Federation;;;;;;;;;;;;;;x;;;;;;;;;;;;;;;;;;;;;;;;;;
AST_ADJ;Austral;;;;;;;;;;;;;;x;;;;;;;;;;;;;;;;;;;;;;;;;;
PDN_ADJ;Padan;Padan;Padan;;;;;;;;;;;x;;;;;;;;;;;;;;;;;;;;;;;;;;;
PDN;Padanian Federation;Padanian Federation;Padanian Federation;;;;;;;;;;;x;;;;;;;;;;;;;;;;;;;;;;;;;;;
PDN_proletarian_dictatorship;Padania;Padania;Padania;;;;;;;;;;;x;;;;;;;;;;;;;;;;;;;;;;;;;;;
PDN_presidential_dictatorship;Padan Republic;Padan Republic;Padan Republic;;;;;;;;;;;x;;;;;;;;;;;;;;;;;;;;;;;;;;;
PDN_bourgeois_dictatorship;Padania;Padania;Padania;;;;;;;;;;;x;;;;;;;;;;;;;;;;;;;;;;;;;;;
PDN_fascist_dictatorship;Padania;Padania;Padania;;;;;;;;;;;x;;;;;;;;;;;;;;;;;;;;;;;;;;;
PDN_absolute_monarchy;Padanian Federation;Padanian Federation;Padanian Federation;;;;;;;;;;;x;;;;;;;;;;;;;;;;;;;;;;;;;;;
PDN_prussian_constitutionalism;Padanian Federation;Padanian Federation;Padanian Federation;;;;;;;;;;;x;;;;;;;;;;;;;;;;;;;;;;;;;;;
PDN_hms_government;Padanian Federation;Padanian Federation;Padanian Federation;;;;;;;;;;;x;;;;;;;;;;;;;;;;;;;;;;;;;;;
PDN_democracy;Padan Republic;Padan Republic;Padan Republic;;;;;;;;;;;x;;;;;;;;;;;;;;;;;;;;;;;;;;;
PDN_conservative_92;Conservatives;Conservatives;Conservatives;;;;;;;;;;;x;;;;;;;;;;;;;;;;;;;;;;;;;;;
PDN_liberal_79;Liberals;Liberals;Liberals;;;;;;;;;;;x;;;;;;;;;;;;;;;;;;;;;;;;;;;
PDN_liberal_87;National Liberals;National Liberals;National Liberals;;;;;;;;;;;x;;;;;;;;;;;;;;;;;;;;;;;;;;;
PDN_socialist_85;Socialists;Socialists;Socialists;;;;;;;;;;;x;;;;;;;;;;;;;;;;;;;;;;;;;;;
PDN_socialist_99;National Socialists;National Socialists;National Socialists;;;;;;;;;;;x;;;;;;;;;;;;;;;;;;;;;;;;;;;
PDN_reactionary_84;Monarchy Leadership;Monarchy Leadership;Monarchy Leadership;;;;;;;;;;;x;;;;;;;;;;;;;;;;;;;;;;;;;;;
PDN_anarcho_liberal_93;Radical Liberals;Radical Liberals;Radical Liberals;;;;;;;;;;;x;;;;;;;;;;;;;;;;;;;;;;;;;;;
PDN_communist_86;Communists;Communists;Communists;;;;;;;;;;;x;;;;;;;;;;;;;;;;;;;;;;;;;;;
PDN_fascist_72;Fascists;Fascists;Fascists;;;;;;;;;;;x;;;;;;;;;;;;;;;;;;;;;;;;;;;
PLC;Slavic Commonwealth;;;;;;;;;;;;;;x;;;;;;;;;;;;;;;;;;;;;;;;;;
PLC_ADJ;Polish-Ruthenian;;;;;;;;;;;;;;x;;;;;;;;;;;;;;;;;;;;;;;;;;
SLA_ADJ;Slavic;Slavic;Slavic;;;;;;;;;;;x;;;;;;;;;;;;;;;;;;;;;;;;;;;
SLA;Slavia;Slavia;Slavia;;;;;;;;;;;x;;;;;;;;;;;;;;;;;;;;;;;;;;;
SLA_proletarian_dictatorship;Soviet Union;Soviet Union;Soviet Union;;;;;;;;;;;x;;;;;;;;;;;;;;;;;;;;;;;;;;;
SLA_presidential_dictatorship;Slavic Republic;Slavic Republic;Slavic Republic;;;;;;;;;;;x;;;;;;;;;;;;;;;;;;;;;;;;;;;
SLA_bourgeois_dictatorship;Slavia;Slavia;Slavia;;;;;;;;;;;x;;;;;;;;;;;;;;;;;;;;;;;;;;;
SLA_fascist_dictatorship;Slavic Empire;Slavic Empire;Slavic Empire;;;;;;;;;;;x;;;;;;;;;;;;;;;;;;;;;;;;;;;
SLA_absolute_monarchy;Slavia;Slavia;Slavia;;;;;;;;;;;x;;;;;;;;;;;;;;;;;;;;;;;;;;;
SLA_prussian_constitutionalism;Slavia;Slavia;Slavia;;;;;;;;;;;x;;;;;;;;;;;;;;;;;;;;;;;;;;;
SLA_hms_government;Slavia;Slavia;Slavia;;;;;;;;;;;x;;;;;;;;;;;;;;;;;;;;;;;;;;;
SLA_democracy;Slavic Republic;Slavic Republic;Slavic Republic;;;;;;;;;;;x;;;;;;;;;;;;;;;;;;;;;;;;;;;
SLA_conservative_92;Conservatives;Conservatives;Conservatives;;;;;;;;;;;x;;;;;;;;;;;;;;;;;;;;;;;;;;;
SLA_liberal_79;Liberals;Liberals;Liberals;;;;;;;;;;;x;;;;;;;;;;;;;;;;;;;;;;;;;;;
SLA_liberal_87;National Liberals;National Liberals;National Liberals;;;;;;;;;;;x;;;;;;;;;;;;;;;;;;;;;;;;;;;
SLA_socialist_85;Socialists;Socialists;Socialists;;;;;;;;;;;x;;;;;;;;;;;;;;;;;;;;;;;;;;;
SLA_socialist_99;National Socialists;National Socialists;National Socialists;;;;;;;;;;;x;;;;;;;;;;;;;;;;;;;;;;;;;;;
SLA_reactionary_84;Monarchy Leadership;Monarchy Leadership;Monarchy Leadership;;;;;;;;;;;x;;;;;;;;;;;;;;;;;;;;;;;;;;;
SLA_anarcho_liberal_93;Radical Liberals;Radical Liberals;Radical Liberals;;;;;;;;;;;x;;;;;;;;;;;;;;;;;;;;;;;;;;;
SLA_communist_86;Communists;Communists;Communists;;;;;;;;;;;x;;;;;;;;;;;;;;;;;;;;;;;;;;;
SLA_fascist_72;Fascists;Fascists;Fascists;;;;;;;;;;;x;;;;;;;;;;;;;;;;;;;;;;;;;;;
BOS;Morlachia;;;;;;;;;;;;;;x;;;;;;;;;;;;;;;;;;;;;;;;;;
BOS_ADJ;Morlachian;;;;;;;;;;;;;;x;;;;;;;;;;;;;;;;;;;;;;;;;;
MON;Tamishrad;;;;;;;;;;;;;;x;;;;;;;;;;;;;;;;;;;;;;;;;;
MON_ADJ;Tamishradi;;;;;;;;;;;;;;x;;;;;;;;;;;;;;;;;;;;;;;;;;
TRN;Nye Amsteldam;;;;;;;;;;;;;;x;;;;;;;;;;;;;;;;;;;;;;;;;;
TRN_ADJ;New Amsteldami;;;;;;;;;;;;;;x;;;;;;;;;;;;;;;;;;;;;;;;;;
MRV;Magna R¸mena;;;;;;;;;;;;;;x;;;;;;;;;;;;;;;;;;;;;;;;;;
MRV_ADJ;Romanian;;;;;;;;;;;;;;x;;;;;;;;;;;;;;;;;;;;;;;;;;
MRV_radical;Radical Party;Parti Radical;Radikale Partei;Partia Radykalna;Partido Radical;Partito Radicale;Radik·lis P·rt;Radik·lnÌ Strana;Radik·lis P·rt;Radicale Partij;Partido Radical;–‡‰ËÍ‡Î¸Ì‡ˇ œ‡ÚËˇ;Radikaalipuolue;;;;;;;;;;;;;;;;;;;;;;;;;;;;
MRV_communist;Communist Party;Parti Communiste;Kommunistische Partei;Partia Komunistyczna;Partido Comunista;Partito Comunista;Kommunista P·rt;Komunistick· Strana;Kommunista P·rt;Communistische Partij;Partido Comunista; ÓÏÏÛÌËÒÚË˜ÂÒÍ‡ˇ œ‡ÚËˇ;Kommunistinenpuolue;;;;;;;;;;;;;;;;;;;;;;;;;;;;
MRV_conservative;Conservative Party;Parti Conservateur;Konservative Partei;Partia Konserwatywna;Partido Conservador;Partito Conservatore;KonzervatÌv P·rt;KonzervativnÌ Strana;KonzervatÌv P·rt;Conservatieve Partij;Partido Conservador; ÓÌÒÂ‚‡ÚË‚Ì‡ˇ œ‡ÚËˇ;Konservatiivipuolue;;;;;;;;;;;;;;;;;;;;;;;;;;;;
MRV_fascist;Fascist Party;Parti Fasciste;Faschistische Partei;Partia Faszystowska;Partido Fascista;Partito Fascista;Fasiszta P·rt;Faöistick· Strana;Fasiszta P·rt;Fascistische Partij;Partido Fascista;‘‡¯ËÒÚÒÍ‡ˇ œ‡ÚËˇ;Fasistinenpuolue;;;;;;;;;;;;;;;;;;;;;;;;;;;;
MRV_liberal;Liberal Party;Parti LibÈral;Liberale Partei;Partia Liberalna;Partido Liberal;Partito Liberale;Liber·lis P·rt;Liber·lnÌ Strana;Liber·lis P·rt;Liberale Partij;Partido Liberal;ÀË·Â‡Î¸Ì‡ˇ œ‡ÚËˇ;Liberaalipuolue;;;;;;;;;;;;;;;;;;;;;;;;;;;;
MRV_reactionary;National Party;Parti National;Nationale Partei;Partia Narodowa;Partido Nacional;Partito Nazionale;Nemzeti P·rt;N·rodnÌ Strana;Nemzeti P·rt;Nationale Partij;Partido Nacional;Õ‡ˆËÓÌ‡Î¸Ì‡ˇ œ‡ÚËˇ;Kansallispuolue;;;;;;;;;;;;;;;;;;;;;;;;;;;;
MRV_socialist;Socialist Party;Parti Socialiste;Sozialistische Partei;Partia Socjalistyczna;Partido Socialista;Partito Socialista;Szocialista P·rt;Socialistick· Strana;Szocialista P·rt;Socialistische Partij;Partido Socialista;—ÓˆË‡ÎËÒÚË˜ÂÒÍ‡ˇ œ‡ÚËˇ;Sosialistinenpuolue;;;;;;;;;;;;;;;;;;;;;;;;;;;;
SLV_absolute_monarchy;Nitra;;;;;;;;;;;;x;;;;;;;;;;;;;;;;;;;;;;;;;;;;
SLV_hms_government;Nitra;;;;;;;;;;;;x;;;;;;;;;;;;;;;;;;;;;;;;;;;;
SLV_prussian_constitutionalism;Nitra;;;;;;;;;;;;x;;;;;;;;;;;;;;;;;;;;;;;;;;;;
SLS_conservative;National Committee;;;;;;;;;;;;;;;;;;x;;;;;;;;;;;;;;;;;;;;;;
SLS_liberal;Democratic Society;;;;;;;;;;;;;;;;;;x;;;;;;;;;;;;;;;;;;;;;;
SLS_liberal_2;Farmers' Party;;;;;;;;;;;;;;;;;;x;;;;;;;;;;;;;;;;;;;;;;
SLS_socialist;Workers' Alliance;;;;;;;;;;;;;;;;;;x;;;;;;;;;;;;;;;;;;;;;;
SLS_conservative_2;National Party;;;;;;;;;;;;;;;;;;x;;;;;;;;;;;;;;;;;;;;;;
SLS_reactionary;Szlachta;;;;;;;;;;;;;;;;;;x;;;;;;;;;;;;;;;;;;;;;;
SLS_anarcho_liberal;Radical Party;;;;;;;;;;;;;;;;;;x;;;;;;;;;;;;;;;;;;;;;;
SLS_communist;Communist Party;;;;;;;;;;;;;;;;;;x;;;;;;;;;;;;;;;;;;;;;;
SLS_fascist;National-Radical Camps;;;;;;;;;;;;;;;;;;x;;;;;;;;;;;;;;;;;;;;;;
;;;;;;;;;;;;;;;;;;;;;;;;;;;;;;;;;;;;;;;;;
SIC;Southern Italian Confederation;;;;;;;;;;;;;;;;;;;;;;;;;;;;;;;;;;;;;;;;
SIC_fascist_dictatorship;Military Order of Southern Italy;;;;;;;;;;;;;;;;;;;;;;;;;;;;;;;;;;;;;;;;
SIC_absolute_monarchy;Kingdom of Sicily;;;;;;;;;;;;;;;;;;;;;;;;;;;;;;;;;;;;;;;;
SIC_ADJ;Southern Italian;;;;;;;;;;;;;;;;;;;;;;;;;;;;;;;;;;;;;;;;
afro_brazilian;Afro-Selbapunic;;;;;;;;;;;;;;;;;;;;;;;;;;;;;;;;;;;;;;;;
;;;;;;;;;;;;;;;;;;;;;;;;;;;;;;;;;;;;;;;;;
KRT_proletarian_dictatorship;UniÚne de sas Rep˘bbricas SotzialÏstas Selbap˘nniche;;;;;;;;;;;;;;;;;;;;;;;;;;;;;;;;;;;;;;;;
KRT_presidential_dictatorship;Istados Unidos de Selbap˘nnicia;;;;;;;;;;;;;;;;;;;;;;;;;;;;;;;;;;;;;;;;
KRT_bourgeois_dictatorship;Compagnie Unide de Selbap˘nnicia;;;;;;;;;;;;;;;;;;;;;;;;;;;;;;;;;;;;;;;;
KRT_fascist_dictatorship;Istado Selbap˘nnicu;;;;;;;;;;;;;;;;;;;;;;;;;;;;;;;;;;;;;;;;
KRT_absolute_monarchy;Imperi˘ Selbap˘nnicu;;;;;;;;;;;;;;;;;;;;;;;;;;;;;;;;;;;;;;;;
KRT_prussian_constitutionalism;Imperi˘ Selbap˘nnicu;;;;;;;;;;;;;;;;;;;;;;;;;;;;;;;;;;;;;;;;
KRT_hms_government;Imperi˘ Selbap˘nnicu;;;;;;;;;;;;;;;;;;;;;;;;;;;;;;;;;;;;;;;;
KRT_democracy;Istados Unidos de Selbap˘nnicia;;;;;;;;;;;;;;;;;;;;;;;;;;;;;;;;;;;;;;;;
north_andean;Salian;;;;;;;;;;;;;;;;;;;;;;;;;;;;;;;;;;;;;;;;
south_andean;Urelian;;;;;;;;;;;;;;;;;;;;;;;;;;;;;;;;;;;;;;;;
VOP;Tawantinsuyu;;;;;;;;;;;;;;;;;;;;;;;;;;;;;;;;;;;;;;;;
VOP_ADJ;Inca;;;;;;;;;;;;;;;;;;;;;;;;;;;;;;;;;;;;;;;;
AMG;Uulyn Khaant Uls;;;;;;;;;;;;;;x;;;;;;;;;;;;;;;;;;;;;;;;;;
AMG_ADJ;Mongol;;;;;;;;;;;;;;x;;;;;;;;;;;;;;;;;;;;;;;;;;
BUL;Bolkania;;;;;;;;;;;;;;x;;;;;;;;;;;;;;;;;;;;;;;;;;
BUL_ADJ;Bolkanian;;;;;;;;;;;;;;x;;;;;;;;;;;;;;;;;;;;;;;;;;
BYE;Belkania;;;;;;;;;;;;;;x;;;;;;;;;;;;;;;;;;;;;;;;;;
BYE_ADJ;Belkanian;;;;;;;;;;;;;;x;;;;;;;;;;;;;;;;;;;;;;;;;;
RUS;Galich;;;;;;;;;;;;;;x;;;;;;;;;;;;;;;;;;;;;;;;;;
RUS_ADJ;Galichian;;;;;;;;;;;;;;x;;;;;;;;;;;;;;;;;;;;;;;;;;
RUS_absolute_monarchy;Galichian Princedom;;;;;;;;;;;;;x,;;;;;;;;;;;;;;;;;;;;;;;;;;;
RUS_prussian_constitutionalism;Galichian Princedom;;;;;;;;;;;;;x,;;;;;;;;;;;;;;;;;;;;;;;;;;;
RUS_hms_government;Galichian Princedom;;;;;;;;;;;;;x,;;;;;;;;;;;;;;;;;;;;;;;;;;;
AJP_prussian_constitutionalism;Galich;;;;;;;;;;;;;;x;;;;;;;;;;;;;;;;;;;;;;;;;;
AJP_hms_government;Shizuyakuni;Galich;;;;;;;;;;;;;;x;;;;;;;;;;;;;;;;;;;;;;;;;
AJP_ADJ;shizuya;shizuya;shizuya;;;;;;;;;;;x;;;;;;;;;;;;;;;;;;;;;;;;;;;
AJP;Shizuyakuni;Shizuyakuni;Shizuyakuni;;;;;;;;;;;x;;;;;;;;;;;;;;;;;;;;;;;;;;;
AJP_proletarian_dictatorship;Shizuyakuni;Shizuyakuni;Shizuyakuni;;;;;;;;;;;x;;;;;;;;;;;;;;;;;;;;;;;;;;;
AJP_presidential_dictatorship;Shizuyakuni;Shizuyakuni;Shizuyakuni;;;;;;;;;;;x;;;;;;;;;;;;;;;;;;;;;;;;;;;
AJP_bourgeois_dictatorship;Shizuyakuni;Shizuyakuni;Shizuyakuni;;;;;;;;;;;x;;;;;;;;;;;;;;;;;;;;;;;;;;;
AJP_fascist_dictatorship;Shizuyakuni;Shizuyakuni;Shizuyakuni;;;;;;;;;;;x;;;;;;;;;;;;;;;;;;;;;;;;;;;
AJP_absolute_monarchy;Shizuyakuni;Shizuyakuni;Shizuyakuni;;;;;;;;;;;x;;;;;;;;;;;;;;;;;;;;;;;;;;;
AJP_prussian_constitutionalism;Shizuyakuni;Shizuyakuni;Shizuyakuni;;;;;;;;;;;x;;;;;;;;;;;;;;;;;;;;;;;;;;;
AJP_hms_government;Shizuyakuni;Shizuyakuni;Shizuyakuni;;;;;;;;;;;x;;;;;;;;;;;;;;;;;;;;;;;;;;;
AJP_democracy;Shizuyakuni;Shizuyakuni;Shizuyakuni;;;;;;;;;;;x;;;;;;;;;;;;;;;;;;;;;;;;;;;
AJP_conservative_92;Conservatives;Conservatives;Conservatives;;;;;;;;;;;x;;;;;;;;;;;;;;;;;;;;;;;;;;;
AJP_liberal_79;Liberals;Liberals;Liberals;;;;;;;;;;;x;;;;;;;;;;;;;;;;;;;;;;;;;;;
AJP_liberal_87;National Liberals;National Liberals;National Liberals;;;;;;;;;;;x;;;;;;;;;;;;;;;;;;;;;;;;;;;
AJP_socialist_85;Socialists;Socialists;Socialists;;;;;;;;;;;x;;;;;;;;;;;;;;;;;;;;;;;;;;;
AJP_socialist_99;National Socialists;National Socialists;National Socialists;;;;;;;;;;;x;;;;;;;;;;;;;;;;;;;;;;;;;;;
AJP_reactionary_84;Monarchy Leadership;Monarchy Leadership;Monarchy Leadership;;;;;;;;;;;x;;;;;;;;;;;;;;;;;;;;;;;;;;;
AJP_anarcho_liberal_93;Radical Liberals;Radical Liberals;Radical Liberals;;;;;;;;;;;x;;;;;;;;;;;;;;;;;;;;;;;;;;;
AJP_communist_86;Communists;Communists;Communists;;;;;;;;;;;x;;;;;;;;;;;;;;;;;;;;;;;;;;;
AJP_fascist_72;Fascists;Fascists;Fascists;;;;;;;;;;;x;;;;;;;;;;;;;;;;;;;;;;;;;;;
ACH_ADJ;Dongfang;Dongfang;Dongfang;;;;;;;;;;;x;;;;;;;;;;;;;;;;;;;;;;;;;;;
ACH;Dongfang W·ngguÛ;Dongfang W·ngguÛ;Dongfang W·ngguÛ;;;;;;;;;;;x;;;;;;;;;;;;;;;;;;;;;;;;;;;
ACH_proletarian_dictatorship;Dongfang W·ngguÛ;Dongfang W·ngguÛ;Dongfang W·ngguÛ;;;;;;;;;;;x;;;;;;;;;;;;;;;;;;;;;;;;;;;
ACH_presidential_dictatorship;Dongfang W·ngguÛ;Dongfang W·ngguÛ;Dongfang W·ngguÛ;;;;;;;;;;;x;;;;;;;;;;;;;;;;;;;;;;;;;;;
ACH_bourgeois_dictatorship;Dongfang W·ngguÛ;Dongfang W·ngguÛ;Dongfang W·ngguÛ;;;;;;;;;;;x;;;;;;;;;;;;;;;;;;;;;;;;;;;
ACH_fascist_dictatorship;Dongfang W·ngguÛ;Dongfang W·ngguÛ;Dongfang W·ngguÛ;;;;;;;;;;;x;;;;;;;;;;;;;;;;;;;;;;;;;;;
ACH_absolute_monarchy;Dongfang W·ngguÛ;Dongfang W·ngguÛ;Dongfang W·ngguÛ;;;;;;;;;;;x;;;;;;;;;;;;;;;;;;;;;;;;;;;
ACH_prussian_constitutionalism;Dongfang W·ngguÛ;Dongfang W·ngguÛ;Dongfang W·ngguÛ;;;;;;;;;;;x;;;;;;;;;;;;;;;;;;;;;;;;;;;
ACH_hms_government;Dongfang W·ngguÛ;Dongfang W·ngguÛ;Dongfang W·ngguÛ;;;;;;;;;;;x;;;;;;;;;;;;;;;;;;;;;;;;;;;
ACH_democracy;Dongfang W·ngguÛ;Dongfang W·ngguÛ;Dongfang W·ngguÛ;;;;;;;;;;;x;;;;;;;;;;;;;;;;;;;;;;;;;;;
ACH_conservative_92;Conservatives;Conservatives;Conservatives;;;;;;;;;;;x;;;;;;;;;;;;;;;;;;;;;;;;;;;
ACH_liberal_79;Liberals;Liberals;Liberals;;;;;;;;;;;x;;;;;;;;;;;;;;;;;;;;;;;;;;;
ACH_liberal_87;National Liberals;National Liberals;National Liberals;;;;;;;;;;;x;;;;;;;;;;;;;;;;;;;;;;;;;;;
ACH_socialist_85;Socialists;Socialists;Socialists;;;;;;;;;;;x;;;;;;;;;;;;;;;;;;;;;;;;;;;
ACH_socialist_99;National Socialists;National Socialists;National Socialists;;;;;;;;;;;x;;;;;;;;;;;;;;;;;;;;;;;;;;;
ACH_reactionary_84;Monarchy Leadership;Monarchy Leadership;Monarchy Leadership;;;;;;;;;;;x;;;;;;;;;;;;;;;;;;;;;;;;;;;
ACH_anarcho_liberal_93;Radical Liberals;Radical Liberals;Radical Liberals;;;;;;;;;;;x;;;;;;;;;;;;;;;;;;;;;;;;;;;
ACH_communist_86;Communists;Communists;Communists;;;;;;;;;;;x;;;;;;;;;;;;;;;;;;;;;;;;;;;
ACH_fascist_72;Fascists;Fascists;Fascists;;;;;;;;;;;x;;;;;;;;;;;;;;;;;;;;;;;;;;;
AKR_ADJ;meolli;meolli;meolli;;;;;;;;;;;x;;;;;;;;;;;;;;;;;;;;;;;;;;;
AKR;Saeloun Jib;Saeloun Jib;Saeloun Jib;;;;;;;;;;;x;;;;;;;;;;;;;;;;;;;;;;;;;;;
AKR_proletarian_dictatorship;Saeloun Jib;Saeloun Jib;Saeloun Jib;;;;;;;;;;;x;;;;;;;;;;;;;;;;;;;;;;;;;;;
AKR_presidential_dictatorship;Saeloun Jib;Saeloun Jib;Saeloun Jib;;;;;;;;;;;x;;;;;;;;;;;;;;;;;;;;;;;;;;;
AKR_bourgeois_dictatorship;Saeloun Jib;Saeloun Jib;Saeloun Jib;;;;;;;;;;;x;;;;;;;;;;;;;;;;;;;;;;;;;;;
AKR_fascist_dictatorship;Saeloun Jib;Saeloun Jib;Saeloun Jib;;;;;;;;;;;x;;;;;;;;;;;;;;;;;;;;;;;;;;;
AKR_absolute_monarchy;Saeloun Jib;Saeloun Jib;Saeloun Jib;;;;;;;;;;;x;;;;;;;;;;;;;;;;;;;;;;;;;;;
AKR_prussian_constitutionalism;Saeloun Jib;Saeloun Jib;Saeloun Jib;;;;;;;;;;;x;;;;;;;;;;;;;;;;;;;;;;;;;;;
AKR_hms_government;Saeloun Jib;Saeloun Jib;Saeloun Jib;;;;;;;;;;;x;;;;;;;;;;;;;;;;;;;;;;;;;;;
AKR_democracy;Saeloun Jib;Saeloun Jib;Saeloun Jib;;;;;;;;;;;x;;;;;;;;;;;;;;;;;;;;;;;;;;;
AKR_conservative_92;Conservatives;Conservatives;Conservatives;;;;;;;;;;;x;;;;;;;;;;;;;;;;;;;;;;;;;;;
AKR_liberal_79;Liberals;Liberals;Liberals;;;;;;;;;;;x;;;;;;;;;;;;;;;;;;;;;;;;;;;
AKR_liberal_87;National Liberals;National Liberals;National Liberals;;;;;;;;;;;x;;;;;;;;;;;;;;;;;;;;;;;;;;;
AKR_socialist_85;Socialists;Socialists;Socialists;;;;;;;;;;;x;;;;;;;;;;;;;;;;;;;;;;;;;;;
AKR_socialist_99;National Socialists;National Socialists;National Socialists;;;;;;;;;;;x;;;;;;;;;;;;;;;;;;;;;;;;;;;
AKR_reactionary_84;Monarchy Leadership;Monarchy Leadership;Monarchy Leadership;;;;;;;;;;;x;;;;;;;;;;;;;;;;;;;;;;;;;;;
AKR_anarcho_liberal_93;Radical Liberals;Radical Liberals;Radical Liberals;;;;;;;;;;;x;;;;;;;;;;;;;;;;;;;;;;;;;;;
AKR_communist_86;Communists;Communists;Communists;;;;;;;;;;;x;;;;;;;;;;;;;;;;;;;;;;;;;;;
AKR_fascist_72;Fascists;Fascists;Fascists;;;;;;;;;;;x;;;;;;;;;;;;;;;;;;;;;;;;;;;
WRE_ADJ;Western Roman;Western Roman;Western Roman;;;;;;;;;;;x;;;;;;;;;;;;;;;;;;;;;;;;;;;
WRE;Western Rome;Western Rome;Western Rome;;;;;;;;;;;x;;;;;;;;;;;;;;;;;;;;;;;;;;;
WRE_proletarian_dictatorship;The People's Republic of the Western Mediterranean;The People's Republic of the Western Mediterranean;The People's Republic of the Western Mediterranean;;;;;;;;;;;x;;;;;;;;;;;;;;;;;;;;;;;;;;;
WRE_presidential_dictatorship;The West Roman Republic;The West Roman Republic;The West Roman Republic;;;;;;;;;;;x;;;;;;;;;;;;;;;;;;;;;;;;;;;
WRE_bourgeois_dictatorship;The West Roman Republic;The West Roman Republic;The West Roman Republic;;;;;;;;;;;x;;;;;;;;;;;;;;;;;;;;;;;;;;;
WRE_fascist_dictatorship;The Golden Eagle ;The Golden Eagle ;The Golden Eagle ;;;;;;;;;;;x;;;;;;;;;;;;;;;;;;;;;;;;;;;
WRE_absolute_monarchy;Western Rome;Western Rome;Western Rome;;;;;;;;;;;x;;;;;;;;;;;;;;;;;;;;;;;;;;;
WRE_prussian_constitutionalism;Western Rome;Western Rome;Western Rome;;;;;;;;;;;x;;;;;;;;;;;;;;;;;;;;;;;;;;;
WRE_hms_government;Latin Union;Western Rome;Western Rome;;;;;;;;;;;x;;;;;;;;;;;;;;;;;;;;;;;;;;;
WRE_democracy;The West Roman Republic;The West Roman Republic;The West Roman Republic;;;;;;;;;;;x;;;;;;;;;;;;;;;;;;;;;;;;;;;
WRE_theocracy;The Empire of God;;;;;;;;;;;;;;x;;;;;;;;;;;;;;;;;;;;;;;;;;
WRE_conservative_92;Conservatives;Conservatives;Conservatives;;;;;;;;;;;x;;;;;;;;;;;;;;;;;;;;;;;;;;;
WRE_liberal_79;Liberals;Liberals;Liberals;;;;;;;;;;;x;;;;;;;;;;;;;;;;;;;;;;;;;;;
WRE_liberal_87;National Liberals;National Liberals;National Liberals;;;;;;;;;;;x;;;;;;;;;;;;;;;;;;;;;;;;;;;
WRE_socialist_85;Socialists;Socialists;Socialists;;;;;;;;;;;x;;;;;;;;;;;;;;;;;;;;;;;;;;;
WRE_socialist_99;National Socialists;National Socialists;National Socialists;;;;;;;;;;;x;;;;;;;;;;;;;;;;;;;;;;;;;;;
WRE_reactionary_84;Monarchy Leadership;Monarchy Leadership;Monarchy Leadership;;;;;;;;;;;x;;;;;;;;;;;;;;;;;;;;;;;;;;;
WRE_anarcho_liberal_93;Radical Liberals;Radical Liberals;Radical Liberals;;;;;;;;;;;x;;;;;;;;;;;;;;;;;;;;;;;;;;;
WRE_communist_86;Communists;Communists;Communists;;;;;;;;;;;x;;;;;;;;;;;;;;;;;;;;;;;;;;;
WRE_fascist_72;Fascists;Fascists;Fascists;;;;;;;;;;;x;;;;;;;;;;;;;;;;;;;;;;;;;;;
visigothic;Godigo;;;;;;;;;;;;;;;;;;;;;;;;;;;;;;;;;;;;;;;;
suebi;Suevo;;;;;;;;;;;;;;;;;;;;;;;;;;;;;;;;;;;;;;;;
sogdian;Sogdian;;;;;;;;;;;;;;;;;;;;;;;;x;;;;;;;;;;;;;;;;
aryao;Aryao;;;;;;;;;;;;;;;;;;;;;;;;x;;;;;;;;;;;;;;;;
khwarazm_persian;Khwarazmi;;;;;;;;;;;;;;;;;;;;;;;;x ;;;;;;;;;;;;;;;;
chorasmian;Chorasmi;;;;;;;;;;;;;;;;;;;;;;;;x;;;;;;;;;;;;;;;;
parthian;Pahlawanig;;;;;;;;;;;;;;;;;;;;;;;;x;;;;;;;;;;;;;;;;
khotani;Hotani;;;;;;;;;;;;;;;;;;;;;;;;x;;;;;;;;;;;;;;;;
SHV;Alvuania;x;;;;;;;;;;;;;;;;;;;;;;;;;;;;;;;;;;;;;;;
SHV_ADJ;Alvuanian;x;;;;;;;;;;;;;;;;;;;;;;;;;;;;;;;;;;;;;;;
UCA;The Andronican Federation;x;;;;;;;;;;;;;;;;;;;;;;;;;;;;;;;;;;;;;;;
UCA_ADJ;Andronican;x;;;;;;;;;;;;;;;;;;;;;;;;;;;;;;;;;;;;;;;
UKR;Polissia;x;;;;;;;;;;;;;;;;;;;;;;;;;;;;;;;;;;;;;;;
UKR_ADJ;Polissian;x;;;;;;;;;;;;;;;;;;;;;;;;;;;;;;;;;;;;;;;
XIN;Khotan;;;;;;;;;;;;;;x;;;;;;;;;;;;;;;;;;;;;;;;;;
XIN_ADJ;Khotanese;;;;;;;;;;;;;;x;;;;;;;;;;;;;;;;;;;;;;;;;;
MVI;Mordovia;x;;;;;;;;;;;;;;;;;;;;;;;;;;;;;;;;;;;;;;;
MVI_ADJ;Mordvin;x;;;;;;;;;;;;;;;;;;;;;;;;;;;;;;;;;;;;;;;
MRL;Mari El;;;;;;;;;;;;;;x;;;;;;;;;;;;;;;;;;;;;;;;;;
MRL_ADJ;Mari;;;;;;;;;;;;;;x;;;;;;;;;;;;;;;;;;;;;;;;;;
POM;Sterm;;;;;;;;;;;;;;x;;;;;;;;;;;;;;;;;;;;;;;;;;
POM_ADJ;Stermian;;;;;;;;;;;;;;x;;;;;;;;;;;;;;;;;;;;;;;;;;
RYA;Ryazan;;;;;;;;;;;;;;x;;;;;;;;;;;;;;;;;;;;;;;;;;
RYA_absolute_monarchy;Ryazan Principality;;;;;;;;;;;;;;x;;;;;;;;;;;;;;;;;;;;;;;;;;
RYA_ADJ;Ryazanian;;;;;;;;;;;;;;x;;;;;;;;;;;;;;;;;;;;;;;;;;
KUR;Kursk;;;;;;;;;;;;;;x;;;;;;;;;;;;;;;;;;;;;;;;;;
KUR_absolute_monarchy;Kursk Principality;;;;;;;;;;;;;;x;;;;;;;;;;;;;;;;;;;;;;;;;;
KUR_ADJ;Kurskite;;;;;;;;;;;;;;x;;;;;;;;;;;;;;;;;;;;;;;;;;
RTH;Ruthenia;;;;;;;;;;;;;;x;;;;;;;;;;;;;;;;;;;;;;;;;;
RTH_absolute_monarchy;Grand Principality of Ruthenia;;;;;;;;;;;;x;;;;;;;;;;;;;;;;;;;;;;;;;;;;
RTH_hms_government;Grand Principality of Ruthenia;;;;;;;;;;;;x;;;;;;;;;;;;;;;;;;;;;;;;;;;;
RTH_prussian_constitutionalism;Grand Principality of Ruthenia;;;;;;;;;;;;x;;;;;;;;;;;;;;;;;;;;;;;;;;;;
RTH_ADJ;Ruthene;;;;;;;;;;;;;;x;;;;;;;;;;;;;;;;;;;;;;;;;;
DON;Voronezh;x;;;;;;;;;;;;;;;;;;;;;;;;;;;;;;;;;;;;;;;
DON_absolute_monarchy;Voronezh Host;x;;;;;;;;;;;;;;;;;;;;;;;;;;;;;;;;;;;;;;;
DON_hms_government;Voronezh Host;x;;;;;;;;;;;;;;;;;;;;;;;;;;;;;;;;;;;;;;;
DON_prussian_constitutionalism;Voronezh Host;x;;;;;;;;;;;;;;;;;;;;;;;;;;;;;;;;;;;;;;;
DON_ADJ;Voronezhite;x;;;;;;;;;;;;;;;;;;;;;;;;;;;;;;;;;;;;;;;
KDA;Koda;;;;;;;;;;;x;;;;;;;;;;;;;;;;;;;;;;;;;;;;;
KDA_ADJ;Kodan;;;;;;;;;;;x;;;;;;;;;;;;;;;;;;;;;;;;;;;;;
ORA;South Libyan Confederation;;;;;;;;;;;x;;;;;;;;;;;;;;;;;;;;;;;;;;;;;
ORA_absolute_monarchy;South Libyan Empire;x;;;;;;;;;;;;;;;;;;;;;;;;;;;;;;;;;;;;;;;
ORA_hms_government;South Libyan Confederation;x;;;;;;;;;;;;;;;;;;;;;;;;;;;;;;;;;;;;;;;
ORA_prussian_constitutionalism;South Libyan Confederation;x;;;;;;;;;;;;;;;;;;;;;;;;;;;;;;;;;;;;;;;
ORA_ADJ;South Libyan;;;;;;;;;;;x;;;;;;;;;;;;;;;;;;;;;;;;;;;;;
NAL;Desertˆrernaland;;;;;;;;;;;x;;;;;;;;;;;;;;;;;;;;;;;;;;;;;
NAL_absolute_monarchy;Desertˆrernaland;x;;;;;;;;;;;;;;;;;;;;;;;;;;;;;;;;;;;;;;;
NAL_hms_government;Desertˆrernaland;x;;;;;;;;;;;;;;;;;;;;;;;;;;;;;;;;;;;;;;;
NAL_prussian_constitutionalism;Desertˆrernaland;x;;;;;;;;;;;;;;;;;;;;;;;;;;;;;;;;;;;;;;;
NAL_ADJ;Desertˆrer;;;;;;;;;;;x;;;;;;;;;;;;;;;;;;;;;;;;;;;;;
BLG;Belgorye;;;;;;;;;;;x;;;;;;;;;;;;;;;;;;;;;;;;;;;;;
BLG_ADJ;Belgorye;;;;;;;;;;;x;;;;;;;;;;;;;;;;;;;;;;;;;;;;;
SGF;Allemanic Federation;;;;;;;;;;;x;;;;;;;;;;;;;;;;;;;;;;;;;;;;;
SGF_ADJ;Allemanic;;;;;;;;;;;x;;;;;;;;;;;;;;;;;;;;;;;;;;;;;
NEW;Moshva;;;;;;;;;;;x;;;;;;;;;;;;;;;;;;;;;;;;;;;;;
NEW_ADJ;Moshvish;;;;;;;;;;;x;;;;;;;;;;;;;;;;;;;;;;;;;;;;;
KDA_ADJ;Kodan;;;;;;;;;;;x;;;;;;;;;;;;;;;;;;;;;;;;;;;;;
KSK;Kachuskaya;;;;;;;;;;;x;;;;;;;;;;;;;;;;;;;;;;;;;;;;;
KSK_ADJ;Kurdish;;;;;;;;;;;x;;;;;;;;;;;;;;;;;;;;;;;;;;;;;
norse;Norse;Norrois;Nordisch;;NÛrdica;;;;;;;;;x;;;;;;;;;;;;;;;;;;;;;;;;;;;
ARY_ADJ;Aryan;Aryan;Aryan;;;;;;;;;;;x;;;;;;;;;;;;;;;;;;;;;;;;;;;
ARY;Eranshahr;Eranshahr;Eranshahr;;;;;;;;;;;x;;;;;;;;;;;;;;;;;;;;;;;;;;;
ARY_proletarian_dictatorship;Peoples's commonwealth of the Middle lands;Peoples's commonwealth of the Middle lands;Peoples's commonwealth of the Middle lands;;;;;;;;;;;x;;;;;;;;;;;;;;;;;;;;;;;;;;;
ARY_presidential_dictatorship;Iranic Republic;Iranic Republic;Iranic Republic;;;;;;;;;;;x;;;;;;;;;;;;;;;;;;;;;;;;;;;
ARY_bourgeois_dictatorship;Iranic Republic;Iranic Republic;Iranic Republic;;;;;;;;;;;x;;;;;;;;;;;;;;;;;;;;;;;;;;;
ARY_fascist_dictatorship;Eranshahr;Eranshahr;Eranshahr;;;;;;;;;;;x;;;;;;;;;;;;;;;;;;;;;;;;;;;
ARY_absolute_monarchy;Eranshahr;Eranshahr;Eranshahr;;;;;;;;;;;x;;;;;;;;;;;;;;;;;;;;;;;;;;;
ARY_prussian_constitutionalism;Eranshahr;Eranshahr;Eranshahr;;;;;;;;;;;x;;;;;;;;;;;;;;;;;;;;;;;;;;;
ARY_hms_government;Eranshahr;Eranshahr;Eranshahr;;;;;;;;;;;x;;;;;;;;;;;;;;;;;;;;;;;;;;;
ARY_democracy;Iranic Republic;Iranic Republic;Iranic Republic;;;;;;;;;;;x;;;;;;;;;;;;;;;;;;;;;;;;;;;
ARY_conservative_92;Conservatives;Conservatives;Conservatives;;;;;;;;;;;x;;;;;;;;;;;;;;;;;;;;;;;;;;;
ARY_liberal_79;Liberals;Liberals;Liberals;;;;;;;;;;;x;;;;;;;;;;;;;;;;;;;;;;;;;;;
ARY_liberal_87;National Liberals;National Liberals;National Liberals;;;;;;;;;;;x;;;;;;;;;;;;;;;;;;;;;;;;;;;
ARY_socialist_85;Socialists;Socialists;Socialists;;;;;;;;;;;x;;;;;;;;;;;;;;;;;;;;;;;;;;;
ARY_socialist_99;National Socialists;National Socialists;National Socialists;;;;;;;;;;;x;;;;;;;;;;;;;;;;;;;;;;;;;;;
ARY_reactionary_84;Monarchy Leadership;Monarchy Leadership;Monarchy Leadership;;;;;;;;;;;x;;;;;;;;;;;;;;;;;;;;;;;;;;;
ARY_anarcho_liberal_93;Radical Liberals;Radical Liberals;Radical Liberals;;;;;;;;;;;x;;;;;;;;;;;;;;;;;;;;;;;;;;;
ARY_communist_86;Communists;Communists;Communists;;;;;;;;;;;x;;;;;;;;;;;;;;;;;;;;;;;;;;;
ARY_fascist_72;Fascists;Fascists;Fascists;;;;;;;;;;;x;;;;;;;;;;;;;;;;;;;;;;;;;;;
;;;;;;;;;;;;;;;;;;;;;;;;;;;;;;;;;;;;;;;;;
EGY;Khemiya;;;;;;;;;;;;;;;;;;;;;;;;;;;;;;;;;;;;;;;;
EGY_ADJ;Khemi;;;;;;;;;;;;;;;;;;;;;;;;;;;;;;;;;;;;;;;;
EGY_colonial_company;Khemiya;;;;;;;;;;;;;;;;;;;;;;;;;;;;;;;;;;;;;;;;
EGY_dominion;Dominion of Egypt;;;;;;;;;;;;;;;;;;;;;;;;;;;;;;;;;;;;;;;;
EGY_proletarian_dictatorship;People's Republic of Khemiya;;;;;;;;;;;;;;;;;;;;;;;;;;;;;;;;;;;;;;;;
EGY_presidential_dictatorship;State of Khemiya;;;;;;;;;;;;;;;;;;;;;;;;;;;;;;;;;;;;;;;;
EGY_bourgeois_dictatorship;State of Khemiya;;;;;;;;;;;;;;;;;;;;;;;;;;;;;;;;;;;;;;;;
EGY_fascist_dictatorship;State of Khemiya;;;;;;;;;;;;;;;;;;;;;;;;;;;;;;;;;;;;;;;;
EGY_absolute_monarchy;Kingdom of Khemiya;;;;;;;;;;;;;;;;;;;;;;;;;;;;;;;;;;;;;;;;
EGY_prussian_constitutionalism;Kingdom of Khemiya;;;;;;;;;;;;;;;;;;;;;;;;;;;;;;;;;;;;;;;;
EGY_hms_government;Kingdom of Khemiya;;;;;;;;;;;;;;;;;;;;;;;;;;;;;;;;;;;;;;;;
EGY_democracy;Republic of Khemiya;;;;;;;;;;;;;;;;;;;;;;;;;;;;;;;;;;;;;;;;
;;;;;;;;;;;;;;;;;;;;;;;;;;;;;;;;;;;;;;;;;
Dongfang;Dongfang;;;;;;;;;;;;;;;;;;;;;;;;;;;;;;;;;;;;;;;;
shizuya;Shizuya;;;;;;;;;;;;;;;;;;;;;;;;;;;;;;;;;;;;;;;;
meolli;Meolli;;;;;;;;;;;;;;;;;;;;;;;;;;;;;;;;;;;;;;;;
;;;;;;;;;;;;;;;;;;;;;;;;;;;;;;;;;;;;;;;;;
RME_ADJ;Roman;;;;;;;;;;;;;;;;;;;;;;;;;;;;;;;;;;;;;;;;
RME;Roman Empire;;;;;;;;;;;;;;;;;;;;;;;;;;;;;;;;;;;;;;;;
RME_proletarian_dictatorship;Unio Rerum Publicarum Sovieticarum Socialisticarum;;;;;;;;;;;;;;;;;;;;;;;;;;;;;;;;;;;;;;;;
RME_presidential_dictatorship;Res publica Romana;;;;;;;;;;;;;;;;;;;;;;;;;;;;;;;;;;;;;;;;
RME_bourgeois_dictatorship;Roman INC.;;;;;;;;;;;;;;;;;;;;;;;;;;;;;;;;;;;;;;;;
RME_fascist_dictatorship;Roman State;;;;;;;;;;;;;;;;;;;;;;;;;;;;;;;;;;;;;;;;
RME_absolute_monarchy;Imperium Romanum;;;;;;;;;;;;;;;;;;;;;;;;;;;;;;;;;;;;;;;;
RME_prussian_constitutionalism;Imperium Romanum;;;;;;;;;;;;;;;;;;;;;;;;;;;;;;;;;;;;;;;;
RME_hms_government;Imperium Romanum;;;;;;;;;;;;;;;;;;;;;;;;;;;;;;;;;;;;;;;;
RME_democracy;Res publica Romana;;;;;;;;;;;;;;;;;;;;;;;;;;;;;;;;;;;;;;;;
RME_conservative_92;Optimates;;;;;;;;;;;;;;;;;;;;;;;;;;;;;;;;;;;;;;;;
RME_liberal_79;Liberalis;;;;;;;;;;;;;;;;;;;;;;;;;;;;;;;;;;;;;;;;
RME_liberal_87;Liberalis;;;;;;;;;;;;;;;;;;;;;;;;;;;;;;;;;;;;;;;;
RME_socialist_85;Populares;;;;;;;;;;;;;;;;;;;;;;;;;;;;;;;;;;;;;;;;
RME_socialist_99;Populares;;;;;;;;;;;;;;;;;;;;;;;;;;;;;;;;;;;;;;;;
RME_reactionary_84;Servus servorum Domini;;;;;;;;;;;;;;;;;;;;;;;;;;;;;;;;;;;;;;;;
RME_anarcho_liberal_93;Radical Liberals;;;;;;;;;;;;;;;;;;;;;;;;;;;;;;;;;;;;;;;;
RME_communist_86;Communisti;;;;;;;;;;;;;;;;;;;;;;;;;;;;;;;;;;;;;;;;
RME_fascist_72;Fascisti;;;;;;;;;;;;;;;;;;;;;;;;;;;;;;;;;;;;;;;;
;;;;;;;;;;;;;;;;;;;;;;;;;;;;;;;;;;;;;;;;;
new_punic;Andrunikit;;;;;;;;;;;;;;;;;;;;;;;;;;;;;;;;;;;;;;;;
;;;;;;;;;;;;;;;;;;;;;;;;;;;;;;;;;;;;;;;;;
RGS_colonial_company_ADJ;Cisplatignan;;;;;;;;;;;;;;;;;;;;;;;;;;;;;;;;;;;;;;;;
RGS_dominion_ADJ;Cisplatigna;;;;;;;;;;;;;;;;;;;;;;;;;;;;;;;;;;;;;;;;
RGS;Cisplatignia;;;;;;;;;;;;;;;;;;;;;;;;;;;;;;;;;;;;;;;;
RGS_ADJ;Cisplatinian;;;;;;;;;;;;;;;;;;;;;;;;;;;;;;;;;;;;;;;;
RGS_colonial_company;Cisplatigna;;;;;;;;;;;;;;;;;;;;;;;;;;;;;;;;;;;;;;;;
RGS_dominion;Catepannatu da Cisplatigna;;;;;;;;;;;;;;;;;;;;;;;;;;;;;;;;;;;;;;;;
RGS_proletarian_dictatorship;Cisplatigna;;;;;;;;;;;;;;;;;;;;;;;;;;;;;;;;;;;;;;;;
RGS_presidential_dictatorship;Cisplatigna;;;;;;;;;;;;;;;;;;;;;;;;;;;;;;;;;;;;;;;;
RGS_bourgeois_dictatorship;Cisplatigna;;;;;;;;;;;;;;;;;;;;;;;;;;;;;;;;;;;;;;;;
RGS_fascist_dictatorship;Cisplatigna;;;;;;;;;;;;;;;;;;;;;;;;;;;;;;;;;;;;;;;;
RGS_absolute_monarchy;Cisplatigna;;;;;;;;;;;;;;;;;;;;;;;;;;;;;;;;;;;;;;;;
RGS_prussian_constitutionalism;Cisplatigna;;;;;;;;;;;;;;;;;;;;;;;;;;;;;;;;;;;;;;;;
RGS_hms_government;Cisplatigna;;;;;;;;;;;;;;;;;;;;;;;;;;;;;;;;;;;;;;;;
RGS_democracy;Cisplatigna;;;;;;;;;;;;;;;;;;;;;;;;;;;;;;;;;;;;;;;;
PEU;Urelia;;;;;;;;;;;;;x;;;;;;;;;;;;;;;;;;;;;;;;;;;;;;;;;;;;;;;;;;;;;;,,,,,,,,,,,,,,,,,,,,,,
PEU_ADJ;Urelian;;;;;;;;;;;;;x;;;;;;;;;;;;;;;;;;;;;;;;;;;;;;;;;;;;;;;;;;;;;;,,,,,,,,,,,,,,,,,,,,,,
PEU_dominion;Prefett˘ra da Uregna;;;;;;;;;;;;;;;;;;;;;;;;;;;;;;;;;;;;;;;;
SPU;Att‡ccama;;;;;;;;;;;;;x;;;;;;;;;;;;;;;;;;;;;;;;;;;;;;;;;;;;;;;;;;;;;;,,,,,,,,,,,,,,,,,,,,,,
SPU_ADJ;Atacaman;;;;;;;;;;;;;x;;;;;;;;;;;;;;;;;;;;;;;;;;;;;;;;;;;;;;;;;;;;;;,,,,,,,,,,,,,,,,,,,,,,
SPU_dominion;Prefett˘ra da Att‡ccama;;;;;;;;;;;;;;;;;;;;;;;;;;;;;;;;;;;;;;;;
BOL;Guaragna;;;;;;;;;;;;;x;;;;;;;;;;;;;;;;;;;;;;;;;;;;;;;;;;;;;;;;;;;;;;,,,,,,,,,,,,,,,,,,,,,,
BOL_ADJ;Guaragnian;;;;;;;;;;;;;x;;;;;;;;;;;;;;;;;;;;;;;;;;;;;;;;;;;;;;;;;;;;;;,,,,,,,,,,,,,,,,,,,,,,
BOL_dominion;Prefett˘ra da Guaragna;;;;;;;;;;;;;;;;;;;;;;;;;;;;;;;;;;;;;;;;
ROM_ADJ;Latinokratian;Latinokratian;Latinokratian;;;;;;;;;;;x;;;;;;;;;;;;;;;;;;;;;;;;;;;
ROM;Latin Empire;Latin Empire;Latin Empire;;;;;;;;;;;x;;;;;;;;;;;;;;;;;;;;;;;;;;;
ROM_proletarian_dictatorship;People's Republic of Constantinople;People's Republic of Constantinople;The People's Republic of Constantinople;;;;;;;;;;;x;;;;;;;;;;;;;;;;;;;;;;;;;;;
ROM_presidential_dictatorship;Despotate of Constantinople;Despotate of Constantinople;Despotate of Constantinople;;;;;;;;;;;x;;;;;;;;;;;;;;;;;;;;;;;;;;;
ROM_bourgeois_dictatorship;Latinokratian Confederation;Latinokratian Confederation;Latinokratian Confederation;;;;;;;;;;;x;;;;;;;;;;;;;;;;;;;;;;;;;;;
ROM_fascist_dictatorship;Eternal Makedon ;Eternal Makedon ;Eternal Makedon ;;;;;;;;;;;x;;;;;;;;;;;;;;;;;;;;;;;;;;;
ROM_absolute_monarchy;Latin Empire;Latin Empire;Latin Empire;;;;;;;;;;;x;;;;;;;;;;;;;;;;;;;;;;;;;;;
ROM_prussian_constitutionalism;Latin Empire;Latin Empire;Latin Empire;;;;;;;;;;;x;;;;;;;;;;;;;;;;;;;;;;;;;;;
ROM_hms_government;Latin Empire;Latin Empire;Latin Empire;;;;;;;;;;;x;;;;;;;;;;;;;;;;;;;;;;;;;;;
ROM_democracy;Christian Republic of Constantinople;Christian Republic of Constantinople;Christian Republic of Constantinople;;;;;;;;;;;x;;;;;;;;;;;;;;;;;;;;;;;;;;;
ROM_dominion;Regency of Constantinople;;;;;;;;;;;x;;;;;;;;;;;;;;;;;;;;;;;;;;;
GER;Germany;;;;;;;;;;;;;;x;;;;;;;;;;;;;;;;;;;;;;;;;;
GER_absolute_monarchy;Kingdom of Germany;;;;;;;;;;;;;;x;;;;;;;;;;;;;;;;;;;;;;;;;;
GER_prussian_constitutionalism;Kingdom of Germany;;;;;;;;;;;;;;x;;;;;;;;;;;;;;;;;;;;;;;;;;
GER_lotharingian_duchy;East Frankia;;;;;;;;;;;;;;x;;;;;;;;;;;;;;;;;;;;;;;;;;
GER_hms_government;Kingdom of Germany;;;;;;;;;;;;;;x;;;;;;;;;;;;;;;;;;;;;;;;;;
GER_fascist_dictatorship;German Reich;;;;;;;;;;;;;;x;;;;;;;;;;;;;;;;;;;;;;;;;;
GER_proletarian_dictatorship;Commune of Germany;;;;;;;;;;;;;;x;;;;;;;;;;;;;;;;;;;;;;;;;;
GER_democracy;German Republic;;;;;;;;;;;;;;x;;;;;;;;;;;;;;;;;;;;;;;;;;
GER_democracy;German Republic;;;;;;;;;;;;;;x;;;;;;;;;;;;;;;;;;;;;;;;;;
CCC_ADJ;Celtic;Celtic;Celtic;;;;;;;;;;;x;
CCC;The Celtic Colonial Company;The Celtic Colonial Company;The Celtic Colonial Company;;;;;;;;;;;x;
CCC_proletarian_dictatorship;The Gaelic Lybian Commonwealth;The Gaelic Lybian Commonwealth;The Gaelic Lybian Commonwealth;;;;;;;;;;;x;
CCC_presidential_dictatorship;The Celtic Colonial Company;The Celtic Colonial Company;The Celtic Colonial Company;;;;;;;;;;;x;
CCC_bourgeois_dictatorship;The Celtic Colonial Company;The Celtic Colonial Company;The Celtic Colonial Company;;;;;;;;;;;x;
CCC_fascist_dictatorship;The Celtic Colonial Company;The Celtic Colonial Company;The Celtic Colonial Company;;;;;;;;;;;x;
CCC_absolute_monarchy;The Celtic Colonial Company;The Celtic Colonial Company;The Celtic Colonial Company;;;;;;;;;;;x;
CCC_prussian_constitutionalism;The Celtic Colonial Company;The Celtic Colonial Company;The Celtic Colonial Company;;;;;;;;;;;x;
CCC_hms_government;The Celtic Colonial Company;The Celtic Colonial Company;The Celtic Colonial Company;;;;;;;;;;;x;
CCC_democracy;The Celtic Libyan Republic;The Celtic Libyan Republic;The Celtic Libyan Republic;;;;;;;;;;;x;
CCC_conservative_92;Conservatives;Conservatives;Conservatives;;;;;;;;;;;x;
CCC_liberal_79;Liberals;Liberals;Liberals;;;;;;;;;;;x;
CCC_liberal_87;National Liberals;National Liberals;National Liberals;;;;;;;;;;;x;
CCC_socialist_85;Socialists;Socialists;Socialists;;;;;;;;;;;x;
CCC_socialist_99;National Socialists;National Socialists;National Socialists;;;;;;;;;;;x;
CCC_reactionary_84;Monarchy Leadership;Monarchy Leadership;Monarchy Leadership;;;;;;;;;;;x;
CCC_anarcho_liberal_93;Radical Liberals;Radical Liberals;Radical Liberals;;;;;;;;;;;x;
CCC_communist_86;Communists;Communists;Communists;;;;;;;;;;;x;
CCC_fascist_72;Fascists;Fascists;Fascists;;;;;;;;;;;x;
GRE;Great Hellas;;;;;;;;;;;;;;x;;;;;;;;;;;;;;;;;;;;;;;;;;
GRE;Great Hellas;;;;;;;;;;;;;;x;;;;;;;;;;;;;;;;;;;;;;;;;;
GRE_absolute_monarchy;Makedonian Diadochate;;;;;;;;;;;;;;x;;;;;;;;;;;;;;;;;;;;;;;;;;
GRE_prussian_constitutionalism;Makedonian Diadochate;;;;;;;;;;;;;;x;;;;;;;;;;;;;;;;;;;;;;;;;;
GRE_hms_government;Makedonian Empire;;;;;;;;;;;;;;x;;;;;;;;;;;;;;;;;;;;;;;;;;
GRE_fascist_dictatorship;Tsakonian Republic;;;;;;;;;;;;;;x;;;;;;;;;;;;;;;;;;;;;;;;;;
GRE_proletarian_dictatorship;United Diadochi of Greater Hellas;;;;;;;;;;;;;;x;;;;;;;;;;;;;;;;;;;;;;;;;;
GRE_democracy;Revolutionary Hellenic Republic;;;;;;;;;;;;;;x;;;;;;;;;;;;;;;;;;;;;;;;;;
GRE_presidential_dictatorship;Hellenic Council Republic;;;;;;;;;;;;;;x;;;;;;;;;;;;;;;;;;;;;;;;;;
GRE_bourgeois_dictatorship;Revolutionary Council Republic of Makedonia;;;;;;;;;;;;;;x;;;;;;;;;;;;;;;;;;;;;;;;;;
MGL;Great Mongolia;;;;;;;;;;;;;;x;;;;;;;;;;;;;;;;;;;;;;;;;;
MGL_absolute_monarchy;Great Yuan;;;;;;;;;;;;;;x;;;;;;;;;;;;;;;;;;;;;;;;;;
MGL_prussian_constitutionalism;Great Yuan;;;;;;;;;;;;;;x;;;;;;;;;;;;;;;;;;;;;;;;;;
MGL_hms_government;Yuan Empire;;;;;;;;;;;;;;x;;;;;;;;;;;;;;;;;;;;;;;;;;
MGL_fascist_dictatorship;Temujin Heavenly Kingdom;;;;;;;;;;;;;;x;;;;;;;;;;;;;;;;;;;;;;;;;;
MGL_proletarian_dictatorship;Eight Banners Republic;;;;;;;;;;;;;;x;;;;;;;;;;;;;;;;;;;;;;;;;;
MGL_democracy;Altaic-Chinese Republics;;;;;;;;;;;;;;x;;;;;;;;;;;;;;;;;;;;;;;;;;
MGL_presidential_dictatorship;Protectorate of China;;;;;;;;;;;;;;x;;;;;;;;;;;;;;;;;;;;;;;;;;
MGL_bourgeois_dictatorship;CEO of Mongolians;;;;;;;;;;;;;;x;;;;;;;;;;;;;;;;;;;;;;;;;;
IMG;Altan Khanate;;;;;;;;;;;;;;x;;;;;;;;;;;;;;;;;;;;;;;;;;
IMG_absolute_monarchy;Altan Khanate;;;;;;;;;;;;;;x;;;;;;;;;;;;;;;;;;;;;;;;;;
IMG_prussian_constitutionalism;Altan Khanate;;;;;;;;;;;;;;x;;;;;;;;;;;;;;;;;;;;;;;;;;
IMG_hms_government;Altan Empire;;;;;;;;;;;;;;x;;;;;;;;;;;;;;;;;;;;;;;;;;
IMG_fascist_dictatorship;Altaic Steppe Clans;;;;;;;;;;;;;;x;;;;;;;;;;;;;;;;;;;;;;;;;;
IMG_proletarian_dictatorship;The Last Clan;;;;;;;;;;;;;;x;;;;;;;;;;;;;;;;;;;;;;;;;;
IMG_democracy;Altaic Confederation;;;;;;;;;;;;;;x;;;;;;;;;;;;;;;;;;;;;;;;;;
IMG_presidential_dictatorship;Altaic Confederation;;;;;;;;;;;;;;x;;;;;;;;;;;;;;;;;;;;;;;;;;
IMG_boureois_dictatorship;CEO of Mongolia;;;;;;;;;;;;;;x;;;;;;;;;;;;;;;;;;;;;;;;;;
KYR;Great Chagatai;;;;;;;;;;;;;;x;;;;;;;;;;;;;;;;;;;;;;;;;;
ULA;Neiw Betuwe;;;;;;;;;;;;;x;;
ULA_colonial_company;Neiw Betuwe;;;;;;;;;;;;;x;;
ULA_dominion;Neiw Betuwe;;;;;;;;;;;;;x;;
ULA_absolute_monarchy;K¸nicrike vo Neiw Betuwe;;;;;;;;;;;;;x;;
ULA_prussian_constitutionalism;K¸nicrike vo Neiw Betuwe;;;;;;;;;;;;;x;;
ULA_hms_government;K¸nicrike vo Neiw Betuwe;;;;;;;;;;;;;x;;
ULA_democracy;Riyepublic vo Neiw Betuwe;;;;;;;;;;;;;x;;
ULA_proletarian_dictatorship;Komeene vo Neiw Betuwe;;;;;;;;;;;;x;;
ULA_presidential_dictatorship;Riyepublic vo Neiw Betuwe;;;;;;;;;;;;;x;;
ULA_bourgeois_dictatorship;Riyepublic vo Neiw Betuwe;;;;;;;;;;;;;;x,
ULA_fascist_dictatorship;Riyepublic vo Neiw Betuwe;;;;;;;;;;;;;;x,
ULA_ADJ;Batavisc;;;;;;;;;;;;;x;;
ACA;Nye Aengland;;;;;;;;;;;;;x;;
ACA_ADJ;Nye Aenglisc;;;;;;;;;;;;;x;;
FCA;Canada;;;;;;;;;;;;;x;;
FCA_colonial_company;Dominion du Canada;;;;;;;;;;;;;x;;
FCA_dominion;Dominion du Canada;;;;;;;;;;;;;x;;
FCA_absolute_monarchy;Dominion du Canada;;;;;;;;;;;;;x;;
FCA_prussian_constitutionalism;Dominion du Canada;;;;;;;;;;;;;x;;
FCA_hms_government;Dominion du Canada;;;;;;;;;;;;;x;;
FCA_democracy;Republique du Canada;;;;;;;;;;;;;x;;
FCA_proletarian_dictatorship;Republique socialiste du Canada;;;;;;;;;;;;x;;
FCA_presidential_dictatorship;Republique du Canada;;;;;;;;;;;;;x;;
FCA_bourgeois_dictatorship;Republique du Canada;;;;;;;;;;;;;;x,
FCA_fascist_dictatorship;Republique du Canada;;;;;;;;;;;;;;x,
FCA_ADJ;Canadien;;;;;;;;;;;;;x;;
OCC;Occitania;Occitanie;Occitania;;Occitania;;;;;;;;;x
OCC_ADJ;Occitan;Occitain;Occitanisch;;Occitano;;;;;;;;;x
OCC_reactionary;Partit Reiau-Alo;Partit Reiau-Alo;Partit Reiau-Alo;;Partit Reiau-Alo;;;;;;;;;;;x
OCC_liberal;Partit de lo Nacioun √ìucitano;Partit de lo Nacioun √ìucitano;Partit de lo Nacioun √ìucitano;;;;;;;;;;;x
OCC_conservative;Partit Counservadouro;Partit Counservadouro;Partit Counservadouro;;Partit Counservadouro;;;;;;;;;;;x
OCC_socialist;Partit Soucialisto;Partit Soucialisto;Partit Soucialisto;;Partit Soucialisto;;;;;;;;;;;x
OCC_anarcho_liberal;Partit Anarquisto;Partit Anarquisto;Partit Anarquisto;;Partit Anarquisto;;;;;;;;;;;x
OCC_communist;Partit Comunisto;Partit Comunisto;Partit Comunisto;;Partit Comunisto;;;;;;;;;;;x
OCC_fascist;Partit Faissisto;Partit Faissisto;Partit Faissisto;;Partit Faissisto;;;;;;;;;;;x
ION_1;Ionian islands;;;;;;;;;;;;x;
ORA_liberal;Liberale Party;;;;;;;;;;;;;X,,,,,,,,,,,,,,
ORA_conservative;Voortrekker Party;;;;;;;;;;;;;X,,,,,,,,,,,,,,
ORA_conservative_2;Boeren Party;;;;;;;;;;;;;X,,,,,,,,,,,,,,
ORA_conservative_3;Orangia Unie;;;;;;;;;;;;;X,,,,,,,,,,,,,,
ORA_socialist;Volksparty;;;;;;;;;;;;;X,,,,,,,,,,,,,,
ORA_reactionary;Nasionale Party;;;;;;;;;;;;;X,,,,,,,,,,,,,,
ORA_anarcho_liberal;Die Radicals;;;;;;;;;;;;;X,,,,,,,,,,,,,,
ORA_communist;Kommunistiese Party van Oranje;;;;;;;;;;;;;X,,,,,,,,,,,,,,
ORA_fascist;Boerstaat Party;;;;;;;;;;;;;X,,,,,,,,,,,,,,
TRN_liberal;Demokratiese Alliansie;;;;;;;;;;;;;X,,,,,,,,,,,,,,
TRN_conservative;Voortrekker Party;;;;;;;;;;;;;X,,,,,,,,,,,,,,
TRN_conservative_2;Boeren Party;;;;;;;;;;;;;X,,,,,,,,,,,,,,
TRN_conservative_3;Het Volk;;;;;;;;;;;;;X,,,,,,,,,,,,,,
TRN_socialist;Sosialistiese Party van die ZAR;;;;;;;;;;;;;X,,,,,,,,,,,,,,
TRN_reactionary;Nasionale Party;;;;;;;;;;;;;X,,,,,,,,,,,,,,
TRN_anarcho_liberal;Die Radicals;;;;;;;;;;;;;X,,,,,,,,,,,,,,
TRN_communist;Volksparty se Demokratiese Party;;;;;;;;;;;;;X,,,,,,,,,,,,,,
TRN_fascist;Nasionale Broederskap van die ZAR;;;;;;;;;;;;;X,,,,,,,,,,,,,,
NAL_liberal;Liberale Party;;;;;;;;;;;;;X,,,,,,,,,,,,,,
NAL_conservative;Voortrekker Party;;;;;;;;;;;;;X,,,,,,,,,,,,,,
NAL_conservative_2;Boeren Party;;;;;;;;;;;;;X,,,,,,,,,,,,,,
NAL_socialist;Natalia Sosialistiese Party;;;;;;;;;;;;;X,,,,,,,,,,,,,,
NAL_reactionary;Nasionale Party;;;;;;;;;;;;;X,,,,,,,,,,,,,,
NAL_anarcho_liberal;Die Radicals;;;;;;;;;;;;;X,,,,,,,,,,,,,,
NAL_communist;Werkersparty van Natalia;;;;;;;;;;;;;X,,,,,,,,,,,,,,
NAL_fascist;Natalse Patriotiese Liga;;;;;;;;;;;;;X,,,,,,,,,,,,,,
VLK;Pauperia;;;;;;;;;;;;;X,,,,,,,,,,,,,,
VLK_ADJ;Pauper;;;;;;;;;;;;;X,,,,,,,,,,,,,,
VLK_absolute_monarchy;Pauperian Kingdom;;;;;;;;;;;;;X,,,,,,,,,,,,,,
VLK_prussian_constitutionalism;Pauper Kingdom;;;;;;;;;;;;;X,,,,,,,,,,,,,,
VLK_hms_government;Pauper Kingdom;;;;;;;;;;;;;X,,,,,,,,,,,,,,
VLK_proletarian_dictatorship;Socialist Pauper Republic;;;;;;;;;;;;;X,,,,,,,,,,,,,,
VLK_fascist;Vryheidsfront;;;;;;;;;;;;;X,,,,,,,,,,,,,,
VLK_fascist_2;Die Broederbond;;;;;;;;;;;;;X,,,,,,,,,,,,,,
VLK_liberal;Lybien Party;;;;;;;;;;;;;X,,,,,,,,,,,,,,
VLK_reactionary;Uitsluiting;;;;;;;;;;;;;X,,,,,,,,,,,,,,
VLK_conservative;Voortrekker Party;;;;;;;;;;;;;X,,,,,,,,,,,,,,
VLK_anarcho_liberal;Vryehandel;;;;;;;;;;;;;X,,,,,,,,,,,,,,
VLK_communist;Volks Sosialistiese Party;;;;;;;;;;;;;X,,,,,,,,,,,,,,
VLK_communist_2;Yamanyama Kungaka Lybia;;;;;;;;;;;;;X,,,,,,,,,,,,,,
VLK_socialist;Vakbonde Kongres;;;;;;;;;;;;;X,,,,,,,,,,,,,,
VLK_liberal_2;Yamanyama Lybia;;;;;;;;;;;;;X,,,,,,,,,,,,,,
VLK_conservative_2;Ons Eie Arbeid;;;;;;;;;;;;;X,,,,,,,,,,,,,,
ZOU;Nye Lotharingia;;;;;;;;;;;;;X,,,,,,,,,,,,,,
ZOU_ADJ;Trekker;;;;;;;;;;;;;X,,,,,,,,,,,,,,
ZOU_conservative;Potgieter's Faction;;;;;;;;;;;;;X,,,,,,,,,,,,,,
ZOU_liberal;Maritz's Faction;;;;;;;;;;;;;X,,,,,,,,,,,,,,
ZOU_reactionary;Retief's Faction;;;;;;;;;;;;;X,,,,,,,,,,,,,,
ZOU_socialist;Sosiaal-Demokratiese Party van die Boere;;;;;;;;;;;;;X,,,,,,,,,,,,,,
ZOU_anarcho_liberal;Vryboere van Zoutpansberg;;;;;;;;;;;;;X,,,,,,,,,,,,,, 
SAF_fascist;Volkasie van Suid-Afrika;;;;;;;;;;;;;X,,,,,,,,,,,,,,
SAF_liberal;Afrikaner Bond;;;;;;;;;;;;;X,,,,,,,,,,,,,,
SAF_conservative;Progressiewes;;;;;;;;;;;;;X,,,,,,,,,,,,,,
SAF_socialist;Arbeid Party;;;;;;;;;;;;;X,,,,,,,,,,,,,,
SAF_conservative_2;Vakbondpartytjie;;;;;;;;;;;;;X,,,,,,,,,,,,,,
SAF_liberal_2;Suid-Afrikaanse Party;;;;;;;;;;;;;X,,,,,,,,,,,,,,
SAF_conservative_3;Nasionale Party;;;;;;;;;;;;;X,,,,,,,,,,,,,,
SAF_reactionary;Boerestaat Party;;;;;;;;;;;;;X,,,,,,,,,,,,,,
SAF_anarcho_liberal;Radikale Party;;;;;;;;;;;;;X,,,,,,,,,,,,,,
SAF_communist;Suid-Afrikaanse Kommunistiese Party;;;;;;;;;;;;;X,,,,,,,,,,,,,,
SAF_fascist;Die Vaderlandfront;;;;;;;;;;;;;X,,,,,,,,,,,,,,
YEM_colonial_company;The Aden Protectorate;;;;;;;;;;;;;x,;;;;;;;;;;;;;;;;;;;;;;;;;;
YEM_dominion;The Aden Protectorate;;;;;;;;;;;;;x,;;;;;;;;;;;;;;;;;;;;;;;;;;
GEN_ADJ;Genoese;;;;;;;;;;;;x;;;;;;;;;;;;;;;;;;;;;;;;;;;,
GEN;Genoa;;;;;;;;;;;;x;;;;;;;;;;;;;;;;;;;;;;;;;;;,
MRU_colonial_company;The Maritime Dominion;;;;;;;;;;;;;x,;;;;;;;;;;;;;;;;;;;;;;;;;;
MRU_dominion;The Maritime Dominion;;;;;;;;;;;;;x,;;;;;;;;;;;;;;;;;;;;;;;;;;
BOS_colonial_company;Thema Mauroblakos;;;;;;;;;;;;;x,;;;;;;;;;;;;;;;;;;;;;;;;;;
BOS_dominion;Thema Mauroblakos;;;;;;;;;;;;;x,;;;;;;;;;;;;;;;;;;;;;;;;;;
MLI_colonial_company;French Soudan;;;;;;;;;;;;;x,;;;;;;;;;;;;;;;;;;;;;;;;;;
MLI_dominion;French Soudan;;;;;;;;;;;;;x,;;;;;;;;;;;;;;;;;;;;;;;;;;
OMA_absolute_monarchy;Muscat-Oman;;;;;;;;;;;;x;;;;;;;;;;;;;;;;;;;;;;;;;;;,
OMA_prussian_constitutionalism;Muscat-Oman;;;;;;;;;;;;x;;;;;;;;;;;;;;;;;;;;;;;;;;;,
OMA_hms_government;Muscat-Oman;;;;;;;;;;;;;x,;;;;;;;;;;;;;;;;;;;;;;;;;;
SAR_absolute_monarchy;Piemont;;;;;;;;;;;;x;;;;;;;;;;;;;;;;;;;;;;;;;;;,
SAR_prussian_constitutionalism;Piemont;;;;;;;;;;;;x;;;;;;;;;;;;;;;;;;;;;;;;;;;,
SAR_hms_government;Piemont;;;;;;;;;;;;;x,;;;;;;;;;;;;;;;;;;;;;;;;;;
SAR_ADJ;PiemontËis;;;;;;;;;;;;;x,;;;;;;;;;;;;;;;;;;;;;;;;;;
CHH_ADJ;Ponwar;;;;;;;;;;;;x;;;;;;;;;;;;;;;;;;;;;;;;;;;,
CHH;Chhatarpur;;;;;;;;;;;;x;;;;;;;;;;;;;;;;;;;;;;;;;;;,
REW_ADJ;Rewah;;;;;;;;;;;;x;;;;;;;;;;;;;;;;;;;;;;;;;;;,
REW;Rewah;;;;;;;;;;;;x;;;;;;;;;;;;;;;;;;;;;;;;;;;,
BUN_colonial_company;The Central India Agency;;;;;;;;;;;;;x,;;;;;;;;;;;;;;;;;;;;;;;;;;
BUN_dominion;The Central India Agency;;;;;;;;;;;;;x,;;;;;;;;;;;;;;;;;;;;;;;;;;
BLC_colonial_company;The Baluchistan Agency;;;;;;;;;;;;;x,;;;;;;;;;;;;;;;;;;;;;;;;;;
BLC_dominion;The Baluchistan Agency;;;;;;;;;;;;;x,;;;;;;;;;;;;;;;;;;;;;;;;;;
RAJ_colonial_company;The Rajputana Agency;;;;;;;;;;;;;x,;;;;;;;;;;;;;;;;;;;;;;;;;;
RAJ_dominion;The Rajputana Agency;;;;;;;;;;;;;x,;;;;;;;;;;;;;;;;;;;;;;;;;;
MIG_ADJ;Mingrelian;;;;;;;;;;;;x;;;;;;;;;;;;;;;;;;;;;;;;;;;,
MIG;Mingrelia;;;;;;;;;;;;x;;;;;;;;;;;;;;;;;;;;;;;;;;;,
SVA_ADJ;Svan;;;;;;;;;;;;x;;;;;;;;;;;;;;;;;;;;;;;;;;;,
SVA;Svaneti;;;;;;;;;;;;x;;;;;;;;;;;;;;;;;;;;;;;;;;;,
SLS_colonial_company;älÈsijen;;;;;;;;;;;;;x,;;;;;;;;;;;;;;;;;;;;;;;;;;
SLS_dominion;älÈsijen;;;;;;;;;;;;;x,;;;;;;;;;;;;;;;;;;;;;;;;;;
PML_colonial_company;Langbeardnaland;;;;;;;;;;;;;x,;;;;;;;;;;;;;;;;;;;;;;;;;;
PML_dominion;Langbeardnaland;;;;;;;;;;;;;x,;;;;;;;;;;;;;;;;;;;;;;;;;;
PZN_colonial_company;Wielkopolska;;;;;;;;;;;;;x,;;;;;;;;;;;;;;;;;;;;;;;;;;
PZN_dominion;Wielkopolska;;;;;;;;;;;;;x,;;;;;;;;;;;;;;;;;;;;;;;;;;
POL_colonial_company;Generalgouvernement;;;;;;;;;;;;;x,;;;;;;;;;;;;;;;;;;;;;;;;;;
POL_dominion;Generalgouvernement;;;;;;;;;;;;;x,;;;;;;;;;;;;;;;;;;;;;;;;;;
BOH_colonial_company;Protektorat Bˆhmen-M‰hren;;;;;;;;;;;;;x,;;;;;;;;;;;;;;;;;;;;;;;;;;
BOH_dominion;Bˆhmen-M‰hren;;;;;;;;;;;;;x,;;;;;;;;;;;;;;;;;;;;;;;;;;
SCH_colonial_company;Slesvig;;;;;;;;;;;;;x,;;;;;;;;;;;;;;;;;;;;;;;;;;
SCH_dominion;Slesvig;;;;;;;;;;;;;x,;;;;;;;;;;;;;;;;;;;;;;;;;;
HOL_colonial_company;Holsten;;;;;;;;;;;;;x,;;;;;;;;;;;;;;;;;;;;;;;;;;
HOL_dominion;Holsten;;;;;;;;;;;;;x,;;;;;;;;;;;;;;;;;;;;;;;;;;
SWH_colonial_company;Slesvig-Holsten;;;;;;;;;;;;;x,;;;;;;;;;;;;;;;;;;;;;;;;;;
SWH_dominion;Slesvig-Holsten;;;;;;;;;;;;;x,;;;;;;;;;;;;;;;;;;;;;;;;;;
BEL_conservative;Parti catholique;Katholieke Partij;Katholieke Partij;;Katholieke Partij;;;;;;;;;x;;;;;;;;;;;;;;;;;;;;;;;;;;,
AUS_conservative;Metternich's Faction;Faction de Metternich;Metternich-Fraktion;;Facci? de Metternich;;;;;;;;;x;;;;;;;;;;;;;;;;;;;;;;;;;;,
AUS_conservative_2;Kolovrat's Faction;Faction de Kolovrat;Kolovrat-Fraktion;;Facci? de Kolovrat;;;;;;;;;x;;;;;;;;;;;;;;;;;;;;;;;;;;,
AUS_reactionary;Neo-absolutists;N?-absolutistes;Neo-Absolutisten;;Neoabsolutistas;;;;;;;;;x;;;;;;;;;;;;;;;;;;;;;;;;;;,
AUS_socialist;Radicals;Radicaux;Radikale;;Radicales;;;;;;;;;x;;;;;;;;;;;;;;;;;;;;;;;;;;,
AUS_liberal;Verfassungspartei;F??alistes;F?eralisten;;Federalistas;;;;;;;;;x;;;;;;;;;;;;;;;;;;;;;;;;;;,
AUS_conservative_3;Bach's Faction;Faction de Bach;Bach's Faction;;Facci? de Bach;;;;;;;;;x;;;;;;;;;;;;;;;;;;;;;;;;;;,
AUS_conservative_4;The Iron Ring;Iron Ring;The Iron Ring;;El Anillo de Hierro;;;;;;;;;x;;;;;;;;;;;;;;;;;;;;;;;;;;,
AUS_socialist_2;Socialists;Socialistes;Socialists;;Socialistas;;;;;;;;;x;;;;;;;;;;;;;;;;;;;;;;;;;;,
AUS_reactionary_2;Christlichsoziale Partei;Radicaux allemands;German Radicals;;Radicales alemanes;;;;;;;;;x;;;;;;;;;;;;;;;;;;;;;;;;;;,
AUS_conservative_5;Sozialdemokratische Partei ÷sterreichs;Conservateurs;Conservatives;;Conservadores;;;;;;;;;x;;;;;;;;;;;;;;;;;;;;;;;;;;,
AUS_liberal_2;Fˆderalistische;Grands propri?aires f??alistes;Federalist Great Proprietors;;Grandes Pro;;;;;;;;;;;;;;;;;;;;;;;;;;;;;;;;;;;,
MLW_dominion;Nyasaland;;;;;;;;;;;;x;;;;;;;;;;;;;;;;;;;;;;;;;;;,
MLW_colonial_company;Nyasaland;;;;;;;;;;;;;x,;;;;;;;;;;;;;;;;;;;;;;;;;;
NAL_dominion;Natal;;;;;;;;;;;;x;;;;;;;;;;;;;;;;;;;;;;;;;;;,
NAL_colonial_company;Natal;;;;;;;;;;;;;x,;;;;;;;;;;;;;;;;;;;;;;;;;;
ZAM_dominion;Northern Rhodesia;;;;;;;;;;;;x;;;;;;;;;;;;;;;;;;;;;;;;;;;,
ZAM_colonial_company;Northern Rhodesia;;;;;;;;;;;;;x,;;;;;;;;;;;;;;;;;;;;;;;;;;
#AFG_prussian_constitutionalism;The Kingdom of Afghanistan;;;;;;;;;;;;;;x;;;;;;;;;;;;;;;;;;;;;;;;;,
#AFG_hms_government;The Kingdom of Afghanistan;;;;;;;;;;;;;;x;;;;;;;;;;;;;;;;;;;;;;;;;,
ITA_theocracy;The Papal Kingdom;;;;;;;;;;;;;;x;;;;;;;;;;;;;;;;;;;;;;;;;,
MTQ_ADJ;Caribbean;;;;;;;;;;;;x;;;;;;;;;;;;;;;;;;;;;;;;;;;,
MTQ;Caribbean Federation;;;;;;;;;;;;x;;;;;;;;;;;;;;;;;;;;;;;;;;;,
SGP_dominion;The Straits Settlement;;;;;;;;;;;;x;;;;;;;;;;;;;;;;;;;;;;;;;;;,
SGP_colonial_company;The Straits Settlement;;;;;;;;;;;;;x,;;;;;;;;;;;;;;;;;;;;;;;;;;
SGP_ADJ;Singaporean;;;;;;;;;;;;x;;;;;;;;;;;;;;;;;;;;;;;;;;;,
SGP;Singapore;;;;;;;;;;;;x;;;;;;;;;;;;;;;;;;;;;;;;;;;,
SGP_democracy_ADJ;Singapore;;;;;;;;;;;;x;;;;;;;;;;;;;;;;;;;;;;;;;;;,
SGP_liberal;Labour Front;;;;;;;;;;;;x;;;;;;;;;;;;;;;;;;;;;;;;;;;,
SGP_conservative;People's Action Party;;;;;;;;;;;;x;;;;;;;;;;;;;;;;;;;;;;;;;;;,
SGP_socialist;Barisan Sosialis;;;;;;;;;;;;x;;;;;;;;;;;;;;;;;;;;;;;;;;;,
SGP_reactionary;Progressive Party;;;;;;;;;;;;x;;;;;;;;;;;;;;;;;;;;;;;;;;;,
SGP_anarcho_liberal;National Union for Democracy and Progress;;;;;;;;;;;;x;;;;;;;;;;;;;;;;;;;;;;;;;;;,
SGP_communist;Singapore Communist Party;;;;;;;;;;;;x;;;;;;;;;;;;;;;;;;;;;;;;;;;,
SGP_fascist;Singapore Fascist Party;;;;;;;;;;;;x;;;;;;;;;;;;;;;;;;;;;;;;;;;,
MLY_colonial_company;The Malayan Union;;;;;;;;;;;;x,;;;;;;;;;;;;;;;;;;;;;;;;;;;
MLY_dominion;The Malayan Union;;;;;;;;;;;;x,;;;;;;;;;;;;;;;;;;;;;;;;;;;
MUG_colonial_company;The Dominion of India;;;;;;;;;;;;x,;;;;;;;;;;;;;;;;;;;;;;;;;;;
MUG_dominion;The Dominion of India;;;;;;;;;;;;x,;;;;;;;;;;;;;;;;;;;;;;;;;;;
RHO_colonial_company;Rhodesia;;;;;;;;;;;;x;;;;;;;;;;;;;;;;;;;;;;;;;;;,
RHO_dominion;Southern Rhodesia;;;;;;;;;;;;x;;;;;;;;;;;;;;;;;;;;;;;;;;;,
NEW_colonial_company;The Moshva Colony;;;;;;;;;;;;x;;;;;;;;;;;;;;;;;;;;;;;;;;;,
NEW_dominion;The Dominion of Moshva;;;;;;;;;;;;x;;;;;;;;;;;;;;;;;;;;;;;;;;;,
AST_colonial_company;Australia;;;;;;;;;;;;x;;;;;;;;;;;;;;;;;;;;;;;;;;;,
AST_dominion;Austral Federation;;;;;;;;;;;;x;;;;;;;;;;;;;;;;;;;;;;;;;;;,
AST_absolute_monarchy;Austral Federation;;;;;;;;;;;;x;;;;;;;;;;;;;;;;;;;;;;;;;;;,
AST_prussian_constitutionalism;Austral Federation;;;;;;;;;;;;x;;;;;;;;;;;;;;;;;;;;;;;;;;;,
AST_hms_government;Austral Federation;;;;;;;;;;;;;x,;;;;;;;;;;;;;;;;;;;;;;;;;;
NZL_colonial_company;The New Zealand Colony;;;;;;;;;;;;x;;;;;;;;;;;;;;;;;;;;;;;;;;;,
NZL_dominion;The Dominion of New Zealand;;;;;;;;;;;;x;;;;;;;;;;;;;;;;;;;;;;;;;;;,
NZL_absolute_monarchy;The Dominion of New Zealand;;;;;;;;;;;;x;;;;;;;;;;;;;;;;;;;;;;;;;;;,
NZL_prussian_constitutionalism;The Dominion of New Zealand;;;;;;;;;;;;x;;;;;;;;;;;;;;;;;;;;;;;;;;;,
NZL_hms_government;The Dominion of New Zealand;;;;;;;;;;;;;x,;;;;;;;;;;;;;;;;;;;;;;;;;;
CAN_colonial_company;The Dominion of Andronica;;;;;;;;;;;;x;;;;;;;;;;;;;;;;;;;;;;;;;;;,
CAN_dominion;The Dominion of Andronica;;;;;;;;;;;;x;;;;;;;;;;;;;;;;;;;;;;;;;;;,
CAN_absolute_monarchy;Andronican Empire;;;;;;;;;;;;x;;;;;;;;;;;;;;;;;;;;;;;;;;;,
CAN_prussian_constitutionalism;Andronican Federation;;;;;;;;;;;;x;;;;;;;;;;;;;;;;;;;;;;;;;;;,
CAN_hms_government;The Dominion of Andronica;;;;;;;;;;;;;x,;;;;;;;;;;;;;;;;;;;;;;;;;;
VTU_colonial_company;New Hebrides;;;;;;;;;;;;x;;;;;;;;;;;;;;;;;;;;;;;;;;;,
VTU_dominion;New Hebrides;;;;;;;;;;;;x;;;;;;;;;;;;;;;;;;;;;;;;;;;,
SER_colonial_company;The Principality of Serbia;;;;;;;;;;;;x;;;;;;;;;;;;;;;;;;;;;;;;;;;,
SER_dominion;The Principality of Serbia;;;;;;;;;;;;x;;;;;;;;;;;;;;;;;;;;;;;;;;;,
IOT_absolute_monarchy;British Indian Ocean Territory;;;;;;;;;;;;x;;;;;;;;;;;;;;;;;;;;;;;;;;;,
IOT_prussian_constitutionalism;British Indian Ocean Territory;;;;;;;;;;;;x;;;;;;;;;;;;;;;;;;;;;;;;;;;,
IOT_dominion;British Indian Ocean Territory;;;;;;;;;;;;x;;;;;;;;;;;;;;;;;;;;;;;;;;;,
IOT_colonial_company;British Indian Ocean Territory;;;;;;;;;;;;;x,;;;;;;;;;;;;;;;;;;;;;;;;;;
IOT_hms_government;British Indian Ocean Territory;;;;;;;;;;;;;x,;;;;;;;;;;;;;;;;;;;;;;;;;;
IOT_ADJ;British;;;;;;;;;;;;x;;;;;;;;;;;;;;;;;;;;;;;;;;;,
IOT;Chagos Islands;;;;;;;;;;;;x;;;;;;;;;;;;;;;;;;;;;;;;;;;,
IOT_democracy_ADJ;Chagossian;;;;;;;;;;;;x;;;;;;;;;;;;;;;;;;;;;;;;;;;,
MAU;Mauritius;;;;;;;;;;;;x;;;;;;;;;;;;;;;;;;;;;;;;;;;,
MAU_ADJ;Mauritian;;;;;;;;;;;;x;;;;;;;;;;;;;;;;;;;;;;;;;;;,
MAU_liberal;Mauritius People's Progressive Front ;;;;;;;;;;;;x;;;;;;;;;;;;;;;;;;;;;;;;;;;,
MAU_conservative;Mauritius Democratic Party;;;;;;;;;;;;x;;;;;;;;;;;;;;;;;;;;;;;;;;;,
MAU_socialist;Mauritius People's United Party;;;;;;;;;;;;x;;;;;;;;;;;;;;;;;;;;;;;;;;;,
MAU_reactionary;Taxpayers Association;;;;;;;;;;;;x;;;;;;;;;;;;;;;;;;;;;;;;;;;,
MAU_anarcho_liberal;National Union for Democracy and Progress;;;;;;;;;;;;x;;;;;;;;;;;;;;;;;;;;;;;;;;;,
MAU_communist;Communist Party of Mauritius;;;;;;;;;;;;x;;;;;;;;;;;;;;;;;;;;;;;;;;;,
MAU_fascist;Mauritius Patriotic Front;;;;;;;;;;;;x;;;;;;;;;;;;;;;;;;;;;;;;;;;,
SEY;Seychelles;;;;;;;;;;;;x;;;;;;;;;;;;;;;;;;;;;;;;;;;,
SEY_ADJ;Seychelloise;;;;;;;;;;;;x;;;;;;;;;;;;;;;;;;;;;;;;;;;,
SEY_liberal;Seychelles People's Progressive Front ;;;;;;;;;;;;x;;;;;;;;;;;;;;;;;;;;;;;;;;;,
SEY_conservative;Seychelles Democratic Party;;;;;;;;;;;;x;;;;;;;;;;;;;;;;;;;;;;;;;;;,
SEY_socialist;Seychelles People's United Party;;;;;;;;;;;;x;;;;;;;;;;;;;;;;;;;;;;;;;;;,
SEY_reactionary;Taxpayers Association;;;;;;;;;;;;x;;;;;;;;;;;;;;;;;;;;;;;;;;;,
SEY_anarcho_liberal;National Union for Democracy and Progress;;;;;;;;;;;;x;;;;;;;;;;;;;;;;;;;;;;;;;;;,
SEY_communist;Communist Party of Seychelles;;;;;;;;;;;;x;;;;;;;;;;;;;;;;;;;;;;;;;;;,
SEY_fascist;Seychelles Patriotic Front;;;;;;;;;;;;x;;;;;;;;;;;;;;;;;;;;;;;;;;;,
BEL_colonial_company;Flandern-Wallonien;;;;;;;;;x;;;;;;;;;;;;;;;;;;;;;;;;;;;;;;,
BEL_dominion;Flandern-Wallonien;;;;;;;;;x;;;;;;;;;;;;;;;;;;;;;;;;;;;;;;,
ION;The Ionian Islands;;;;;;;;;x;;;;;;;;;;;;;;;;;;;;;;;;;;;;;;,
ION_democracy;The Septinsular Republic;;;;;;;;;x;;;;;;;;;;;;;;;;;;;;;;;;;;;;;;,
HGL_ADJ;German;;;;;;;;;x;;;;;;;;;;;;;;;;;;;;;;;;;;;;;;,
HGL;Heligoland;;;;;;;;;x;;;;;;;;;;;;;;;;;;;;;;;;;;;;;;,
MSK_ADJ;Miskito;;;;;;;;;x;;;;;;;;;;;;;;;;;;;;;;;;;;;;;;,
MSK;Miskito Coast;;;;;;;;;x;;;;;;;;;;;;;;;;;;;;;;;;;;;;;;,
MSK_absolute_monarchy;The Mosquito Kingdom;;;;;;;;;x;;;;;;;;;;;;;;;;;;;;;;;;;;;;;;,
MSK_prussian_constitutionalism;The Mosquito Kingdom;;;;;;;;;;;;;x;;;;;;;;;;;;;;;;;;;;;;;;;;,
MSK_hms_government;The Mosquito Kingdom;;;;;;;;;;;;;x,;;;;;;;;;;;;;;;;;;;;;;;;;;
MSK_colonial_company;Reserva Mosquitia;;;;;;;;;;;;;x,;;;;;;;;;;;;;;;;;;;;;;;;;;
MSK_dominion;Reserva Mosquitia;;;;;;;;;;;;;x,;;;;;;;;;;;;;;;;;;;;;;;;;;
BLZ_colonial_company;British Honduras;;;;;;;;;;;;;x,;;;;;;;;;;;;;;;;;;;;;;;;;;
BLZ_dominion;British Honduras;;;;;;;;;;;;;x,;;;;;;;;;;;;;;;;;;;;;;;;;;
MGL_colonial_company;Wai Menggu;;;;;;;;;;;;;x,;;;;;;;;;;;;;;;;;;;;;;;;;;
MGL_theocracy;Bogd Khaanate;;;;;;;;;;;;;x,;;;;;;;;;;;;;;;;;;;;;;;;;;
MGL_proletarian_dictatorship;Mongolian People's Republic;;;;;;;;;;;;;x,;;;;;;;;;;;;;;;;;;;;;;;;;;
ALS_colonial_company;Elsass-Lothringen;;;;;;;;;;;;;x,;;;;;;;;;;;;;;;;;;;;;;;;;;
ALS_dominion;Elsass-Lothringen;;;;;;;;;;;;;x,;;;;;;;;;;;;;;;;;;;;;;;;;;
TST;Tirolo;;;;;;;;;x;;;;;;;;;;;;;;;;;;;;;;;;;;;;;;,
TST_ADJ;Tirolese;;;;;;;;;x;;;;;;;;;;;;;;;;;;;;;;;;;;;;;;,
TST_colonial_company;S¸dtirol;;;;;;;;;;;;;;x;;;;;;;;;;;;;;;;;;;;;;;;;,
LOM_colonial_company;LombardoñVenetien;;;;;;;;;;;;;;x;;;;;;;;;;;;;;;;;;;;;;;;;,
LOM_dominion;LombardoñVenetien;;;;;;;;;;;;;;x;;;;;;;;;;;;;;;;;;;;;;;;;,
HQJ_ADJ;Chinese;;;;;;;;;x;;;;;;;;;;;;;;;;;;;;;;;;;;;;;;,
HQJ;Heiqi Jun;;;;;;;;;x;;;;;;;;;;;;;;;;;;;;;;;;;;;;;;,
HQJ_conservative;Liu Yongfu;;;;;;;;;;;;;x,;;;;;;;;;;;;;;;;;;;;;;;;;;
BUR_conservative;Konbaung Dynasty;;;;;;;;;;;;;x,;;;;;;;;;;;;;;;;;;;;;;;;;;
SIA_reactionary;Kong Thap Bok Thai;;;;;;;;;;;;;x,;;;;;;;;;;;;;;;;;;;;;;;;;;
SIA_fascist;Khana Ratsadon;;;;;;;;;;;;;x,;;;;;;;;;;;;;;;;;;;;;;;;;;
SIA_communist;Communist Party of Thailand;;;;;;;;;;;;;x,;;;;;;;;;;;;;;;;;;;;;;;;;;
SIA_conservative;Ratchawong Chakkri;;;;;;;;;;;;;x,;;;;;;;;;;;;;;;;;;;;;;;;;;
SIA_liberal;Ratchawong Chakkri;;;;;;;;;;;;;x,;;;;;;;;;;;;;;;;;;;;;;;;;;
SPA_democracy;The Spanish Republic;;;;;;;;;;;;;x,;;;;;;;;;;;;;;;;;;;;;;;;;;
SPA_proletarian_dictatorship;The Spanish Republic;;;;;;;;;;;;;x,;;;;;;;;;;;;;;;;;;;;;;;;;;
SPA_presidential_dictatorship;The Spanish State;;;;;;;;;;;;;x,;;;;;;;;;;;;;;;;;;;;;;;;;;
SPA_fascist_dictatorship;The Spanish State;;;;;;;;;;;;;x,;;;;;;;;;;;;;;;;;;;;;;;;;;
BOR;France;;;;;;;;;x;;;;;;;;;;;;;;;;;;;;;;;;;;;;;;,
BOR_absolute_monarchy;The Kingdom of France;;;;;;;;;x;;;;;;;;;;;;;;;;;;;;;;;;;;;;;;,
BOR_prussian_constitutionalism;The Kingdom of France;;;;;;;;;x;;;;;;;;;;;;;;;;;;;;;;;;;;;;;;,
BOR_hms_government;The Kingdom of France;;;;;;;;;x;;;;;;;;;;;;;;;;;;;;;;;;;;;;;;,
BOR_ADJ;French;French;French;;French;;;;;;;;;x;;;;;;;;;;;;;;;;;;;;;;;;;;,
KWT;The Sheikhdom of Kuwait;;;;;;;;;;;x;;;;;;;;;;;;;;;;;;;;;;;;;;;;,
KWT_ADJ;Kuwaiti;;;;;;;;;;;x;;;;;;;;;;;;;;;;;;;;;;;;;;;;,
SYR_dominion;Grand Liban;;;;;;;;;;;;;;x;;;;;;;;;;;;;;;;;;;;;;;;;,
SYR_colonial_company;Grand Liban;;;;;;;;;;;;;;x;;;;;;;;;;;;;;;;;;;;;;;;;,
SYR_dominion;Syrie;;;;;;;;;;;;;;x;;;;;;;;;;;;;;;;;;;;;;;;;,
SYR_colonial_company;Syrie;;;;;;;;;;;;;;x;;;;;;;;;;;;;;;;;;;;;;;;;,
HDJ_colonial_company;Hejaz Vilayet;;;;;;;;;;;;;;x;;;;;;;;;;;;;;;;;;;;;;;;;,
HDJ_absolute_monarchy;Hejaz;;;;;;;;;;;;;;x;;;;;;;;;;;;;;;;;;;;;;;;;,
HDJ_prussian_constitutionalism;Hejaz;;;;;;;;;;;;;x,;;;;;;;;;;;;;;;;;;;;;;;;;;
HDJ_hms_government;Hejaz;;;;;;;;;;;;;x,;;;;;;;;;;;;;;;;;;;;;;;;;;
CAL;The California Republic;;;;;;;;;;;;;x;;;;;;;;;;;;;;;;;;;;;;;;;;,
BAN_colonial_company;Freistaat Banat;;;;;;;;;;;;;x;;;;;;;;;;;;;;;;;;;;;;;;;;,
BAN_dominion;Freistaat Banat;;;;;;;;;;;;;x;;;;;;;;;;;;;;;;;;;;;;;;;;,
SIE_colonial_company;Siebenburgen;;;;;;;;;;;;;x;;;;;;;;;;;;;;;;;;;;;;;;;;,
SIE_dominion;Siebenburgen;;;;;;;;;;;;;x;;;;;;;;;;;;;;;;;;;;;;;;;;,
SIE_colonial_company_ADJ;Siebenb¸rger;;;;;;;;;;;;;x;;;;;;;;;;;;;;;;;;;;;;;;;;,
SIE_dominion_ADJ;Siebenb¸rger;;;;;;;;;;;;;x;;;;;;;;;;;;;;;;;;;;;;;;;;,
SIE_reactionary;Sachsen Landtag;;;;;;;;;;;;;x,;;;;;;;;;;;;;;;;;;;;;;;;;;
SIE_conservative;Unio Trium Nationum;;;;;;;;;;;;;x,;;;;;;;;;;;;;;;;;;;;;;;;;;
LBY_colonial_company;Libia;;;;;;;;;;;;;x,;;;;;;;;;;;;;;;;;;;;;;;;;;
ETH_absolute_monarchy;Abyssinia;;;;;;;;;;;;;x,;;;;;;;;;;;;;;;;;;;;;;;;;;
ETH_colonial_company;Africa Orientale;;;;;;;;;;;;;x,;;;;;;;;;;;;;;;;;;;;;;;;;;
BUR_absolute_monarchy;The Konbaung Dynasty;;;;;;;;;;;;;x,;;;;;;;;;;;;;;;;;;;;;;;;;;
IVC_colonial_company;Cote d'Ivoire;;;;;;;;;;;;;x,;;;;;;;;;;;;;;;;;;;;;;;;;;
IVC_dominion;Cote d'Ivoire;;;;;;;;;;;;;x,;;;;;;;;;;;;;;;;;;;;;;;;;;
CAR_colonial_company;Afrique Equatoriale;;;;;;;;;;;;;x,;;;;;;;;;;;;;;;;;;;;;;;;;;
VLK_colonial_company;ZuidaLybien;;;;;;;;;;;;;x,;;;;;;;;;;;;;;;;;;;;;;;;;;
VLK_dominion;ZuidaLybien;;;;;;;;;;;;;x,;;;;;;;;;;;;;;;;;;;;;;;;;;
KOR_colonial_company;Chosen;;;;;;;;;;;;;x,;;;;;;;;;;;;;;;;;;;;;;;;;;
KOR_dominion;Chosen;;;;;;;;;;;;;x,;;;;;;;;;;;;;;;;;;;;;;;;;;
TAI_colonial_company;Takasago;;;;;;;;;;;;;x,;;;;;;;;;;;;;;;;;;;;;;;;;;
TAI_dominion;Takasago;;;;;;;;;;;;;x,;;;;;;;;;;;;;;;;;;;;;;;;;;
SAF_hms_government;Midgard;;;;;;;;;;;;;x,;;;;;;;;;;;;;;;;;;;;;;;;;;
SAF_colonial_company;N˝r-Heima;;;;;;;;;;;;;x,;;;;;;;;;;;;;;;;;;;;;;;;;;
SAF_dominion;N˝r-Heima;;;;;;;;;;;;;x,;;;;;;;;;;;;;;;;;;;;;;;;;;
PHL_colonial_company;Lupang Colony;x,;;;;;;;;;;;;;;;;;;;;;;;;;;
MAD_absolute_monarchy;The Merina Kingdom;;;;;;;;;;;;;x,;;;;;;;;;;;;;;;;;;;;;;;;;;
MAD_colonial_company;Protectorat de Madagascar;;;;;;;;;;;;;x,;;;;;;;;;;;;;;;;;;;;;;;;;;
KNY_colonial_company;East Africa;;;;;;;;;;;;;x,;;;;;;;;;;;;;;;;;;;;;;;;;;
KNY_dominion;The Dominion of East Africa;;;;;;;;;;;;;x,;;;;;;;;;;;;;;;;;;;;;;;;;;
NGR_colonial_company;West Africa;;;;;;;;;;;;;x,;;;;;;;;;;;;;;;;;;;;;;;;;;
NGR_dominion;West Africa;;;;;;;;;;;;;x,;;;;;;;;;;;;;;;;;;;;;;;;;;
IRE_fascist_dictatorship;Eire;;;;;;;;;;;;;x,;;;;;;;;;;;;;;;;;;;;;;;;;;
IRE_colonial_company;The Irish Dominion;;;;;;;;;;;;;x,;;;;;;;;;;;;;;;;;;;;;;;;;;
IRE_dominion;The Irish Free State;;;;;;;;;;;;;x,;;;;;;;;;;;;;;;;;;;;;;;;;;
UBD_absolute_monarchy;The United Baltic Duchy;;;;;;;;;;;;;;;;;;;;;;x;;;;;;;;;;;;;;;;;,
UBD_prussian_constitutionalism;The United Baltic Duchy;;;;;;;;;;;;;;;;;;;;;;x;;;;;;;;;;;;;;;;;,
UBD_hms_government;The United Baltic Duchy;;;;;;;;;;;;;;;;;;;;;;x;;;;;;;;;;;;;;;;;,
UBD_democracy;The Baltic Union;;;;;;;;;;;;;x,;;;;;;;;;;;;;;;;;;;;;;;;;;
UBD_colonial_company;Baltiyskiy Guberniya;;;;;;;;;;;;;x,;;;;;;;;;;;;;;;;;;;;;;;;;;
UBD_dominion;Baltiyskiy Guberniya;;;;;;;;;;;;;x,;;;;;;;;;;;;;;;;;;;;;;;;;;
HND_colonial_company;The Raj;;;;;;;;;;;;x,;;;;;;;;;;;;;;;;;;;;;;;;;;;
HND_dominion;The Dominion of India;;;;;;;;;;;;x,;;;;;;;;;;;;;;;;;;;;;;;;;;;
TCA_colonial_company;Kavkaz Namestnik;;;;;;;;;;;;;x,;;;;;;;;;;;;;;;;;;;;;;;;;;
DAI_colonial_company;Indochine;;;;;;;;;;;;;x;;;;;;;;;;;;;;;;;;;;;;;;;;,
INO_colonial_company;Oost-Indie;;;;;;;;;;;;;x;;;;;;;;;;;;;;;;;;;;;;;;;;,
LSK_colonial_company;Alyaska;;;;;;;;;;;;;x;;;;;;;;;;;;;;;;;;;;;;;;;;,
PPG_colonial_company;Neuguinea;;;;;;;;;;;;;x;;;;;;;;;;;;;;;;;;;;;;;;;;,
MOZ_colonial_company;Mocambique;;;;;;;;;;;;;x;;;;;;;;;;;;;;;;;;;;;;;;;;,
CMR_colonial_company;Kamerun;;;;;;;;;;;;;x;;;;;;;;;;;;;;;;;;;;;;;;;;,
ALD_colonial_company;Nundia;;;;;;;;;;;;;x;;;;;;;;;;;;;;;;;;;;;;;;;;,
MGH_colonial_company;MaziÁia;;;;;;;;;;;;;x;;;;;;;;;;;;;;;;;;;;;;;;;;,
ALD_dominion;Nundia;;;;;;;;;;;;;x;;;;;;;;;;;;;;;;;;;;;;;;;;,
MGH_dominion;MaziÁia;;;;;;;;;;;;;x;;;;;;;;;;;;;;;;;;;;;;;;;;,
MOR_dominion;Mauria;;;;;;;;;;;;;x;;;;;;;;;;;;;;;;;;;;;;;;;;,
COL_hms_government;The Dominion of Columbia;;;;;;;;;;;;;x;;;;;;;;;;;;;;;;;;;;;;;;;;,
NMB_colonial_company;N˝r-Heima;;;;;;;;;;;;;x;;;;;;;;;;;;;;;;;;;;;;;;;;,
NMB_dominion;N˝r-Heima;;;;;;;;;;;;;x;;;;;;;;;;;;;;;;;;;;;;;;;;,
TNZ_colonial_company;Ostafrika;;;;;;;;;;;;;x;;;;;;;;;;;;;;;;;;;;;;;;;;,
TNZ_dominion;Ostafrika;;;;;;;;;;;;;x;;;;;;;;;;;;;;;;;;;;;;;;;;,
AUS_absolute_monarchy;Austria;;;;;;;;;;;;;x;;;;;;;;;;;;;;;;;;;;;;;;;;,
AUS_prussian_constitutionalism;Austria;;;;;;;;;;;;;x;;;;;;;;;;;;;;;;;;;;;;;;;;,
MML;Memelland;;;;;;;;;;;;;x;;;;;;;;;;;;;;;;;;;;;;;;;;,
MML_ADJ;Memeler;;;;;;;;;x;;;;;;;;;;;;;;;;;;;;;;;;;;;;;;,
LAU;Fief Karken;;;;;;;;;;;;;x;;;;;;;;;;;;;;;;;;;;;;;;;;,
LAU_ADJ;Saxon;;;;;;;;;x;;;;;;;;;;;;;;;;;;;;;;;;;;;;;;,
SAA;Saarland;Sarre;Saarland;;Saarland;;;;;;;;;x;;;;;;;;;;;;;;;;;;;;;;;;;;,
SAA_ADJ;Saarlander;Sarrois;Saarlander;;Saarlander;;;;;;;;;x;;;;;;;;;;;;;;;;;;;;;;;;;;,
SAA_liberal;Liberaldem. Partei;Liberaldem. Partei;Liberaldem. Partei;;;;;;;;;;;;x;;;;;;;;;;;;;;;;;;;;;;;;;,
SAA_conservative;Zentrumspartei;Zentrumspartei;Zentrumspartei;;;;;;;;;;;;x;;;;;;;;;;;;;;;;;;;;;;;;;,
SAA_liberal_2;Nationalliberale ;Nationalliberale ;Nationalliberale ;;;;;;;;;;;;x;;;;;;;;;;;;;;;;;;;;;;;;;,
SAA_socialist;Deutscher Arbeiterverein;Deutscher Arbeiterverein;Deutscher Arbeiterverein;;;;;;;;;;;;x;;;;;;;;;;;;;;;;;;;;;;;;;,
SAA_reactionary;Nationale Partei;Nationale Partei;Nationale Partei;;;;;;;;;;;;x;;;;;;;;;;;;;;;;;;;;;;;;;,
SAA_conservative_2;Konservative Partei;Konservative Partei;Konservative Partei;;;;;;;;;;;;x;;;;;;;;;;;;;;;;;;;;;;;;;,
SAA_anarcho_liberal;Radical Arbeiterpartei;Arbeiterpartei radical;Radikale Arbeiterpartei;;;;;;;;;;;;x;;;;;;;;;;;;;;;;;;;;;;;;;,
SAA_communist;Communist Arbeiterpartei;Arbeiterpartei communiste;Kommunistische Arbeiterpartei;;;;;;;;;;;;x;;;;;;;;;;;;;;;;;;;;;;;;;,
SAA_fascist;NSDP;NSDP;NSDP;;;;;;;;;;;;x;;;;;;;;;;;;;;;;;;;;;;;;;,
SAR_reactionary;Restaurazionisti;Restaurazionisti;Restaurazionisti;;Restaurazionis ti;;;;;;;;;x;;;;;;;;;;;;;;;;;;;;;;;;;;,
SAR_conservative;Moderati;Moderati ;Moderati;;Moderati ;;;;;;;;;x;;;;;;;;;;;;;;;;;;;;;;;;;;,
SAR_liberal;Riformisti;Riformisti ;Riformisti;;Riformisti ;;;;;;;;;x;;;;;;;;;;;;;;;;;;;;;;;;;;,
SAR_liberal_2;Liberali;Liberali;Liberali;;Liberali ;;;;;;;;;x;;;;;;;;;;;;;;;;;;;;;;;;;;,
SAR_socialist;Socialisti;Socialisti;Socialisti;;Socialisti;;;;;;;;; x;;;;;;;;;;;;;;;;;;;;;;;;;;,
SAR_conservative_2;Popolari;Popolari;Popolari;;Pop olari;;;;;;;;;x;;;;;;;;;;;;;;;;;;;;;;;;;;,
SAR_anarcho_liberal;Radicali;Radicali;Radicali;;Radicali;;;;;;;;;x;;;;;;;;;;;;;;;;;;;;;;;;;;,
SAR_communist;Comunisti;Comunisti;Comunisti;;Comunisti;;;;;;;;;x;;;;;;;;;;;;;;;;;;;;;;;;;;,
SAR_fascist;Fascisti;Fascisti;Fascisti;;Fascisti;;;;;;;;;x;;;;;;;;;;;;;;;;;;;;;;;;;;,
MRU_conservative;The Maritimes Conservatives;;;;;;;;;;;;;x;;;;;;;;;;;;;;;;;;;;;;;;;;,
MRU_socialist;Socialist Party of the Maritimes;;;;;;;;;;;;;x;;;;;;;;;;;;;;;;;;;;;;;;;;,
MRU_reactionary;Maritimes Tories;;;;;;;;;;;;;x;;;;;;;;;;;;;;;;;;;;;;;;;;,
NET;The Netherlands;Pays-Bas;Niederlande;;Holanda;;;;;;;;;x;;;;;;;;;;;;;;;;;;;;;;;;;;,
SMR_fascist;Partito Fascista Sammarinese;;;;;;;;;;;;;x;;;;;;;;;;;;;;;;;;;;;;;;;;,
PAP_ADJ_theocracy;Papal;;;;;;;;;;;;;x;;;;;;;;;;;;;;;;;;;;;;;;;;,
SMR;San Marino;;;;;;;;;;;;;;x;;;;;;;;;;;;;;;;;;;;;;;;;,
SMR_ADJ;Sammarinese;;;;;;;;;;;;;x;;;;;;;;;;;;;;;;;;;;;;;;;;,
MON_theocracy;The Prince-Bishopric of Tamishrad;;;;;;;;;;;;;x;;;;;;;;;;;;;;;;;;;;;;;;;;,
KUK_democracy;The Austro-Hungarian Confederation;;;;;;;;;;x;;;;;;;;;;;;;;;;;;;;;;;;;;;;;,
KUK_democracy_ADJ;Austro-Hungarian;Danubien;Donau-;;danubiana;;;;;;;;;x;;;;;;;;;;;;;;;;;;;;;;;;;;,
VLG;Volgaland;;;;;;;;;;;;;x;;;;;;;;;;;;;;;;;;;;;;;;;;,
VLG_ADJ;Volga German;;;;;;;;;;;;;x;;;;;;;;;;;;;;;;;;;;;;;;;;,
VLG_absolute_monarchy;Kosakenstadt;;;;;;;;;;;;;x;;;;;;;;;;;;;;;;;;;;;;;;;;,
VLG_prussian_constitutionalism;Kosakenstadt ;;;;;;;;;;;;;x;;;;;;;;;;;;;;;;;;;;;;;;;;,
VLG_hms_government;Kosakenstadt ;;;;;;;;;;;;;x;;;;;;;;;;;;;;;;;;;;;;;;;;,
VLG_democracy;The German Volga Republic;;;;;;;;;;;;;x;;;;;;;;;;;;;;;;;;;;;;;;;;,
VLG_proletarian_dictatorship;The Volga German SSR;;;;;;;;;;;;;x;;;;;;;;;;;;;;;;;;;;;;;;;;,
VLG_fascist_dictatorship;The German Volga Republic;;;;;;;;;;;;;x;;;;;;;;;;;;;;;;;;;;;;;;;;,
VLG_fascist;Volga Fascist Union;;;;;;;;;;;;;;;;;;;;;;x;;;;;;;;;;;;;;;;;,
VLG_communist;Volga German Workers' Party;;;;;;;;;;;;;;;;;;;;;;x;;;;;;;;;;;;;;;;;,
VLG_socialist;Union of Volga Workers and Socialists;;;;;;;;;;;;;;;;;;;;;;x;;;;;;;;;;;;;;;;;,
VLG_socialist_2;Volga Labour Party;;;;;;;;;;;;;;;;;;;;;;x;;;;;;;;;;;;;;;;;,
VLG_anarcho_liberals;Radical Party;;;;;;;;;;;;;;;;;;;;;;x;;;;;;;;;;;;;;;;;,
VLG_liberal_2;The All-German Landtag;;;;;;;;;;;;;;;;;;;;;;x;;;;;;;;;;;;;;;;;,
VLG_reactionary;Royalist Faction;;;;;;;;;;;;;;;;;;;;;;x;;;;;;;;;;;;;;;;;,
RUS_absolute_monarchy;Galichian Princedom;;;;;;;;;;;;;x,;;;;;;;;;;;;;;;;;;;;;;;;;;
RUS_prussian_constitutionalism;Galichian Princedom;;;;;;;;;;;;;x,;;;;;;;;;;;;;;;;;;;;;;;;;;
RUS_hms_government;Galichian Princedom;;;;;;;;;;;;;x,;;;;;;;;;;;;;;;;;;;;;;;;;;
RUS_democracy;The Galichian Federative Republic;;;;;;;;;;;;;x,;;;;;;;;;;;;;;;;;;;;;;;;;;
ITA_absolute_monarchy;The Kingdom of Italy;;;;;;;;;;;;x,;;;;;;;;;;;;;;;;;;;;;;;;;;;
ITA_prussian_constitutionalism;The Kingdom of Italy;;;;;;;;;;;x,;;;;;;;;;;;;;;;;;;;;;;;;;;;;
ITA_hms_government;The Kingdom of Italy;;;;;;;;;;;x,;;;;;;;;;;;;;;;;;;;;;;;;;;;;
UCA_colonial_company;Virreynato de Nueva Espana;;;;;;;;;;;;;;;;;;;;;;x;;;;;;;;;;;;;;;;;,
VNS_colonial_company;Virreno de Nova Toledu;;;;;;;;;;;;;;;;;;;;;;x;;;;;;;;;;;;;;;;;,
VNS;Nova Toledu;;;;;;;;;;;;;;;;;;;;;;x;;;;;;;;;;;;;;;;;,
VNS_ADJ;Toledan;;;;;;;;;;;;;;;;;;;;;;x;;;;;;;;;;;;;;;;;,
CGC_colonial_company;Capitania General de Chile;;;;;;;;;;;;;x,;;;;;;;;;;;;;;;;;;;;;;;;;;
CGC;Chile;;;;;;;;;;;;;x,;;;;;;;;;;;;;;;;;;;;;;;;;;
CGC_ADJ;Spanish;;;;;;;;;;;;;;;;;;;;;;x;;;;;;;;;;;;;;;;;,
VNG_colonial_company;Virreinato de la Nueva Granada;;;;;;;;;;;;;x,;;;;;;;;;;;;;;;;;;;;;;;;;;
VNG;Nueva Granada;;;;;;;;;;;;;x,;;;;;;;;;;;;;;;;;;;;;;;;;;
VNG_ADJ;Spanish;;;;;;;;;;;;;;;;;;;;;;x;;;;;;;;;;;;;;;;;,
VLP_colonial_company;Virreinato del RÌo de la Plata;;;;;;;;;;;;;x,;;;;;;;;;;;;;;;;;;;;;;;;;;
VLP;RÌo de la Plata;;;;;;;;;;;;;x,;;;;;;;;;;;;;;;;;;;;;;;;;;
VLP_ADJ;Spanish;;;;;;;;;;;;;;;;;;;;;;x;;;;;;;;;;;;;;;;;,
;;;;;;;;;;;;;;x,;;;;;;;;;;;;;;;;;;;;;;;;;;
;;;;;;;;;;;;;;x,;;;;;;;;;;;;;;;;;;;;;;;;;;
;;;;;;;;;;;;;;;;;;;;;;;x;;;;;;;;;;;;;;;;;,
LOM_presidential_dictatorship;The Provisional Government of Milan;;;;;;;;;;;;;x,;;;;;;;;;;;;;;;;;;;;;;;;;;
LOM_presidential_dictatorship_ADJ;Milanese;Milanese;Milanese;;;;;;;;;;;x,;;;;;;;;;;;;;;;;;;;;;;;;;;
LOM_democracy;The Provisional Government of Milan;;;;;;;;;;;;;x,;;;;;;;;;;;;;;;;;;;;;;;;;;
LOM_democracy_ADJ;Milanese;Milanese;Milanese;;;;;;;;;;;x,;;;;;;;;;;;;;;;;;;;;;;;;;;
JAP_absolute_monarchy;Imperial Japan;;;;;;;;;;;;x,;;;;;;;;;;;;;;;;;;;;;;;;;;;
JAP_prussian_constitutionalism;The Empire of Japan;;;;;;;;;;;;x,;;;;;;;;;;;;;;;;;;;;;;;;;;;
JAP_hms_government;The Empire of Japan;;;;;;;;;;;;x,;;;;;;;;;;;;;;;;;;;;;;;;;;;
JAP_absolute_monarchy_ADJ;Nippon;Nippon;Nippon;;;;;;;;;;;x,;;;;;;;;;;;;;;;;;;;;;;;;;;
MEX_absolute_monarchy;The Empire of Mexico;Empire du Mexique;Mexikanisches Kaiserreich;;Imperio de MÈxico;;;;;;;;;x;;;;;;;;;;;;;;;;;;;;;;;;;;,
MEX_prussian_constitutionalism;The Empire of Mexico;Empire du Mexique;Mexikanisches Kaiserreich;;Imperio de MÈxico;;;;;;;;;x;;;;;;;;;;;;;;;;;;;;;;;;;;,
MEX_hms_government;The Empire of Mexico;Empire du Mexique;Mexikanisches Kaiserreich;;Imperio de MÈxico;;;;;;;;;x;;;;;;;;;;;;;;;;;;;;;;;;;;,
FRA_proletarian_dictatorship;The Commune of France;;;;;;;;;;;;;x,;;;;;;;;;;;;;;;;;;;;;;;;;;
FRA_presidential_dictatorship;The French Republic;;;;;;;;;;;;;x,;;;;;;;;;;;;;;;;;;;;;;;;;;
FRA_bourgeois_dictatorship;The French Republic;;;;;;;;;;;;;x,;;;;;;;;;;;;;;;;;;;;;;;;;;
FRA_fascist_dictatorship;The French State;;;;;;;;;;;;;x,;;;;;;;;;;;;;;;;;;;;;;;;;;
FRA_democracy;The French Republic;;;;;;;;;;;;;x,;;;;;;;;;;;;;;;;;;;;;;;;;;
FRA_absolute_monarchy;The French Empire;;;;;;;;;;;;;x,;;;;;;;;;;;;;;;;;;;;;;;;;;
FRA_prussian_constitutionalism;The French Empire;;;;;;;;;;;;;x,;;;;;;;;;;;;;;;;;;;;;;;;;;
FRA_hms_government;The French Empire;;;;;;;;;;;;;x,;;;;;;;;;;;;;;;;;;;;;;;;;;
FRA_french_bourbon;The Kingdom of France;;;;;;;;;;;;;x,;;;;;;;;;;;;;;;;;;;;;;;;;;
GER_absolute_monarchy;The German Empire;;;;;;;;;;;;;x,;;;;;;;;;;;;;;;;;;;;;;;;;;
GER_prussian_constitutionalism;The German Empire;;;;;;;;;;;;;x,;;;;;;;;;;;;;;;;;;;;;;;;;;
GER_hms_government;The German Empire;;;;;;;;;;;;;x,;;;;;;;;;;;;;;;;;;;;;;;;;;
VIC_proletarian_dictatorship;The Commune of France;;;;;;;;;;;;x,;;;;;;;;;;;;;;;;;;;;;;;;;;;
VIC_presidential_dictatorship;Nationalist France;;;;;;;;;;;;x,;;;;;;;;;;;;;;;;;;;;;;;;;;;
VIC_bourgeois_dictatorship;Nationalist France;;;;;;;;;;;;x,;;;;;;;;;;;;;;;;;;;;;;;;;;;
VIC_fascist_dictatorship;Vichy France;;;;;;;;;;;;x,;;;;;;;;;;;;;;;;;;;;;;;;;;;
VIC_democracy;Nationalist France;;;;;;;;;;;;x,;;;;;;;;;;;;;;;;;;;;;;;;;;;
VIC_absolute_monarchy;The French Empire;;;;;;;;;;;;x,;;;;;;;;;;;;;;;;;;;;;;;;;;;
VIC_prussian_constitutionalism;The French Empire;;;;;;;;;;;;x,;;;;;;;;;;;;;;;;;;;;;;;;;;;
VIC_hms_government;The French Kingdom;;;;;;;;;;;;x,;;;;;;;;;;;;;;;;;;;;;;;;;;;
WSF;Zapadoslavia;;;;;;;;;;;;;x;;;;;;;;;;;;;;;;;;;;;;;;;;,
WSF_ADJ;Zapadoslav;;;;;;;;;;;;;x;;;;;;;;;;;;;;;;;;;;;;;;;;,
CRB;Caribbean Federation;;;;;;;;;;;;;x;;;;;;;;;;;;;;;;;;;;;;;;;;,
CRB_ADJ;Caribbean;;;;;;;;;;;;;x;;;;;;;;;;;;;;;;;;;;;;;;;;,
CRB_absolute_monarchy;Caribbean Federation;;;;;;;;;;;;;x;;;;;;;;;;;;;;;;;;;;;;;;;;,
CRB_prussian_constitutionalism;Caribbean Federation;;;;;;;;;;;;;x;;;;;;;;;;;;;;;;;;;;;;;;;;,
CRB_hms_government;Caribbean Federation;;;;;;;;;;;;;x;;;;;;;;;;;;;;;;;;;;;;;;;;,
CRB_democracy;Caribbean Federation;;;;;;;;;;;;;x;;;;;;;;;;;;;;;;;;;;;;;;;;,
CRB_proletarian_dictatorship;Caribbean People's Republic;;;;;;;;;;;;;x;;;;;;;;;;;;;;;;;;;;;;;;;;,
CRB_fascist_dictatorship;Caribbean Empire;;;;;;;;;;;;;x;;;;;;;;;;;;;;;;;;;;;;;;;;,
SDB;The Sonderbund;;;;;;;;;;;;x;;;;;;;;;;;;;;;;;;;;;;;;;;;,
SDB_ADJ;Sonderbund;;;;;;;;;;;;x;;;;;;;;;;;;;;;;;;;;;;;;;;;,
SDB_democracy;The Sonderbund;;;;;;;;;;;;;x,;;;;;;;;;;;;;;;;;;;;;;;;;;
AOG_proletarian_dictatorship;The Chinese Socialist Republic;;;;;;;;;;;;;;x;;;;;;;;;;;;;;;;;;;;;;;;;,
AOG_presidential_dictatorship;Allgemeine Ostasiatische GmbH;;;;;;;;;;;;;;x,;;;;;;;;;;;;;;;;;;;;;;;;;
AOG_bourgeois_dictatorship;Allgemeine Ostasiatische GmbH;;;;;;;;;;;;;;x,;;;;;;;;;;;;;;;;;;;;;;;;;
AOG_fascist_dictatorship;Reichskommissariat Ostasien;;;;;;;;;;;;;x,;;;;;;;;;;;;;;;;;;;;;;;;;;
AOG_democracy;Allgemeine Ostasiatische GmbH;;;;;;;;;;;;;x,;;;;;;;;;;;;;;;;;;;;;;;;;;
AOG_absolute_monarchy;Allgemeine Ostasiatische GmbH;;;;;;;;;;;;;x,;;;;;;;;;;;;;;;;;;;;;;;;;;
AOG_prussian_constitutionalism;Allgemeine Ostasiatische GmbH;;;;;;;;;;;;;x,;;;;;;;;;;;;;;;;;;;;;;;;;;
AOG_hms_government;Allgemeine Ostasiatische GmbH;;;;;;;;;;;;;x,;;;;;;;;;;;;;;;;;;;;;;;;;;
AOG;Allgemeine Ostasiatische GmbH;;;;;;;;;;;;;x;;;;;;;;;;;;;;;;;;;;;;;;;;,
NIA;Nianjun;;;;;;;;;;;;x;;;;;;;;;;;;;;;;;;;;;;;;;;;,
NIA_absolute_monarchy;Nianjun;;;;;;;;;;;;x;;;;;;;;;;;;;;;;;;;;;;;;;;;,
NIA_ADJ;Nian;;;;;;;;;;;;x;;;;;;;;;;;;;;;;;;;;;;;;;;;,
NIA_conservative;Zhang Lexing Faction;;;;;;;;;;;;x;;;;;;;;;;;;;;;;;;;;;;;;;;;,
IMG;Mengjiang;;;;;;;;;;;;;x;;;;;;;;;;;;;;;;;;;;;;;;;;,
IMG_colonial_company;Nei Menggu;;;;;;;;;;;;;x;;;;;;;;;;;;;;;;;;;;;;;;;;,
IMG_ADJ;Mongolian;;;;;;;;;;;;;x;;;;;;;;;;;;;;;;;;;;;;;;;;,
MIT;Mittelafrika;;;;;;;;;;;;;;x;;;;;;;;;;;;;;;;;;;;;;;;;,
MIT_ADJ;German;;;;;;;;;;;;;;x;;;;;;;;;;;;;;;;;;;;;;;;;,
MIT_colonial_company;Freistaat Mittelafrika;;;;;;;;;;;;;;x;;;;;;;;;;;;;;;;;;;;;;;;;,
MIT_dominion;Freistaat Mittelafrika;;;;;;;;;;;;;;x;;;;;;;;;;;;;;;;;;;;;;;;;,
MIT_republic;The Central African Federation;;;;;;;;;;;;;;x;;;;;;;;;;;;;;;;;;;;;;;;;,
MIT_absolute_monarchy;Freistaat Mittelafrika;;;;;;;;;;;;;;x;;;;;;;;;;;;;;;;;;;;;;;;;,
MIT_prussian_constitutionalism;Freistaat Mittelafrika;;;;;;;;;;;;;;x;;;;;;;;;;;;;;;;;;;;;;;;;,
MIT_hms_government;Freistaat Mittelafrika;;;;;;;;;;;;;;x;;;;;;;;;;;;;;;;;;;;;;;;;,
GUI;Guizhou;;;;;;;;;;;;;x;;;;;;;;;;;;;;;;;;;;;;;;;;,
GUI_ADJ;Guizhou;;;;;;;;;;;;;x;;;;;;;;;;;;;;;;;;;;;;;;;;,
LEG;Tientsin;;;;;;;;;;;;;;x;;;;;;;;;;;;;;;;;;;;;;;;;,
LEG_ADJ;Chinese;;;;;;;;;;;;;;x;;;;;;;;;;;;;;;;;;;;;;;;;,
LEG_colonial_company;The Tientsin Concessions;;;;;;;;;;;;;;x;;;;;;;;;;;;;;;;;;;;;;;;;,
LEG_dominion;The Tientsin Concessions;;;;;;;;;;;;;;x;;;;;;;;;;;;;;;;;;;;;;;;;,
LEG_republic;The Legation Cities;;;;;;;;;;;;;;x;;;;;;;;;;;;;;;;;;;;;;;;;,
LEG_absolute_monarchy;Tianjin;;;;;;;;;;;;;;x;;;;;;;;;;;;;;;;;;;;;;;;;,
LEG_hms_government;The Orient;;;;;;;;;;;;;;x;;;;;;;;;;;;;;;;;;;;;;;;;,
LEG_presidential_dictatorship;The Legation Cities;;;;;;;;;;;;;;x;;;;;;;;;;;;;;;;;;;;;;;;;,
GUI_ADJ;Guizhou;;;;;;;;;;;;;x;;;;;;;;;;;;;;;;;;;;;;;;;;,
ATB;Saxe-Altenburg;;;;;;;;;;;;;x,;;;;;;;;;;;;;;;;;;;;;;;;;;
ATB_ADJ;Saxon;Saxon;Saxon;;;;;;;;;;;x,;;;;;;;;;;;;;;;;;;;;;;;;;;
MNC_ADJ;Monegasc;Monegasc;Monegasc;;;;;;;;;;;x;;;;;;;;;;;;;;;;;;;;;;;;;;,
MNC;Monaco;Monaco;Monaco;;;;;;;;;;;x;;;;;;;;;;;;;;;;;;;;;;;;;;,
MNC_conservative_92;Conservatives;Conservatives;Conservatives;;;;;;;;;;;x;;;;;;;;;;;;;;;;;;;;;;;;;;,
MNC_liberal_79;Liberals;Liberals;Liberals;;;;;;;;;;;x;;;;;;;;;;;;;;;;;;;;;;;;;;,
MNC_liberal_87;National Liberals;National Liberals;National Liberals;;;;;;;;;;;x;;;;;;;;;;;;;;;;;;;;;;;;;;,
MNC_socialist_85;Socialists;Socialists;Socialists;;;;;;;;;;;x;;;;;;;;;;;;;;;;;;;;;;;;;;,
MNC_socialist_99;National Socialists;National Socialists;National Socialists;;;;;;;;;;;x;;;;;;;;;;;;;;;;;;;;;;;;;;,
MNC_reactionary_84;Monarchy Leadership;Monarchy Leadership;Monarchy Leadership;;;;;;;;;;;x;;;;;;;;;;;;;;;;;;;;;;;;;;,
MNC_anarcho_liberal_93;Radical Liberals;Radical Liberals;Radical Liberals;;;;;;;;;;;x;;;;;;;;;;;;;;;;;;;;;;;;;;,
MNC_communist_86;Communists;Communists;Communists;;;;;;;;;;;x;;;;;;;;;;;;;;;;;;;;;;;;;;,
MNC_fascist_72;Fascists;Fascists;Fascists;;;;;;;;;;;x;;;;;;;;;;;;;;;;;;;;;;;;;;,
ADO;Andorra;x;;;;;;;;;;;x;;;;;;;;;;;;;;;;;;;;;;;;;;;,
ADO_ADJ;Andorran;x;;;;;;;;;;;x;;;;;;;;;;;;;;;;;;;;;;;;;;;,
LIE;Liechtenstein;x;;;;;;;;;;;x;;;;;;;;;;;;;;;;;;;;;;;;;;;,
LIE_ADJ;Liechtensteinen;x;;;;;;;;;;;x;;;;;;;;;;;;;;;;;;;;;;;;;;;,
SCL;Schaumburg-Lippe;;;;;;;;;;;;;x,;;;;;;;;;;;;;;;;;;;;;;;;;;
SCL_ADJ;Schaumburgen;;;;;;;;;;;;;x,;;;;;;;;;;;;;;;;;;;;;;;;;;
REU;Reuss;;;;;;;;;;;;;x,;;;;;;;;;;;;;;;;;;;;;;;;;;
REU_ADJ;Reussian;;;;;;;;;;;;;x,;;;;;;;;;;;;;;;;;;;;;;;;;;
SWG;Schwarzburg;;;;;;;;;;;;;x,;;;;;;;;;;;;;;;;;;;;;;;;;;
SWG_ADJ;Schwarzburgen;;;;;;;;;;;;;x,;;;;;;;;;;;;;;;;;;;;;;;;;;
WLD;Waldeck-Pyrmont;;;;;;;;;;;;;x,;;;;;;;;;;;;;;;;;;;;;;;;;;
WLD_ADJ;Waldeck;;;;;;;;;;;;;x,;;;;;;;;;;;;;;;;;;;;;;;;;;
RUM;DÓv‚n-i Rumili;;;;;;;;;;;;;x;;;;;;;;;;;;;;;;;;;;;;;;;;,
RUM_ADJ;Rumeli;;;;;;;;;;;;;x;;;;;;;;;;;;;;;;;;;;;;;;;;,
SAM;Samos;;;;;;;;;;;;;x;;;;;;;;;;;;;;;;;;;;;;;;;;,
SAM_ADJ;Greek;;;;;;;;;;;;;x;;;;;;;;;;;;;;;;;;;;;;;;;;,
URP;The United Principalities;;;;;;;;;;;;;x;;;;;;;;;;;;;;;;;;;;;;;;;;,
URP_ADJ;Romanian;;;;;;;;;;;;;x;;;;;;;;;;;;;;;;;;;;;;;;;;,
GCF;Germany;;;;;;;;;;;;;x,;;;;;;;;;;;;;;;;;;;;;;;;;;
GCF_ADJ;German;;;;;;;;;;;;;x,;;;;;;;;;;;;;;;;;;;;;;;;;;
GCF_fascist_dictatorship;The German Reich;;;;;;;;;;;;;x,;;;;;;;;;;;;;;;;;;;;;;;;;;
GCF_absolute_monarchy;The German Confederation;;;;;;;;;;;;;x,;;;;;;;;;;;;;;;;;;;;;;;;;;
GCF_prussian_constitutionalism;The German Confederation;;;;;;;;;;;;;x,;;;;;;;;;;;;;;;;;;;;;;;;;;
GCF_hms_government;The German Confederation;;;;;;;;;;;;;x,;;;;;;;;;;;;;;;;;;;;;;;;;;
USA_absolute_monarchy;Kingdom of America;Royaume d'AmÈrique;Kingdom of America;;Reino de AmÈrica;;;;;;;;;x
USA_absolute_monarchy_ADJ;American;AmÈricain;Amerikanisch;;americana;;;;;;;;;x
USA_hms_government;Kingdom of America;Royaume d'AmÈrique;Kingdom of America;;Reino de AmÈrica;;;;;;;;;x
USA_hms_government_ADJ;American;AmÈricain;Amerikanisch;;americana;;;;;;;;;x
USA_proletarian_dictatorship;American People's Republic;RÈpublique populaire d'AmÈrique;American People's Republic;;Rep˙blica del Pueblo Americano;;;;;;;;;x
USA_proletarian_dictatorship_ADJ;American;AmÈricain;Amerikanisch;;americana;;;;;;;;;x
ENG_proletarian_dictatorship;The Worker's Commonwealth;Commonwealth des ouvriers;The Worker's Commonwealth;;La Commonwealth de los Trabajadores;;;;;;;;;x
ENG_proletarian_dictatorship_ADJ;British;Britannique;Britisch;;de Gran BretaÒa;;;;;;;;;x
BOH_democracy;Czech Republic;RÈpublique tchËque;Tschechische Republik;;Rep˙blica Checa;;;;;;;;;x
BOH_democracy_ADJ;Czech;TchËque;Tschechisch;;checa;;;;;;;;;x
TUR_democracy;Turkey;Turquie;T¸rkei;;TurquÌa;;;;;;;;;x
TUR_democracy_ADJ;Turkish;Turc;T¸rkisch;;turca;;;;;;;;;x
KUK_democracy;The Danubian Confederation;ConfÈdÈration du Danube;Die Donau-Konfˆderation;;La ConfederaciÛn del Danubio;;;;;;;;;x
KUK_democracy_ADJ;Danubian;Danubien;Donau-;;danubiana;;;;;;;;;x
BAV_proletarian_dictatorship;Bavarian R‰terepublik;R‰terepublik bavaroise;Bayerische R‰terepublik;;Rep˙blica Autogestionada de Baviera;;;;;;;;;x
RUS_proletarian_dictatorship;Soviet Union;Union SoviÈtique;Sowjetunion;;UniÛn SoviÈtica;;;;;;;;;x
RUS_proletarian_dictatorship_ADJ;Soviet;SoviÈtique;Sowjetisch;;soviÈtica;;;;;;;;;x
CZH;Czechoslovakia;TchÈcoslovaquie;Tschechoslowakei;;Checoslovaquia;;;;;;;;;x
CZH_ADJ;Czechoslovakian;TchÈcoslovaquien;Tschechoslowakisch;;checoslovaca;;;;;;;;;x
CZH_fascist;CNSP;CNSP;CNSP;;CNSP;;;;;;;;;x
CZH_socialist;CSSD;CSSD;CSSD;;CSSD;;;;;;;;;x
CZH_conservative;CSL;CSL;CSL;;CSL;;;;;;;;;x
CZH_liberal;RSZML;RSZML;RSZML;;RSZML;;;;;;;;;x
CZH_communist;KSC;KSC;KSC;;KSC;;;;;;;;;x
CZH_reactionary;CsND;CsND;CsND;;CsND;;;;;;;;;x
CZH_anarcho_liberal;Ceska strana libertarianismus;Ceska strana libertarianismus;Ceska Strana Libertarianismus;;Ceska strana libertarianismus;;;;;;;;;x
YUG;Yugoslavia;Yougoslavie;Jugoslawien;;Yugoslavia;;;;;;;;;x
YUG_ADJ;Yugoslavian;Yougoslavien;Jugoslawisch;;yugoslava;;;;;;;;;x
YUG_fascist;National Front;Front national;Nationale Front;;Frente Nacional;;;;;;;;;x
YUG_socialist;Social Democratic Party;Parti social dÈmocratique;Sozialdemokratische Partei;;Partido Democr·tico Social;;;;;;;;;x
YUG_conservative;Conservative Party;Parti conservateur;Konservative Partei;;Partido Conservador;;;;;;;;;x
YUG_liberal;People's Party;Parti populaire;Volkspartei;;Partido del Pueblo;;;;;;;;;x
YUG_communist;Communist Party;Parti communiste ;Kommunistische Partei;;Partido Comunista;;;;;;;;;x
YUG_reactionary;Monarchist Party;Parti monarchiste;Monarchistische Partei;;Partido Mon·rquico;;;;;;;;;x
YUG_anarcho_liberal;Freedom Party;Parti de la libertÈ;Freiheitspartei;;Partido Libertario;;;;;;;;;x
AZB;Azerbaijan;AzerbaÔdjan;Aserbaidschan;;Azerbaiy·n;;;;;;;;;x
AZB_ADJ;Azerbaijani;AzerbaÔdjanais;Aserbaidschanisch;;azerÌ;;;;;;;;;x
AZB_fascist;National Front;Front national;Nationale Front;;Frente Nacional;;;;;;;;;x
AZB_socialist;Muslim Social Democratic Party;Parti social-dÈmocrate musulman;Muslimische sozialdemokratische Partei;;Partido Democr·tico Social Musulm·n;;;;;;;;;x
AZB_conservative;Ittihad;Ittihad;Ittihad;;Ittihad;;;;;;;;;x
AZB_liberal;Musavat;Musavat;Musavat;;Musavat;;;;;;;;;x
AZB_communist;Bolshevik Party;Parti bolchevique;Bolschewistische Partei ;;Partido Bolchevique;;;;;;;;;x
AZB_reactionary;Nationalist Party;Parti nationaliste;Nationalistische Partei;;Partido Nacionalista;;;;;;;;;x
AZB_anarcho_liberal;Freedom Party;Parti de la libertÈ;Freiheitspartei;;Partido Libertario;;;;;;;;;x
IRQ;Iraq;Iraq;Irak;;Irak;;;;;;;;;x
IRQ_ADJ;Iraqi;Iraquien;Irakisch;;iraquÌ;;;;;;;;;x
IRQ_reactionary;Hashemite Faction;Faction hachÈmite;Hashemitische Fraktion;;FacciÛn Hachemita;;;;;;;;;x
IRQ_socialist;Baath Party;Parti Baas;Baath-Partei;;Partido ¡rabe Socialista Baath;;;;;;;;;x
IRQ_communist;Communist Party;Parti communiste ;Kommunistische Partei;;Partido Comunista;;;;;;;;;x
IRQ_liberal;Liberal Party;Parti libÈral;Liberale Partei;;Partido Liberal;;;;;;;;;x
IRQ_anarcho_liberal;Freedom Party;Parti de la libertÈ;Freiheitspartei;;Partido Libertario;;;;;;;;;x
IRQ_conservative;Conservative Party;Parti conservateur;Konservative Partei;;Partido Conservador;;;;;;;;;x
IRQ_fascist;Unity Party;Parti unitaire;Einheitspartei;;Partido de la Unidad;;;;;;;;;x
MGL_reactionary;Lama Faction;Faction Lama;Lama-Fraktion;;FacciÛn Lama;;;;;;;;;x
MGL_socialist;Socialist Party;Parti socialiste;Sozialistische Partei;;Partido Socialista;;;;;;;;;x
MGL_communist;Communist Party;Parti communiste ;Kommunistische Partei;;Partido Comunista;;;;;;;;;x
MGL_liberal;Liberal Party;Parti libÈral;Liberale Partei;;Partido Liberal;;;;;;;;;x
MGL_anarcho_liberal;Freedom Party;Parti de la libertÈ;Freiheitspartei;;Partido Libertario;;;;;;;;;x
MGL_conservative;Conservative Party;Parti conservateur;Konservative Partei;;Partido Conservador;;;;;;;;;x
MGL_fascist;Unity Party;Parti unitaire;Einheitspartei;;Partido de la Unidad;;;;;;;;;x
PHI;Philippines;Philippines;Philippinen;;Filipinas;;;;;;;;;x
PHI_ADJ;Philippine;Philippine;Philippinisch;;filipina;;;;;;;;;x
PHI_reactionary;Partido Tradicionalista;Partido Tradicionalista;Partido Tradicionalista;;Partido Tradicionalista;;;;;;;;;x
PHI_socialist;Partido Demokratiko;Partido Demokratiko;Partido Demokratiko;;Partido Democr·tico;;;;;;;;;x
PHI_communist;Partido Komunista;Partido Komunista;Partido Komunista;;Partido Comunista;;;;;;;;;x
PHI_liberal;Partido Liberal;Partido Liberal;Partido Liberal;;Partido Liberal;;;;;;;;;x
PHI_anarcho_liberal;Partido Libertad;Partido Libertad;Partido Libertad;;Partido Libertad;;;;;;;;;x
PHI_conservative;Partido Nacionalista;Partido Nacionalista;Partido Nacionalista;;Partido Nacionalista;;;;;;;;;x
PHI_fascist;Partido Fascista;Partido Fascista;Partido Fascista;;Partido Fascista;;;;;;;;;x
YNN;Yunnan Clique;Clique de Yunnan;Yunnan-Clique;;Camarilla Yunnan;;;;;;;;;x
YNN_ADJ;Yunnan;Yunnan;Yunnan;;yunnana;;;;;;;;;x
YNN_reactionary;Cai E's Faction;Faction Cai E's;Cai Es Fraktion;;FacciÛn Cai E's;;;;;;;;;x
YNN_socialist;Socialist Party;Parti socialiste;Sozialistische Partei;;Partido Socialista;;;;;;;;;x
YNN_communist;Chinese Communist Party;Parti communiste chinois;Kommunistische Partei China;;Partido Comunista Chino;;;;;;;;;x
YNN_liberal;Liberal Party;Parti libÈral;Liberale Partei;;Partido Liberal;;;;;;;;;x
YNN_conservative;Kuomintang Faction;Faction Kuomintang;Guomintang-Fraktion;;FacciÛn Kuomintang;;;;;;;;;x
YNN_fascist;Fascist Party;Parti fasciste;Faschistische Partei;;Partido Fascista;;;;;;;;;x
YNN_anarcho_liberal;Freedom Party;Parti de la libertÈ;Freiheitspartei;;Partido Libertario;;;;;;;;;x
GXI;Guangxi Clique;Clique de Guangxi;Guangxi-Clique;;Camarilla Guangxi;;;;;;;;;x
GXI_ADJ;Guangxi;Kwangsi;Guangxi;;Guangxi;;;;;;;;;x
GXI_reactionary;Rongting Faction;Faction Rongting;Rongting-Fraktion;;FacciÛn Rongting;;;;;;;;;x
GXI_socialist;Socialist Party;Parti socialiste;Sozialistische Partei;;Partido Socialista;;;;;;;;;x
GXI_communist;Chinese Communist Party;Parti communiste chinois;Kommunistische Partei China;;Partido Comunista Chino;;;;;;;;;x
GXI_liberal;Liberal Party;Parti libÈral;Liberale Partei;;Partido Liberal;;;;;;;;;x
GXI_conservative;Kuomintang Faction;Faction Kuomintang;Guomintang-Fraktion;;FacciÛn Kuomintang;;;;;;;;;x
GXI_fascist;Fascist Party;Parti fasciste;Faschistische Partei;;Partido Fascista;;;;;;;;;x
GXI_anarcho_liberal;Freedom Party;Parti de la libertÈ;Freiheitspartei;;Partido Libertario;;;;;;;;;x
CHI_1576;Shanxi;Shanxi;Shanxi;;Shanxi;;;;;;;;;x
SXI;Shanxi Clique;Clique de Shanxi;Shanxi-Clique;;Camarilla Shanxi;;;;;;;;;x
SXI_ADJ;Shanxi;Shanxi;Shanxi;;Shanxi;;;;;;;;;x
SXI_reactionary;Hsi-Shan Faction;Faction de Hsi-Shan;Xi-Shan-Fraktion;;FacciÛn Hsi-Shan;;;;;;;;;x
SXI_socialist;Socialist Party;Parti socialiste;Sozialistische Partei;;Partido Socialista;;;;;;;;;x
SXI_communist;Chinese Communist Party;Parti communiste chinois;Kommunistische Partei China;;Partido Comunista Chino;;;;;;;;;x
SXI_liberal;Liberal Party;Parti libÈral;Liberale Partei;;Partido Liberal;;;;;;;;;x
SXI_conservative;Kuomintang Faction;Faction Kuomintang;Guomintang-Fraktion;;FacciÛn Kuomintang;;;;;;;;;x
SXI_fascist;Fascist Party;Parti fasciste;Faschistische Partei;;Partido Fascista;;;;;;;;;x
SXI_anarcho_liberal;Freedom Party;Parti de la libertÈ;Freiheitspartei;;Partido Libertario;;;;;;;;;x
XBI;Xibei San Ma;Xibei San Ma;Xibei San Ma;;Xibei San Ma;;;;;;;;;x
XBI_ADJ;Ma;Ma;Ma;;Ma;;;;;;;;;x
XBI_reactionary;Ma Family;Famille Ma;Ma-Familie;;Familia Ma;;;;;;;;;x
XBI_socialist;Socialist Party;Parti socialiste;Sozialistische Partei;;Partido Socialista;;;;;;;;;x
XBI_communist;Chinese Communist Party;Parti communiste chinois;Kommunistische Partei China;;Partido Comunista Chino;;;;;;;;;x
XBI_liberal;Liberal Party;Parti libÈral;Liberale Partei;;Partido Liberal;;;;;;;;;x
XBI_conservative;Kuomintang Faction;Faction Kuomintang;Guomintang-Fraktion;;FacciÛn Kuomintang;;;;;;;;;x
XBI_fascist;Fascist Party;Parti fasciste;Faschistische Partei;;Partido Fascista;;;;;;;;;x
XBI_anarcho_liberal;Freedom Party;Parti de la libertÈ;Freiheitspartei;;Partido Libertario;;;;;;;;;x
XIN;Xinjiang Clique;Clique de Xinjiang;Xinjiang-Clique;;Camarilla Xinjiang;;;;;;;;;x
XIN_ADJ;Xinjiang;Xinjiang;Xinjiang;;Xinjiang;;;;;;;;;x
XIN_reactionary;Zenxin Faction;Faction de Zenxin;Zenxin-Fraktion;;FacciÛn Zenxin;;;;;;;;;x
XIN_socialist;Socialist Party;Parti socialiste;Sozialistische Partei;;Partido Socialista;;;;;;;;;x
XIN_communist;Chinese Communist Party;Parti communiste chinois;Kommunistische Partei China;;Partido Comunista Chino;;;;;;;;;x
XIN_liberal;Liberal Party;Parti libÈral;Liberale Partei;;Partido Liberal;;;;;;;;;x
XIN_conservative;Kuomintang Faction;Faction Kuomintang;Guomintang-Fraktion;;FacciÛn Kuomintang;;;;;;;;;x
XIN_fascist;Fascist Party;Parti fasciste;Faschistische Partei;;Partido Fascista;;;;;;;;;x
XIN_anarcho_liberal;Freedom Party;Parti de la libertÈ;Freiheitspartei;;Partido Libertario;;;;;;;;;x
AIN;Ainu;x,,
AIN_ADJ;Ainu;x,,
AIN_absolute_monarchy;Ainu Mosir;x,,
AIN_conservative;Conservatist Faction;x,,
AIN_liberal;Reformist Faction;x,,
AIN_socialist;Progressive Faction;x,,
AIN_communist;Communist Faction;x,,
AIN_reactionary;Nationalist Faction;x,,
AIN_anarcho_liberal;Radical Faction;x,,
AIN_fascist;Fascist faction;x,,
MIN;The Great Ming;x,,
MIN_ADJ;Ming;x,,
SHU;The Great Shun;x,,
SHU_ADJ;Shun;x,,
SBL;Seobli;x,,
SBL_ADJ;Seobli;x,,
NKG;Nankaigan;x,,
NKG_ADJ;Nankaiganese;x,,
NCH;Nichinan;x,,
NCH_ADJ;Nichinan;x,,
JAN;Jan Mayen;x,,
JAN_ADJ;Jan Mayen;x,,
JAN_reactionary;Strid Partiet;x,,
JAN_liberal;Venstre;x,,
JAN_conservative;H¯yre;x,,
JAN_socialist;Arbeiderparti;x,,
JAN_anarcho_liberal;Radicals;x,,
JAN_communist;Communists;x,,
JAN_fascist;Nasjonal Samling;x,,
GSH;Goushu;x,,
GSH_ADJ;Goushu;x,,
HOJ;Hoju;x,,
HOJ_ADJ;Hoju;x,,
AMA;Aoman;x,,
AMA_ADJ;Aomannese;x,,
EIC;The East India Company;;;;;;;;;;;;x
EIC_absolute_monarchy;The Empire of the East Indies;;;;;;;;;;;;x
EIC_prussian_constitutionalism;The Empire of the East Indies;;;;;;;;;;;;x
EIC_hms_government;The Empire of the East Indies;;;;;;;;;;;;x
EIC_absolute_monarchy_ADJ;Imperial;;;;;;;;;;;;x
EIC_prussian_constitutionalism_ADJ;Imperial;;;;;;;;;;;;x
EIC_hms_government_ADJ;Imperial;;;;;;;;;;;;x
EIC_ADJ;Company;;;;;;;;;;;;x
EIC_reactionary;Court of Directors;;;;;;;;;;;;x
EIC_reactionary;Company Court of Directors;;;;;;;;;;;;x
EIC_independent_conservative;Imperial Conservative Party;;;;;;;;;;;;x
EIC_independent_liberal;Responsible Rule Party;;;;;;;;;;;;x
EIC_independent_anarcho_liberal;National Alliance Party;;;;;;;;;;;;x
EIC_independent_reactionary;Imperial Governance League;;;;;;;;;;;;x
EIC_independent_socialist;Indian National Congress;CongrËs national indien;Indischer Nationalkongress;;Congreso Nacional Indio;;;;;;;;;x;;
EIC_independent_communist;Indian Socialist Patriotic Front;;;;;;;;;;;;x
EIC_independent_fascist;United Imperial Alliance;;;;;;;;;;;;x
UTI;Territory Exchange;;;;;;;;;;;;x